bridge,tx_hash,true_label,fold_1,fold_1_score,fold_2,fold_2_score,fold_3,fold_3_score,fold_4,fold_4_score,fold_5,fold_5_score
nomad,0xf19c95622b7f6c4c00ebba8cd9928e7a882c41507026955e86084a362532218c,0,0,0.036869682371616364,0,0.05846637114882469,0,0.038959428668022156,0,0.08784793317317963,0,0.027619490399956703
nomad,0x793062a4d1e7378d7e361f4ee3fe7c48173816547b00bea70e77354840599343,0,0,0.036630935966968536,0,0.0582098588347435,0,0.03936167061328888,0,0.08939271420240402,0,0.028225408867001534
nomad,0xd39f5c81cdb79670a169f970f2075663aeadf20a0223d7bc2534a6809ed5cc78,0,0,0.02412574551999569,0,0.2667647898197174,0,0.05489305779337883,0,0.26646023988723755,0,0.07793474942445755
nomad,0xa0798526dd05a8a41d9a99c02b0c8696c34ec5328b34039dba86988e05759e22,0,0,0.06456991285085678,0,0.3264135420322418,0,0.10677420347929001,0,0.26861706376075745,0,0.08472806960344315
nomad,0xe81c0f4838ca7182066a0aee56c92001d6f4dc14c69691e5089e0403fa4db5b8,0,0,0.02530306577682495,0,0.27197492122650146,0,0.05531303584575653,0,0.2656984329223633,0,0.07544480264186859
nomad,0xd5c0f3286886eaea6fb905e458a43eeb98ae673e78b051126cfe67217295c0f5,0,0,0.024536985903978348,0,0.2673424482345581,0,0.05475883558392525,0,0.26681312918663025,0,0.0777343213558197
nomad,0x4580eed6508c1f24d1942159465c362c9e737c7791e69e60e75f0f933f72ead5,0,0,0.024536985903978348,0,0.2673424482345581,0,0.05475883558392525,0,0.26681312918663025,0,0.0777343213558197
nomad,0xe4bd62fbb600d5c7f83fe056d79ce8ac8c5ded121757b0a537c70c1573cb46a4,0,0,0.024536985903978348,0,0.2673424482345581,0,0.05475883558392525,0,0.26681312918663025,0,0.0777343213558197
nomad,0x67dcabb4cc4ce04f58a974ab32b6c12fa827555fd1ee67d222ca5773c4a803b3,0,0,0.025304686278104782,0,0.2719588279724121,0,0.055312324315309525,0,0.26573842763900757,0,0.07544992864131927
nomad,0x3810c42479c4d5fe8164436e2b5d1e5b7836c6f183e29e18e6381433a1a1fde9,0,0,0.025298330932855606,0,0.2720210552215576,0,0.05531519651412964,0,0.2655837833881378,0,0.07543003559112549
nomad,0xaba2e024dc6337766f3b5d823ed2b956a1c8cb4a1164fc404c56a71162139c3c,0,0,0.03662719577550888,0,0.058220166712999344,0,0.03936401754617691,0,0.0894099622964859,0,0.028216740116477013
nomad,0x396148325dfbb736db390807a383a3f72f0e07d0636f16253372f811d2da19c7,0,0,0.06456492841243744,0,0.3264477849006653,0,0.10676109790802002,0,0.2686120271682739,0,0.08472958207130432
nomad,0x546c3b04a0095b7cde6770413d41cdb256194bb8a81dbbbf07634cf57a12fb3d,0,0,0.025305384770035744,0,0.2719515264034271,0,0.05531200021505356,0,0.26575595140457153,0,0.07545220851898193
nomad,0x2b6f609bcaa567fa108f79c6f32f22750c37334895203013c253997e5ae6c0b7,0,0,0.024534910917282104,0,0.26735225319862366,0,0.054759930819272995,0,0.2667842209339142,0,0.07773096114397049
nomad,0x67e4e3787f6b5b7bc754f48504e413bd60a4a66cd5a50b1c0262f47e9e9dfb8c,0,0,0.024533936753869057,0,0.2673565447330475,0,0.05476043000817299,0,0.26677098870277405,0,0.07772934436798096
nomad,0xa6f696f7b4116f3c318e298d416e8a2b9d2d9ae3bac67b1f408c1d7a826bba5b,0,0,0.02530374936759472,0,0.27196821570396423,0,0.055312756448984146,0,0.26571589708328247,0,0.0754469558596611
nomad,0xaec8026bf25e56e9b6fcdfbcaa5e74cfb575413035cc88317055841da981fabf,0,0,0.02453663945198059,0,0.2673441767692566,0,0.05475904047489166,0,0.2668083608150482,0,0.0777340829372406
nomad,0x8a06aee1be47af057a02c3095d157b7daf0e6d7bffa2b74f1eb653730441b65c,0,0,0.06902089715003967,0,0.049272507429122925,0,0.041673436760902405,0,0.10323171317577362,0,0.023742685094475746
nomad,0x18a6b4f5eaac97fcba88ec40ad8a937f4a607bb05c291c3e57f4fa1833c3b9ea,0,0,0.024531906470656395,0,0.2673659026622772,0,0.054761480540037155,0,0.26674196124076843,0,0.07772575318813324
nomad,0x32bfb8fe72567326f2f926467b58b1e5c47b5d856b5a35722dfafb9507cc6eda,0,0,0.02530374936759472,0,0.27196821570396423,0,0.055312756448984146,0,0.26571589708328247,0,0.0754469558596611
nomad,0xac7cadc8d2b3967a4866f6a8c5f7903a8634c9fdfd0a5edc14eb9a9201635097,0,0,0.06457053869962692,0,0.3264092803001404,0,0.1067759096622467,0,0.26861777901649475,0,0.08472789078950882
nomad,0x6099cae325bdaee712802e80d7273b65728c390dc0f90ba82dd42d9e882c973a,0,0,0.024531906470656395,0,0.2673659026622772,0,0.054761480540037155,0,0.26674196124076843,0,0.07772575318813324
nomad,0x1f4d28627da94a4569fc2294c1e4cbda1e8f34fb3e97db2a833534b0d6731d5f,0,0,0.024145064875483513,0,0.26668745279312134,0,0.054882559925317764,0,0.26676398515701294,0,0.07796473056077957
nomad,0xd4f22dc5978df9dcac20a268bae473a44fa450a4e27bbdf7e5cfa99720fa3418,0,0,0.06457007676362991,0,0.326412558555603,0,0.10677467286586761,0,0.26861727237701416,0,0.08472806215286255
nomad,0x8d53e6ccdacac4dda2665053116b0cbd53fc2b13c37f672b17c8b0ce10e74623,0,0,0.024532675743103027,0,0.2673623561859131,0,0.05476110428571701,0,0.2667527496814728,0,0.07772719860076904
nomad,0x459f8c6643f0d2f8f8d3ace3a160e9c901423713e002e6d216f2b98e1d2fccf0,0,0,0.06457007676362991,0,0.326412558555603,0,0.10677467286586761,0,0.26861727237701416,0,0.08472806215286255
nomad,0x8ae98b16cccbea9dfcdf55b0ea907c346e67e89f9fc40a0a9041d64379ffd9ed,0,0,0.024532675743103027,0,0.2673623561859131,0,0.05476110428571701,0,0.2667527496814728,0,0.07772719860076904
nomad,0x9940b9d013b2d45a4e07534bb6fc12705919f744158d87a5de65613423f51325,0,0,0.025307755917310715,0,0.2719285786151886,0,0.0553109385073185,0,0.2658132016658783,0,0.07545959204435349
nomad,0x2118851b8851f54a5a24364bb5fd4b4f00324c0154ccd43be2171cfa90d9ecd2,0,0,0.024532675743103027,0,0.2673623561859131,0,0.05476110428571701,0,0.2667527496814728,0,0.07772719860076904
nomad,0xfad1163f38aa3262abe0953f8399f3fac13cf156b0fc8cdb3f86a148c3329774,0,0,0.024532675743103027,0,0.2673623561859131,0,0.05476110428571701,0,0.2667527496814728,0,0.07772719860076904
nomad,0x621312c3ba84d1021029ee3cd5d274901fa070d0fa8bf0c80d0950fca244fa5b,0,0,0.024532675743103027,0,0.2673623561859131,0,0.05476110428571701,0,0.2667527496814728,0,0.07772719860076904
nomad,0x001dbdef19f6538b675b97576ac64f196fcba9b1d5cea61297b47cfebd709543,0,0,0.03687036782503128,0,0.058463215827941895,0,0.0389585942029953,0,0.08784274011850357,0,0.027621541172266006
nomad,0x189b69a44a7653d349dc162585a5ca985fb6d25b0c82a6f0172fc2adfb4e37ac,0,0,0.024532675743103027,0,0.2673623561859131,0,0.05476110428571701,0,0.2667527496814728,0,0.07772719860076904
nomad,0x4c48977e6bbfbb5ff5cecb8a6822c102981274eba81be202fb1d37752de28ee6,0,0,0.06457462906837463,0,0.33287903666496277,0,0.10564512014389038,0,0.2726491689682007,0,0.08345532417297363
nomad,0xea19599a5013702f7113b7aa005293ede1e9440056cafff0f4d6b7be3b6c36af,0,0,0.024128658697009087,0,0.2667536735534668,0,0.05489150434732437,0,0.26650649309158325,0,0.07793927937746048
nomad,0xdb2b8eb6ff900f964934644f07dc9607d5c1dcb9baa2412c25b0b4b9ee82949e,0,0,0.03692008554935455,0,0.058455150574445724,0,0.03935972973704338,0,0.08949588984251022,0,0.027775026857852936
nomad,0xc414af13abfa58854004be1dbca468ecac86201f0bea894d88d2c62f82d152dc,0,0,0.06457186490297318,0,0.32640019059181213,0,0.10677935928106308,0,0.2686190903186798,0,0.08472751826047897
nomad,0x5cde905e149069a031e84d52e8bab322e6073c7f4cbc72e0bcf01c95e656d8a7,0,0,0.024533936753869057,0,0.2673565447330475,0,0.05476043000817299,0,0.26677098870277405,0,0.07772934436798096
nomad,0xc7ccca220ac9a6b99c63c1cee89201466e50b69af56e6bc44e43b132de40e9e6,0,0,0.0368683822453022,0,0.058472201228141785,0,0.038960978388786316,0,0.08785761147737503,0,0.027615608647465706
nomad,0xac06a800aee24f388e21c787b3d41a59408d6d7172383cc978affffd36351f35,0,0,0.06457079946994781,0,0.32640713453292847,0,0.10677666962146759,0,0.2686179280281067,0,0.08472780883312225
nomad,0x81dcee06759c3dfe8215fac9de8edb0fdc73f617719d474d491348fe9d545048,0,0,0.02529952861368656,0,0.27200955152511597,0,0.05531466007232666,0,0.26561325788497925,0,0.07543368637561798
nomad,0x6dd6bd13be4b279a8d48fe06b76cc35fa1f7f30b13e1f49e47540e9231e0c26a,0,0,0.03686828166246414,0,0.05847267061471939,0,0.03896108642220497,0,0.08785831928253174,0,0.027615277096629143
nomad,0xed48e95402f83ff851a1dc06c2473e794dd8186a81f0903d740c440b4296cbd2,0,0,0.024532675743103027,0,0.2673623561859131,0,0.05476110428571701,0,0.2667527496814728,0,0.07772719860076904
nomad,0xf0728ba1e8d30ffcc81ab504c9942aa229488c9a7f7ee735b2d2d40ead259216,0,0,0.024541296064853668,0,0.2673235535621643,0,0.05475660786032677,0,0.2668737769126892,0,0.07774179428815842
nomad,0xa257014da6616108836faaf44fb8b6bc79aa5977f174847b3b606a5965728a8b,0,0,0.025305384770035744,0,0.2719515264034271,0,0.05531200021505356,0,0.26575595140457153,0,0.07545220851898193
nomad,0xb7ccf367f97682b1b9d07f690f4274ae20fc93cfa91fb43239075c529dae9c75,0,0,0.03662867099046707,0,0.05821612849831581,0,0.039363086223602295,0,0.08940325677394867,0,0.028220171108841896
nomad,0x0654bb64dfd7141f26850fe3a259f759fc83abe3f8c0c099eccba990e7051dfd,0,0,0.024532675743103027,0,0.2673623561859131,0,0.05476110428571701,0,0.2667527496814728,0,0.07772719860076904
nomad,0xcf7d20b0f467e22e93a350f496582f1999d9ca3fccf85afaa67ea76641c3ec20,0,0,0.03686824440956116,0,0.058472953736782074,0,0.03896116465330124,0,0.08785884082317352,0,0.027615085244178772
nomad,0x2b4ec03817a0b7757af0d12ac0cf9e598462b6ef73013d5a3f455fd676ede247,0,0,0.0249500535428524,0,0.2706979215145111,0,0.055407315492630005,0,0.26599669456481934,0,0.07611200213432312
nomad,0x2a64c9896d023f7e717c3a85b752f6852f25571e2b6d776aac588a387f8f1bd2,0,0,0.024532675743103027,0,0.2673623561859131,0,0.05476110428571701,0,0.2667527496814728,0,0.07772719860076904
nomad,0x499d0e257f79f81a318ca04558fa79c7fae83b403a0eb522faad6cee346dafc6,0,0,0.02411932498216629,0,0.2667902410030365,0,0.05489656329154968,0,0.2663576304912567,0,0.07792480289936066
nomad,0xc36b166c942fb7966fab06192bfa00a2758728b927b5856727f268ceae2d100b,0,0,0.03662605583667755,0,0.058223363012075424,0,0.039364755153656006,0,0.08941531181335449,0,0.028214072808623314
nomad,0x79b68095a17bb105549fa8b9f8b4e5eae88e135ec3ced0283b56f37c6253a55d,0,0,0.02531011775135994,0,0.2719050645828247,0,0.05530990660190582,0,0.2658706605434418,0,0.07546693086624146
nomad,0x8cc0b2c1ef363865bbfeb3842dddf41841693a7798f91a73901a854596cf19e7,0,0,0.03686878830194473,0,0.05847056210041046,0,0.0389605350792408,0,0.08785490691661835,0,0.02761673741042614
nomad,0x80b5d3f8d734f29e966e8061a087848e8743b7fd069a4179a14238a089e9cd82,0,0,0.025299547240138054,0,0.2720089256763458,0,0.05531465262174606,0,0.2656137943267822,0,0.07543375343084335
nomad,0x0d63f2999b60aa618173ebec58f5310c4ff02bee7db134661003073998b8857c,0,0,0.025299547240138054,0,0.2720089256763458,0,0.05531465262174606,0,0.2656137943267822,0,0.07543375343084335
nomad,0x27355f4dbcdc3d25abf751f47ed06c998ad826bfb3f58a38243d9d81fa58e40f,0,0,0.036874789744615555,0,0.05844351649284363,0,0.03895335644483566,0,0.08780989050865173,0,0.02763446792960167
nomad,0x7f0a393a5f9c8baa440d5b74c3906cf65905e23906dcd300de5511f776b633ee,0,0,0.024537378922104836,0,0.2673409879207611,0,0.054758623242378235,0,0.26681917905807495,0,0.07773536443710327
nomad,0x18935c37bb8eac7946a28dc739fdd96acb2b93c1fd2cdb70a240598b32ef503b,0,0,0.036868490278720856,0,0.05847180634737015,0,0.038960859179496765,0,0.08785691112279892,0,0.027615880593657494
nomad,0xeb5f57b03d01f67f027a6da4e3af8e4743023504c7b2c300a3f56528e079cd83,0,0,0.024537378922104836,0,0.2673409879207611,0,0.054758623242378235,0,0.26681917905807495,0,0.07773536443710327
nomad,0x9e664e4fa9a528a6f872fbd5b7d5a958deb5ab30245c92a95f40e73fd9426941,0,0,0.024537378922104836,0,0.2673409879207611,0,0.054758623242378235,0,0.26681917905807495,0,0.07773536443710327
nomad,0x199e6eca791e6e56d1133ce2a4fe4c06f86326fb1d7cd8d00ec4c0e468a86ebd,0,0,0.0645751878619194,0,0.33287110924720764,0,0.10564711689949036,0,0.2726447582244873,0,0.08345459401607513
nomad,0x15ffe69c3578121e8f81bd536e69b08cc7dcc0a9fd62ea49a0c69b3e4cafd221,0,0,0.024537378922104836,0,0.2673409879207611,0,0.054758623242378235,0,0.26681917905807495,0,0.07773536443710327
nomad,0x2aa54e2e69b81df0b9c6b44c9925cc8a87a9d080df751f6590a4c166c5886d1d,0,0,0.03686916083097458,0,0.05846879631280899,0,0.038960061967372894,0,0.08785200119018555,0,0.027617845684289932
nomad,0xdcae77f73cad86086ff4205bd608bc08d838c960b0d50a6a2c4806337f10466f,0,0,0.024537378922104836,0,0.2673409879207611,0,0.054758623242378235,0,0.26681917905807495,0,0.07773536443710327
nomad,0xf5b88585a0c97b685cf9c9eb0eda8756605711537606f3ad0c8b922e8ed5e8d2,0,0,0.0645749419927597,0,0.332873672246933,0,0.10564646869897842,0,0.2726461887359619,0,0.08345482498407364
nomad,0x05e4088662db600ea8f5e8b736d0e7e12db12a8f105ea09cdedaa3750df6dfc3,0,0,0.024537378922104836,0,0.2673409879207611,0,0.054758623242378235,0,0.26681917905807495,0,0.07773536443710327
nomad,0xfad432af17b7fe1268d253004de54fa14692fac625fe7adf9c4bdfdf877e8c2d,0,0,0.036870285868644714,0,0.05846375972032547,0,0.03895873948931694,0,0.0878436416387558,0,0.02762119472026825
nomad,0xdc65ed77c26a2eb45cbba47058b9181e46d81fc100daeecdb7869e682d200429,0,0,0.024537378922104836,0,0.2673409879207611,0,0.054758623242378235,0,0.26681917905807495,0,0.07773536443710327
nomad,0x1fe6495133405400a27247031d9ef19e903f12d7a0cd2ec2dc51fb30d94f2661,0,0,0.024537378922104836,0,0.2673409879207611,0,0.054758623242378235,0,0.26681917905807495,0,0.07773536443710327
nomad,0x6fb254f1d2e5bae76b0dfad90792680b611fba9c28d799f2adf9754225dd7072,0,0,0.024537378922104836,0,0.2673409879207611,0,0.054758623242378235,0,0.26681917905807495,0,0.07773536443710327
nomad,0x0c91067607f7eec1449c5d025fc9bb9af58f83a8e4f735e67b90c0aa801a922b,0,0,0.03687100484967232,0,0.05846061185002327,0,0.0389578752219677,0,0.08783840388059616,0,0.027623236179351807
nomad,0xa7fb6affd86d5863ffab1d6c86b6255f4fee8cd370a43155e58acf15629dd764,0,0,0.024534910917282104,0,0.26735225319862366,0,0.054759930819272995,0,0.2667842209339142,0,0.07773096114397049
nomad,0xcba9418a72ccb283674cb53709ca9a5462103ac1bd260e912fa1de41fccd4a02,0,0,0.024531906470656395,0,0.2673659026622772,0,0.054761480540037155,0,0.26674196124076843,0,0.07772575318813324
nomad,0xf5b92e11aeb083096d6cb5eec797526e4e883ea6f026d23fae4817f8b71274a1,0,0,0.024536985903978348,0,0.2673424482345581,0,0.05475883558392525,0,0.26681312918663025,0,0.0777343213558197
nomad,0x112429f5281282f548e2d2d4446b6aa9b0986ecfef6204d738e8bdc3d1f1059f,0,0,0.03686901926994324,0,0.058469511568546295,0,0.038960255682468414,0,0.08785313367843628,0,0.02761739119887352
nomad,0x597473952cdce751012c077dd04563b28ddd5f38c390e828731197a425d34de7,0,0,0.025299547240138054,0,0.2720089256763458,0,0.05531465262174606,0,0.2656137943267822,0,0.07543375343084335
nomad,0x8f620eafe54422b4b64ff6e37514ae8074fbb844d4b80aac42c331c7f27e5b8f,0,0,0.024541296064853668,0,0.2673235535621643,0,0.05475660786032677,0,0.2668737769126892,0,0.07774179428815842
nomad,0x97e2014719e27763ba9bccb74995a718a9346ad917acddffbeacb87a8571ff6f,0,0,0.06456481665372849,0,0.3264484703540802,0,0.10676077008247375,0,0.268611878156662,0,0.0847296491265297
nomad,0xbd00a31d65646c4fc6ca4158296cf3c348c6d59f976916c9275832e773e7d3bf,0,0,0.03686895966529846,0,0.05846982076764107,0,0.03896033763885498,0,0.08785366266965866,0,0.027617162093520164
nomad,0xd62cdd3ced8ec1d17f7edaf9e9d4dfa2ff23db3914a531926e9efed25e286ac4,0,0,0.024532675743103027,0,0.2673623561859131,0,0.05476110428571701,0,0.2667527496814728,0,0.07772719860076904
nomad,0x04138e023f25527c4b03c766f17c81bcdf1ad6b58ef52415d8c64d49ce1834ca,0,0,0.06456488370895386,0,0.3264485001564026,0,0.10676082223653793,0,0.268611878156662,0,0.08472960442304611
nomad,0x636b95e6eddee23a278bedecddb8e2113d3a4c3c74b65c26210aebad439f5f5e,0,0,0.02494288980960846,0,0.2707367241382599,0,0.05540914833545685,0,0.2658853828907013,0,0.07610056549310684
nomad,0x50bb515bac5ea264337a931735b9cf79a4737fc0b709bbd0e3babe51e0e545db,0,0,0.02530306577682495,0,0.27197492122650146,0,0.05531303584575653,0,0.2656984329223633,0,0.07544480264186859
nomad,0xe0b2c96bdfbc51c22f3cd28e001e9ae77d7a0d01405db8eb8ef241de82b0fecf,0,0,0.036631256341934204,0,0.05820901319384575,0,0.03936148062348366,0,0.0893913134932518,0,0.028226114809513092
nomad,0xa1808b92cf8e019164bb3a71090df567cf6d9b0ba64856850d4d160db5cfaacf,0,0,0.03686878830194473,0,0.05847056210041046,0,0.0389605350792408,0,0.08785490691661835,0,0.02761673741042614
nomad,0xcc786d7e0ccde49e7cee2031f4354738ec9b643f868f2c1e14e5ba5c1925987a,0,0,0.024942796677350998,0,0.27073702216148376,0,0.05540918931365013,0,0.26588404178619385,0,0.07610052078962326
nomad,0xf7cc60c470feeab36b877280589cd103d8f6ec17d84f0f839a8a52c1854970cc,0,0,0.025305384770035744,0,0.2719515264034271,0,0.05531200021505356,0,0.26575595140457153,0,0.07545220851898193
nomad,0x77a4a0e52e5275ea1b0315b6628c5fec3ac19bcb23cc2707a96f341255c3654c,0,0,0.03686895966529846,0,0.05846982076764107,0,0.03896033763885498,0,0.08785366266965866,0,0.027617162093520164
nomad,0xa4e7a3019c50075a7950ebb526d06015a0126c7a271cf6902a3cabcb87cf75db,0,0,0.02530306577682495,0,0.27197492122650146,0,0.05531303584575653,0,0.2656984329223633,0,0.07544480264186859
nomad,0x103998fc817b40dec3496e9137f278512a9e0112da9bf894c807a2aedabf62b8,0,0,0.036874789744615555,0,0.05844351649284363,0,0.03895335644483566,0,0.08780989050865173,0,0.02763446792960167
nomad,0xd8a24335c4345cc5381f02731426fa72a466e0e933cb3c241ee91fa8a8dbe8ac,0,0,0.024536985903978348,0,0.2673424482345581,0,0.05475883558392525,0,0.26681312918663025,0,0.0777343213558197
nomad,0x384f094ae4fe5622ff1ed8e77361c31d233d54026108f422d1f06b392c6ccee2,0,0,0.024532675743103027,0,0.2673623561859131,0,0.05476110428571701,0,0.2667527496814728,0,0.07772719860076904
nomad,0x530086f3e57e2b8c19c5f0136657653b2dc908a052feea83c845c207eebfd28a,0,0,0.03686895966529846,0,0.05846982076764107,0,0.03896033763885498,0,0.08785366266965866,0,0.027617162093520164
nomad,0xb06f7ff33bdb2c087134990c3416098daef72944a0ba6d36b68b0867cacf52a5,0,0,0.024952271953225136,0,0.2706862986087799,0,0.05540678650140762,0,0.26603052020072937,0,0.0761154368519783
nomad,0xd83cce85af7d2bd03fd531befe5ed87ade1cb9ba42f7e344b3870252b1419cdf,0,0,0.024531010538339615,0,0.2673701345920563,0,0.054761964827775955,0,0.26672953367233276,0,0.07772447913885117
nomad,0x6b21ce2cd61e982182fc7e3bc933c730c8174b2b96a7f4789f07e386bc714ba8,0,0,0.03686895966529846,0,0.05846982076764107,0,0.03896033763885498,0,0.08785366266965866,0,0.027617162093520164
nomad,0xbc4a1d82be4958075d037bdc6b87552bf05769a0b66bc05250e41e4e3f23d7cf,0,0,0.025300685316324234,0,0.27199774980545044,0,0.05531411990523338,0,0.2656411826610565,0,0.07543741166591644
nomad,0xf76e441aaab93bb11717daa7b547b4f61a61648e74da1e1da39e97bab3b1d838,0,0,0.024532675743103027,0,0.2673623561859131,0,0.05476110428571701,0,0.2667527496814728,0,0.07772719860076904
nomad,0x6962018a3134fa4a542c88b838b277b7300d98b66ffe41c71b937b31cd894756,0,0,0.06456926465034485,0,0.3264177739620209,0,0.10677258670330048,0,0.2686164379119873,0,0.08472830057144165
nomad,0xa9893962da89ace9705499737035cd1a693dc2426339147963f18bddd62ebb53,0,0,0.02530306577682495,0,0.27197492122650146,0,0.05531303584575653,0,0.2656984329223633,0,0.07544480264186859
nomad,0xa2d8c9b3733c6a4fea2aaa17e8578ab29ff0904dc5341ad00ac1118e3bf5e7ea,0,0,0.024541296064853668,0,0.2673235535621643,0,0.05475660786032677,0,0.2668737769126892,0,0.07774179428815842
nomad,0x950cd2218b284ff07c574c14a38a61d22a012829108b4b739ed1ee540324b074,0,0,0.03687036782503128,0,0.058463215827941895,0,0.0389585942029953,0,0.08784274011850357,0,0.027621541172266006
nomad,0x06c77ee846f3030226a96f38809a5e810b81a7e8e213d427cad074360f3e853c,0,0,0.036869391798973083,0,0.05846782401204109,0,0.038959793746471405,0,0.08785037696361542,0,0.02761855721473694
nomad,0x704f02d127922552ee0eec8aebc151257b942dacf1f90b5a9fa97c749cb9d690,0,0,0.03687036782503128,0,0.058463215827941895,0,0.0389585942029953,0,0.08784274011850357,0,0.027621541172266006
nomad,0x5e5f35b2bcd6aa91a8e05d24c03b21ce2787674467bb9e24efad05e66c9d8f0a,0,0,0.02530306577682495,0,0.27197492122650146,0,0.05531303584575653,0,0.2656984329223633,0,0.07544480264186859
nomad,0xfd83a18c36c878a823ab4c060112b78919974ca5203f74865a6ac9cf50bd9589,0,0,0.036868490278720856,0,0.05847180634737015,0,0.038960859179496765,0,0.08785691112279892,0,0.027615880593657494
nomad,0xa302f4eb679d57b88733c2e8fa33daed71bc3920101122ae8a9e954854f75e9e,0,0,0.036867137998342514,0,0.05847786366939545,0,0.038962483406066895,0,0.08786698430776596,0,0.027611875906586647
nomad,0x3e50285643209c554aa8604d6d9d17e4a1a69c342dc37728f233740b64eefa7d,0,0,0.024537961930036545,0,0.26733827590942383,0,0.054758358746767044,0,0.26682671904563904,0,0.07773597538471222
nomad,0xd9dedbf4846c53d18772c7eff9bc53239a1257ccabe1cdd76aa72767fcc78c76,0,0,0.024536985903978348,0,0.2673424482345581,0,0.05475883558392525,0,0.26681312918663025,0,0.0777343213558197
nomad,0x42f0f6cb6294cc34280339e6735b782e28aa2a30ae80913816b54a8ea5c6bfce,0,0,0.036867186427116394,0,0.05847775936126709,0,0.038962457329034805,0,0.08786676824092865,0,0.02761196158826351
nomad,0x40c4d5344a500b0e1328a71b94e2f4d6208ffc032d20936bf44bd5380e043104,0,0,0.024536985903978348,0,0.2673424482345581,0,0.05475883558392525,0,0.26681312918663025,0,0.0777343213558197
nomad,0xaed2587d8537ff097d5ad456f31c25e45aabce5d16fa3698f94f26bf9ab8db3e,0,0,0.06456995010375977,0,0.32641318440437317,0,0.10677433758974075,0,0.26861709356307983,0,0.08472806215286255
nomad,0x3dee835e53a84f41ff7c6d0e39af2c24397d0054de08748a8330d02ad406df47,0,0,0.036867186427116394,0,0.05847775936126709,0,0.038962457329034805,0,0.08786676824092865,0,0.02761196158826351
nomad,0xf7b708285b9b1ca3bf92b6873ff0a37179cce418370eb230c50ca78044ea4b8e,0,0,0.025299450382590294,0,0.27201008796691895,0,0.05531466007232666,0,0.2656113803386688,0,0.07543352246284485
nomad,0xc96874997735467e0d5bbb114bfb492ec62d39e91267051863f7e2062546b151,0,0,0.03686734661459923,0,0.05847693234682083,0,0.038962218910455704,0,0.08786541223526001,0,0.027612514793872833
nomad,0xab876b170ba7781d51dce2e090927b2be541836d03587069395ebdd24515b1d2,0,0,0.0368669368326664,0,0.05847867950797081,0,0.03896266222000122,0,0.08786825835704803,0,0.02761136367917061
nomad,0x23af4ae0db4d71df2863f39a9373d7005eb5b19d9aa4a631b41bf9909c139e57,0,0,0.036869391798973083,0,0.05846782401204109,0,0.038959793746471405,0,0.08785037696361542,0,0.02761855721473694
nomad,0xf01d63519b8a6f18a2b1cd46bb85b63c0f74458e351a9f5368eff28cf874444a,0,0,0.024532675743103027,0,0.2673623561859131,0,0.05476110428571701,0,0.2667527496814728,0,0.07772719860076904
nomad,0xb58bdbc111dfb19e40c69ef029123c3ed6c9f5a2b7df4656d757d74dbde30672,0,0,0.025305384770035744,0,0.2719515264034271,0,0.05531200021505356,0,0.26575595140457153,0,0.07545220851898193
nomad,0x8cd3e90891e59fa91759746b86933ef5dc7636cfb6072c2f56ba30a94b5cb2ba,0,0,0.025296475738286972,0,0.2720390558242798,0,0.05531603470444679,0,0.26553893089294434,0,0.07542421668767929
nomad,0x13a38026f9c8615c761edd300a3e0a6fa7376cfaad1d834eac708fa027853262,0,0,0.02530306577682495,0,0.27197492122650146,0,0.05531303584575653,0,0.2656984329223633,0,0.07544480264186859
nomad,0x1a9a2911a488f38cca09c78705eac57c2f4cc76337efcb0dd71e1c34d85f30ff,0,0,0.025305384770035744,0,0.2719515264034271,0,0.05531200021505356,0,0.26575595140457153,0,0.07545220851898193
nomad,0x2fd1b853ef46617ecdc8e43633045558d30774dc3cb15c71d64ad7b5b3a5aba6,0,0,0.024536985903978348,0,0.2673424482345581,0,0.05475883558392525,0,0.26681312918663025,0,0.0777343213558197
nomad,0x9018d4f6cccd05b661a6156dda6f46f8409bf0173a31c3a8a29841676452942f,0,0,0.024532675743103027,0,0.2673623561859131,0,0.05476110428571701,0,0.2667527496814728,0,0.07772719860076904
nomad,0x5d63751097e01e21caf41a996dbc5aba04ac7071d56ae4c85c845e6bed0868b5,0,0,0.024536985903978348,0,0.2673424482345581,0,0.05475883558392525,0,0.26681312918663025,0,0.0777343213558197
nomad,0xeaa078d04eb694a2b39ca1b04a95aa7ed52e9252280ceedebca6b8276f968585,0,0,0.02453567087650299,0,0.2673488259315491,0,0.054759491235017776,0,0.2667948007583618,0,0.07773230224847794
nomad,0x5bb95ce2cbeb12f9bdf44f663d938f317cccb7f3ccb6cc67ae7d33c421f4bd89,0,0,0.025302646681666374,0,0.27197903394699097,0,0.05531323701143265,0,0.26568838953971863,0,0.07544343918561935
nomad,0x44fad9c379388eb590553495bd09a09ee825a9da16ef403b413a03704a20d1e5,0,0,0.02453567087650299,0,0.2673488259315491,0,0.054759491235017776,0,0.2667948007583618,0,0.07773230224847794
nomad,0x741fcbfb0a55ba696fdcfcd72d5aec86f5f6d3cea4a6a02e76af463f15712c89,0,0,0.024539435282349586,0,0.267331600189209,0,0.054757557809352875,0,0.2668475806713104,0,0.07773878425359726
nomad,0xeeb020e9ccaaf8612372f0498a60fceeeff55a2f72b9fdce3b255218b3848922,0,0,0.024532675743103027,0,0.2673623561859131,0,0.05476110428571701,0,0.2667527496814728,0,0.07772719860076904
nomad,0x713b1269c416bf57514e501bad03f5d9e02623043a9697dcb151585d394b61c4,0,0,0.036869391798973083,0,0.05846782401204109,0,0.038959793746471405,0,0.08785037696361542,0,0.02761855721473694
nomad,0x3dcffc5240f6882b8e790f4eebbfad6650f14f42191409205749054711c5a168,0,0,0.024531906470656395,0,0.2673659026622772,0,0.054761480540037155,0,0.26674196124076843,0,0.07772575318813324
nomad,0xd3f2c9be03d55e278e0992a906c163c748398de807316e3c46ed57b530df6471,0,0,0.036869391798973083,0,0.05846782401204109,0,0.038959793746471405,0,0.08785037696361542,0,0.02761855721473694
nomad,0x25f1e2f94231e9b8d8e5ee09b21740762682469868d2e6f9b1e86b641da64db2,0,0,0.02529926784336567,0,0.2720119059085846,0,0.055314771831035614,0,0.2656068205833435,0,0.07543276250362396
nomad,0x727a11be92effbcd457aab35fda20d23a7129031a81333318a4b9eba99f64bfc,0,0,0.02529926784336567,0,0.2720119059085846,0,0.055314771831035614,0,0.2656068205833435,0,0.07543276250362396
nomad,0x3d6cb5eff50e6e76f8de79a13f9a22de050b2a8ca2cc988fc153564c4e9a95e5,0,0,0.024537961930036545,0,0.26733827590942383,0,0.054758358746767044,0,0.26682671904563904,0,0.07773597538471222
nomad,0x925bd5ded029d4ef8d2946213d735d976b424c4fa55e8eefa283fbb05d957f81,0,0,0.024124380201101303,0,0.26677021384239197,0,0.05489381030201912,0,0.26643893122673035,0,0.07793263345956802
nomad,0xde39b81ce6eb77d29d602a3a9fdf7f301532dd5e75cdb1a1b3e08bfcdc5a718c,0,0,0.025298332795500755,0,0.27202102541923523,0,0.055315203964710236,0,0.2655838131904602,0,0.07543002814054489
nomad,0x1dbd87245933e4decd0928aac6ede1fc1a1d8ce59e8b4c5b75839df1d5723e09,0,0,0.024536985903978348,0,0.2673424482345581,0,0.05475883558392525,0,0.26681312918663025,0,0.0777343213558197
nomad,0x0dffe9291ebb83579dc85517991e6b4380a237a1fae5d52cb327c0b535457c03,0,0,0.025302324444055557,0,0.27198198437690735,0,0.055313389748334885,0,0.26568129658699036,0,0.07544254511594772
nomad,0xc616d3304bcf945b30c48c98ef4dd9fd9ddd3c70bb693176c0d4c05b4868bd4e,0,0,0.036868490278720856,0,0.05847180634737015,0,0.038960859179496765,0,0.08785691112279892,0,0.027615880593657494
nomad,0xbe654cc2e5c10ebe3ddfb8a7c4f9ee87986242024121daff69546e440192f0d5,0,0,0.024531906470656395,0,0.2673659026622772,0,0.054761480540037155,0,0.26674196124076843,0,0.07772575318813324
nomad,0x1889f96426060da30816d22993cd8857ea6d752ccbfc478ea860922c80e8fe20,0,0,0.024519823491573334,0,0.2674202620983124,0,0.05476781725883484,0,0.26657310128211975,0,0.0777052640914917
nomad,0x449088f9695e6cbcbf566bb6dd2cfc8910f8b407ba75a4f458c80696c2855ad9,0,0,0.036869071424007416,0,0.058469150215387344,0,0.03896016627550125,0,0.08785264194011688,0,0.027617597952485085
nomad,0x69600bc7285912d7f0889b1145dec427ab98868749725036f297f7b1e3f98f3b,0,0,0.025301212444901466,0,0.2719928026199341,0,0.055313900113105774,0,0.2656538188457489,0,0.07543889433145523
nomad,0xae55289b09a0370f326250a9adf5529b8074f84f06be4b73961cff043f88bd22,0,0,0.036874789744615555,0,0.05844351649284363,0,0.03895335644483566,0,0.08780989050865173,0,0.02763446792960167
nomad,0x6e409151cdbac9279c76bdbbae4654c6cb9fa6f1052af72236bcf658db1b5aee,0,0,0.03663015365600586,0,0.05821212753653526,0,0.039362192153930664,0,0.08939652889966965,0,0.028223467990756035
nomad,0x5b6d1f7f732caa4d82c724c83254a1cb69bf7c9fa3988b983d6b09943fd49034,0,0,0.024536985903978348,0,0.2673424482345581,0,0.05475883558392525,0,0.26681312918663025,0,0.0777343213558197
nomad,0x6eac971d8fe30d5229682e4ffee0317d0ab39a11a98b182d723f149fa6083041,0,0,0.025302324444055557,0,0.27198198437690735,0,0.055313389748334885,0,0.26568129658699036,0,0.07544254511594772
nomad,0x0069b0c2e89ee93d821f2f330d0ca7865fa346af29e5b73694b3ab4073470a2e,0,0,0.03687036782503128,0,0.058463215827941895,0,0.0389585942029953,0,0.08784274011850357,0,0.027621541172266006
nomad,0x3a45b153116621a0127a6c8345b9b9d2082d22122e40448e0462af54e152ceed,0,0,0.02529832348227501,0,0.27202126383781433,0,0.05531520023941994,0,0.26558366417884827,0,0.0754300132393837
nomad,0xd9b4737db568df1ba2af6d130b0834a55ef6f8ad0446865845673c7bfa8b2d25,0,0,0.03686895966529846,0,0.05846982076764107,0,0.03896033763885498,0,0.08785366266965866,0,0.027617162093520164
nomad,0x79089f241ec73dbd2f8d74befad5f1f6239fb4a2149619d30cb6a757c6c6e6a0,0,0,0.024545641615986824,0,0.2673034071922302,0,0.0547543503344059,0,0.26693442463874817,0,0.07774928957223892
nomad,0xa87ddab9e0cc78bb73125c7a7e44b4669b9c25ef516e2fa1f9de896c1aa6d296,0,0,0.06456519663333893,0,0.32644596695899963,0,0.10676175355911255,0,0.2686121463775635,0,0.08472954481840134
nomad,0x0337bb8e450cb125e4071e519b1e350954a4f600abbacc7eec5e92ec7c94f3b0,0,0,0.036874789744615555,0,0.05844351649284363,0,0.03895335644483566,0,0.08780989050865173,0,0.02763446792960167
nomad,0x4c361b7f27ef4a07a763053304cb66b3ecca52cc72f8b87b04fef9a6a8447292,0,0,0.020223084837198257,0,0.09287860989570618,0,0.0329345278441906,0,0.07457354664802551,0,0.00782931037247181
nomad,0xbd73e2f6e16e94a302b0fbf071cc97cdd5c68dced2802afaab5bb0f1da1a6907,0,0,0.04115007445216179,0,0.07999511063098907,0,0.03325098380446434,0,0.09390775114297867,0,0.012093170545995235
nomad,0x67f54ae35ff4d9355c63ecd5a42c6e1e62f72e5a6cd63fbb8bc491a5c1c34022,0,0,0.04220527410507202,0,0.07974949479103088,0,0.0336342491209507,0,0.09200477600097656,0,0.012706330046057701
nomad,0xb837703d4518894ff4f485edcf1f2620423c7bb1217160c78046511f51a2cd9e,0,0,0.041154645383358,0,0.07998732477426529,0,0.033252306282520294,0,0.09390468895435333,0,0.01209554634988308
nomad,0xbb44a5da5f5d6aa9652512cdea441a55366e29fa3f2e8bd7df7d9c6bf8621a12,0,0,0.04220521077513695,0,0.07974971830844879,0,0.03363417834043503,0,0.09200481325387955,0,0.012706268578767776
nomad,0x9fe6bbf812449a5ed18375a7f8e954bc808f3219eec92d22c123e49f4ac5fac5,0,0,0.04222043231129646,0,0.07972793281078339,0,0.03364045172929764,0,0.09200205653905869,0,0.012712059542536736
nomad,0x3e26cabd2e1bb83cd5cb33ff492ae7bb0308865c5598d9c32c80f93a971d79cb,0,0,0.04116089269518852,0,0.07997684180736542,0,0.033254098147153854,0,0.09390061348676682,0,0.01209870632737875
nomad,0x7405f2e6d17c582720ba1ea67d9333b7eb9c2f80be6473bdf4f81b84e68690b6,0,0,0.020225955173373222,0,0.09287397563457489,0,0.03293386846780777,0,0.07456785440444946,0,0.007833864539861679
nomad,0x5f0c596a8a24e6781150b602b96bf4ca0759814dfac90f502ef083f324e4566e,0,0,0.041156381368637085,0,0.07998436689376831,0,0.033252816647291183,0,0.0939035415649414,0,0.012096455320715904
nomad,0xc08ad31bb385a10adda58baba325354d625f405a3aa054fee951daa98212d5f8,0,0,0.019772766157984734,0,0.09339278936386108,0,0.032973162829875946,0,0.074726901948452,0,0.008279290050268173
nomad,0x6ba0e9d332319de3c17b01a8af5f512b582fbd379a57e07ed97c3029b5b55b8b,0,0,0.04115455597639084,0,0.07998738437891006,0,0.0332522951066494,0,0.09390469640493393,0,0.012095519341528416
nomad,0x5973de4b6016dc61ee8eb87dcb27639c32d648326e9dbf092fd139335f7d8798,0,0,0.03655167669057846,0,0.07031804323196411,0,0.033824607729911804,0,0.09679345041513443,0,0.012837783433496952
nomad,0x0941c61f2a7bdcc51604572d6559b09751dcf26b1a7a1928f50e5e87182f7dfe,0,0,0.03653755784034729,0,0.07032275944948196,0,0.033823370933532715,0,0.09680156409740448,0,0.012831516563892365
nomad,0xf2759f2b71087fde89bb7de4cc7e5bc4918481faeb687c4ad7f816de50c5c04f,0,0,0.037247929722070694,0,0.07051972299814224,0,0.033700667321681976,0,0.09645995497703552,0,0.012859032489359379
nomad,0x630c43667c206c7f4bf8f8468459e55162c924b5d03d39a643e839097e0cc128,0,0,0.03654785826802254,0,0.0703192874789238,0,0.03382427245378494,0,0.09679561853408813,0,0.012836087495088577
nomad,0xb83922d63b6e5a859c62d22672b02b15f76c9d909ea97009673a023114e78ac9,0,0,0.03758152574300766,0,0.07011190056800842,0,0.0337274894118309,0,0.09766429662704468,0,0.012597937136888504
nomad,0x44910f311a4368072f50dde7cefe27b917b8bea7e4ab2b4a2e5e9cbdb93cc3d1,0,0,0.04227443039417267,0,0.07961512356996536,0,0.03340335190296173,0,0.09345913678407669,0,0.01147726085036993
nomad,0xcc96e1f7c28665023ae37355e00e7ff61dfc78363c48a0e3d2ba8329cf440754,0,0,0.04221026599407196,0,0.0797424390912056,0,0.03363625705242157,0,0.09200388193130493,0,0.012708213180303574
nomad,0x3104735181aa6c3f0cae4476311c8f531bb2f2484e603f89e5f0b07f30b75132,0,0,0.037106357514858246,0,0.07028450071811676,0,0.03367525711655617,0,0.09783191233873367,0,0.012618045322597027
ronin1,0xed2c72ef1a552ddaec6dd1f5cddf0b59a8f37f82bdda5257d9c7c37db7bb9b08,1,0,0.032272860407829285,0,0.07132752239704132,0,0.03401225805282593,0,0.09111959487199783,0,0.020418500527739525
nomad,0xe497963ee3726e46afb35657f2e44f0afda468d440ddd63cff155628141ec01f,0,0,0.04220156744122505,0,0.07975474745035172,0,0.03363272547721863,0,0.09200545400381088,0,0.012704952619969845
nomad,0x42fd6cc9b75807783e1837f216383e015b1872787190408e7aee8b992cb68b48,0,0,0.04220103099942207,0,0.0797555223107338,0,0.03363249823451042,0,0.09200556576251984,0,0.012704754248261452
nomad,0x680c26edde8c1cc455e86cc0c548529d77b8bc0ca9360b535e08ace4a7425a11,0,0,0.041161105036735535,0,0.079976387321949,0,0.03325415775179863,0,0.09390046447515488,0,0.012098853476345539
nomad,0xbba6ac6e70bf406268086b4e8cda7959a7be8d6e9d9dcb6e508a84fd1f347486,0,0,0.042195919901132584,0,0.0797627717256546,0,0.03363044187426567,0,0.09200649708509445,0,0.01270280871540308
nomad,0xf99101190e757996ff4ddd8d016f1e6e30222115a0cf31a47fa3b978ae6ee3d9,0,0,0.04221068695187569,0,0.07974176108837128,0,0.033636461943387985,0,0.09200380742549896,0,0.012708399444818497
nomad,0x2111f1dd3692786fa04d592bd84eb72f2ffa41bd18739c7e9e064092207d295d,0,0,0.020224982872605324,0,0.09287557005882263,0,0.032934095710515976,0,0.07456986606121063,0,0.007832287810742855
nomad,0xcc32b3c82c2e96347ea9c2623ff94f0115d107df6a1cb2fa7f3855d09cd50d10,0,0,0.04220103099942207,0,0.0797555223107338,0,0.03363249823451042,0,0.09200556576251984,0,0.012704754248261452
nomad,0xd5139b7d8e386388ebe2dce6a919f00f98b43efd04c07836c18d600730da3ac1,0,0,0.042195919901132584,0,0.079762764275074,0,0.03363044559955597,0,0.09200648963451385,0,0.01270280685275793
nomad,0x06e0de79af74094d3854d02baf4970758383bcca0d84b025f0e23ff8091ddd3e,0,0,0.042201027274131775,0,0.07975555211305618,0,0.03363249823451042,0,0.09200557321310043,0,0.012704729102551937
nomad,0x01182eba6adc0d4f5b472526d2849bea729511b905b1509a485371b293e49028,0,0,0.04220311716198921,0,0.07975247502326965,0,0.03363337740302086,0,0.0920051634311676,0,0.012705529108643532
nomad,0xc7ccfba1f99b7bbf607f6e3fd815d312a5721a98fbdbc863f2115e8a08924c12,0,0,0.041150256991386414,0,0.07999470829963684,0,0.03325106203556061,0,0.09390760213136673,0,0.012093287892639637
nomad,0x8d051698559301a7053fb799d80d39916443f62f9c877b03006a127e248cbdd3,0,0,0.04220311716198921,0,0.07975247502326965,0,0.03363337740302086,0,0.0920051634311676,0,0.012705529108643532
nomad,0xe4f33223821784fd4ed795c1adeee30ade87d4215c73d093a3384ceee44a4a8b,0,0,0.04219812899827957,0,0.07975968718528748,0,0.03363131731748581,0,0.0920061320066452,0,0.01270363014191389
nomad,0x59a5bb860f89ae2642df50b30e6fe247e4881ed2a7f487e797245d364b1ffcdc,0,0,0.04220311716198921,0,0.07975247502326965,0,0.03363337740302086,0,0.0920051634311676,0,0.012705529108643532
nomad,0xf7ed9b591e506f1829f2d813cdc00c896812f005f25f54e14a034396c9e58288,0,0,0.04220311716198921,0,0.07975247502326965,0,0.03363337740302086,0,0.0920051634311676,0,0.012705529108643532
nomad,0xce22cbc4846095528550cf861d8a420344d81ef643f9fba9b54630ab905dbeeb,0,0,0.042195919901132584,0,0.079762764275074,0,0.03363044559955597,0,0.09200648963451385,0,0.01270280685275793
nomad,0x2cd3353f3bff776899321981a319331f747d42d0a7b3075836db50102e712b83,0,0,0.04220156744122505,0,0.07975474745035172,0,0.03363272547721863,0,0.09200545400381088,0,0.012704952619969845
nomad,0x2d5d25c0db48fa8ca0be887b029d10a9131dffb040c00d099c3c295887541af8,0,0,0.042207129299640656,0,0.07974686473608017,0,0.03363499417901039,0,0.0920044481754303,0,0.012707007117569447
nomad,0x36de8aee8862049339f75f9ee3577cf2b71efb4039513d9d38396a27b7f7fc17,0,0,0.042186494916677475,0,0.07977612316608429,0,0.03362659737467766,0,0.09200818836688995,0,0.01269927155226469
nomad,0xfd9a399bf47a203d5fce6944d0ca470670371e5eb0f3165ae2059e9d67840647,0,0,0.04219812899827957,0,0.07975968718528748,0,0.03363131731748581,0,0.0920061320066452,0,0.01270363014191389
nomad,0xb8de9f388043b27027a946bb087c19ae488a8d6402fe207ae07d253d717edf61,0,0,0.04222474247217178,0,0.07944811880588531,0,0.0335724800825119,0,0.09356369078159332,0,0.012016087770462036
nomad,0xd79a3ea9371a350d555bfbb36ad4c58a69ea0ce38affb0d4d08d5e0ef8cac5e0,0,0,0.04219812899827957,0,0.07975968718528748,0,0.03363131731748581,0,0.0920061320066452,0,0.01270363014191389
nomad,0x8040c6a10b1b0b801800c9480b972ffa3b80b8b812b4f3d8711aceebf188ff88,0,0,0.042195919901132584,0,0.079762764275074,0,0.03363044559955597,0,0.09200648963451385,0,0.01270280685275793
nomad,0x5ca41381afddd1786a115eb1a9f9501ffd25ce6f1e458f4e9597efea067722c1,0,0,0.04220311716198921,0,0.07975247502326965,0,0.03363337740302086,0,0.0920051634311676,0,0.012705529108643532
nomad,0xae92fb09d0b3c932455e309eae163deea742071eb34c703368d1df86a2f96ac1,0,0,0.03759077936410904,0,0.07010761648416519,0,0.033728305250406265,0,0.09765736758708954,0,0.012602703645825386
nomad,0xbd3d8cec59ef6118de8aceb317594a508b775088de2ae534b709dc45738cf883,0,0,0.0411607064306736,0,0.07997715473175049,0,0.03325404226779938,0,0.09390071779489517,0,0.012098638340830803
nomad,0xbf2f02e58ae98104ee208412831b4b810b9ca80b738d3bdbc408adbc000bbb4e,0,0,0.042208828032016754,0,0.07974441349506378,0,0.03363568335771561,0,0.09200414270162582,0,0.012707674875855446
nomad,0x174757786ff1c04a67ab0c4fac932ba099f63455906f8671663e9297a784307d,0,0,0.042201027274131775,0,0.07975555211305618,0,0.03363249823451042,0,0.09200557321310043,0,0.012704729102551937
nomad,0x9a462c5fc4e21d28874d92614138dc1c72f148bd156742dc669db12fcb2558d9,0,0,0.04218147695064545,0,0.07978333532810211,0,0.0336245521903038,0,0.09200909733772278,0,0.012697318568825722
nomad,0x57d1bb78dc7c541d41929c3dede3dfd258247a16361fa0bb07df46e6f5dee7bc,0,0,0.04218147695064545,0,0.07978333532810211,0,0.0336245521903038,0,0.09200909733772278,0,0.012697318568825722
nomad,0xad2c5648eded03bbc9dcbdb3585ce57fc4771211490fe6c20153c8e6c352774e,0,0,0.04218147695064545,0,0.07978333532810211,0,0.0336245521903038,0,0.09200909733772278,0,0.012697318568825722
nomad,0x10c83c5c133398ec8798450d00f6aacee365356d3ed4d0c4d9619621d7dddd93,0,0,0.04218147695064545,0,0.07978333532810211,0,0.0336245521903038,0,0.09200909733772278,0,0.012697318568825722
nomad,0xb4a35f8f4efb16c29e5844ed91617907b50dff9350730f49b7e1ac0c45222910,0,0,0.02022760733962059,0,0.09287138283252716,0,0.03293349966406822,0,0.07456468790769577,0,0.007836490869522095
nomad,0xceea8d2fa3d60696ff25d73c61bed502990c6b6b2f552409f40ad17da1d7b956,0,0,0.04219812899827957,0,0.07975968718528748,0,0.03363131731748581,0,0.0920061320066452,0,0.01270363014191389
nomad,0xe1b7e67d6c2ee9650b70f3b780b0e02c7ac1c83bc5e56d2b7167b87c21a31bcb,0,0,0.04221171885728836,0,0.07974035292863846,0,0.033636871725320816,0,0.09200363606214523,0,0.012708751484751701
nomad,0x826fe708227ed0016c4b9d210f6bbfc77d996ee3fafa199d5ef707057fc84ff8,0,0,0.04219437390565872,0,0.07976503670215607,0,0.03362978994846344,0,0.09200675785541534,0,0.012702232226729393
nomad,0xe9cbed7af35783da26ba2206397111d520005cd5f6f8f659d1ff9708c91f0a15,0,0,0.042195919901132584,0,0.0797627717256546,0,0.03363044187426567,0,0.09200649708509445,0,0.01270280871540308
nomad,0x163f0aa3a435720f8bf4e56ef9acd91f8fb6220d983c420b95fd7bde9b8cedb6,0,0,0.04220443591475487,0,0.0797506719827652,0,0.03363390266895294,0,0.0920049399137497,0,0.012706046923995018
nomad,0xa05d462ec3eae547a9166bf2007c2005e756e6cf4428d9392e82c5aa1c8ffc91,0,0,0.04219437390565872,0,0.07976503670215607,0,0.03362978994846344,0,0.09200675785541534,0,0.012702232226729393
nomad,0x1236a5d84e1854cabafa27253c6c15f2394827c6711acfef8ba120e283d28192,0,0,0.04114757478237152,0,0.07999919354915619,0,0.03325030207633972,0,0.09390933811664581,0,0.01209196075797081
nomad,0x72f69f071d9a1bd4d7b7abb05932606001cd4e86a4280393ca801f10751f89a3,0,0,0.020224982872605324,0,0.09287557005882263,0,0.032934095710515976,0,0.07456986606121063,0,0.007832287810742855
nomad,0x621c78d63fe4553c293c84af9c4141083912e777b6bf06c186d2fce7f49918d7,0,0,0.04219437390565872,0,0.07976503670215607,0,0.03362978994846344,0,0.09200675785541534,0,0.012702232226729393
nomad,0x41aa7534c45d83e5d1f6b2289e26eb68b1036bbdc2ffed996687244a9d3ad886,0,0,0.04220311716198921,0,0.07975247502326965,0,0.03363337740302086,0,0.0920051634311676,0,0.012705529108643532
nomad,0x150e6ea0e1434f3d20bbea3a1d5064045d37ea564d3352f748a3ea5f9fb6bf4b,0,0,0.042195919901132584,0,0.079762764275074,0,0.03363044559955597,0,0.09200648963451385,0,0.01270280685275793
nomad,0x358a2a682be278161bb7bc0e44656c29e126b5ea0aabbeae9df6e7ac387dee13,0,0,0.04221389442682266,0,0.07973726093769073,0,0.03363776206970215,0,0.0920032411813736,0,0.012709574773907661
nomad,0x0b2540d2547ff80d073d3bb65f78375e904852b7bee77141de19b5ab337a64d7,0,0,0.042195919901132584,0,0.0797627717256546,0,0.03363044187426567,0,0.09200649708509445,0,0.01270280871540308
nomad,0x072144bc23079c0967a8a38f5684a0d7ddd69e6f05a02843b158bf82f92d4881,0,0,0.042188700288534164,0,0.07977302372455597,0,0.03362748399376869,0,0.09200781583786011,0,0.012700099498033524
nomad,0x7ba60ead3d95f1e23bb5914518c10aacbad167db8dea24acaf2239004458d4a1,0,0,0.0202239528298378,0,0.09287718683481216,0,0.03293435275554657,0,0.07457185536623001,0,0.00783067848533392
nomad,0x9ac445c235a42c888dcd4e3c9cc3fe418c5d8e93c82557e750d1305a6c20be50,0,0,0.04222290962934494,0,0.07945128530263901,0,0.03357186168432236,0,0.09356465190649033,0,0.012015148997306824
nomad,0x3ad81bc80c2be1a9cbe4a045bc9e62a5f2fbb54fb248e97e48cb9519fd73a425,0,0,0.04218147695064545,0,0.07978333532810211,0,0.0336245521903038,0,0.09200909733772278,0,0.012697318568825722
nomad,0x7618013807c319989f20fce5b75e2b438b4dd772a3afee9810a193d09bd4c840,0,0,0.04219437390565872,0,0.07976503670215607,0,0.03362978994846344,0,0.09200675785541534,0,0.012702232226729393
nomad,0x59898d09af1e863097fae96ab50bbc88d8f155ab18c085feee7eef595c96a488,0,0,0.04220311716198921,0,0.07975247502326965,0,0.03363337740302086,0,0.0920051634311676,0,0.012705529108643532
nomad,0xa90ab64b0ba36a638124224ac831340b4967a83bf2373c14deb1a1d119689eff,0,0,0.020221561193466187,0,0.09288111329078674,0,0.03293490409851074,0,0.07457660883665085,0,0.00782683864235878
nomad,0x7f02b8604eeb75a47be66d3a497a98a882ea489d29dbbac33ca144804d8faf34,0,0,0.04220426082611084,0,0.07975094020366669,0,0.03363382816314697,0,0.09200495481491089,0,0.012705974280834198
nomad,0x41830a02aa11c31fea06a9c9d8f20c2c36739c211e6e3d0ec6022282da6fb69b,0,0,0.042195919901132584,0,0.0797627717256546,0,0.03363044187426567,0,0.09200649708509445,0,0.01270280871540308
nomad,0xf43b7aaebc4095b695fe2d01fb87940e228d21e1941c6de868f45603991a0d8d,0,0,0.04219437390565872,0,0.07976503670215607,0,0.03362978994846344,0,0.09200675785541534,0,0.012702232226729393
nomad,0xa28e3940593c8cf9b3b32db7f994c6be219c01f73482da102f4580e50e5eb734,0,0,0.04220103099942207,0,0.0797555223107338,0,0.03363249823451042,0,0.09200556576251984,0,0.012704754248261452
nomad,0x22124280418338eada8a16c1cf0fc915b1d592f8c401fcb80a38c4ac82aaf974,0,0,0.0411456935107708,0,0.08000248670578003,0,0.03324975073337555,0,0.0939105972647667,0,0.012090947479009628
nomad,0xc71c464955295ff8658559ec9ca9fc62231da050845c90703a52111d4bb4dc09,0,0,0.042301956564188004,0,0.07957000285387039,0,0.03341049700975418,0,0.09344518184661865,0,0.011493752710521221
nomad,0x06c33c8922610b87bc12c43ece205acf1e626ec6f500f8a8ddf2304d80ce72d2,0,0,0.042195919901132584,0,0.079762764275074,0,0.03363044559955597,0,0.09200648963451385,0,0.01270280685275793
nomad,0x7f4a89d34860a908a3bd0029bae23f822fdb83e1dc4c138cf7adba086ef545a9,0,0,0.042201027274131775,0,0.07975555211305618,0,0.03363249823451042,0,0.09200557321310043,0,0.012704729102551937
nomad,0xb8438fce16f2adfd1102f69cddb9b346c93da1712208a60096faebb48837a797,0,0,0.042195919901132584,0,0.0797627717256546,0,0.03363044187426567,0,0.09200649708509445,0,0.01270280871540308
nomad,0x0f5ab83a47a05d2d5d2a7aea857aa29da3fc0bea97276202524302b332e73210,0,0,0.04228854924440384,0,0.08008921891450882,0,0.03319463133811951,0,0.09397569298744202,0,0.012170554138720036
nomad,0xc1603847465cf13ddaa8def90680bfb9dce9b5a6c5f8e5e7a152880d76b3e08b,0,0,0.042195919901132584,0,0.079762764275074,0,0.03363044559955597,0,0.09200648963451385,0,0.01270280685275793
nomad,0xc72bdcbfe659f7f3cdc3246dbaa7ca49ac446c899dc7de8242d2383d4f1592e5,0,0,0.04217413812875748,0,0.07979367673397064,0,0.03362160176038742,0,0.09201043844223022,0,0.012694651260972023
nomad,0x09b359eabaa24ac60118633ace9a8391a5a33262e9293ec1209cd4211fc16451,0,0,0.04228051006793976,0,0.07960522919893265,0,0.03340490162372589,0,0.09345558285713196,0,0.011480866000056267
nomad,0x68fcfae55a0004aa61bea083765312109a4b78dab575f676a5490c39131cfa2a,0,0,0.04217413440346718,0,0.07979367673397064,0,0.03362160548567772,0,0.09201043844223022,0,0.012694654986262321
nomad,0x7a8f2214ad4ed872920a6ae26ca63d3ebb6d8f7550db43347cf8c1f19c40a9fc,0,0,0.04217413812875748,0,0.07979367673397064,0,0.03362160176038742,0,0.09201043844223022,0,0.012694651260972023
nomad,0x03b1d55c551899d112797571ae67c5b942dac8425ad5baf93c99748e2a0eee02,0,0,0.04219437390565872,0,0.07976503670215607,0,0.03362978994846344,0,0.09200675785541534,0,0.012702232226729393
nomad,0x5513e316013e245740c4c15925d893e81b3851008f879b8750cc912d5ff2d2fb,0,0,0.020223816856741905,0,0.09287744760513306,0,0.032934367656707764,0,0.0745721310377121,0,0.007830459624528885
nomad,0xdf01931be6611fb7280ca04fedc69bb0f8fe0c3e0cba7004af75809953628e98,0,0,0.04116092622280121,0,0.07997666299343109,0,0.03325412794947624,0,0.09390056133270264,0,0.012098797596991062
nomad,0xe9c0066a33c042af1d5fd28a4f5469ffc4d1f9fe06de7f1ab15db4f00e99fbd1,0,0,0.042195919901132584,0,0.0797627717256546,0,0.03363044187426567,0,0.09200649708509445,0,0.01270280871540308
nomad,0x1f30cfb108fbf5b9908b52d9db27545312d717aa5a39a6f0f200a2a5c5d670db,0,0,0.042195919901132584,0,0.079762764275074,0,0.03363044559955597,0,0.09200648963451385,0,0.01270280685275793
nomad,0xbff18a7bb6673e1544da298d785858d2a965844d8c681b97e0d997a465f63973,0,0,0.042188696563243866,0,0.07977303117513657,0,0.033627480268478394,0,0.09200780093669891,0,0.012700099498033524
nomad,0xc0e801a20b4fdccfa086713f717f253448fbde2b42bfdd6f6e00ee5e40db6b50,0,0,0.04219437390565872,0,0.07976503670215607,0,0.03362978994846344,0,0.09200675785541534,0,0.012702232226729393
nomad,0xdb6da5add6aa820488d999f2cdc922b865ec8c812e9f2c5a385d7aad63d379c6,0,0,0.04219437390565872,0,0.07976503670215607,0,0.03362978994846344,0,0.09200675785541534,0,0.012702232226729393
nomad,0x0321371ec1acbd07b77bad768cd9ee18fa5bf1e05bce35d1bede86122b4ee639,0,0,0.042195919901132584,0,0.079762764275074,0,0.03363044559955597,0,0.09200648963451385,0,0.01270280685275793
nomad,0x934dae3683b4e81a40c7bc888290c7e09422b3354d8a72ede1d0995b17e91af2,0,0,0.04220103099942207,0,0.0797555223107338,0,0.03363249823451042,0,0.09200556576251984,0,0.012704754248261452
nomad,0x1f9151e464bf76c52a2f711442949d5810fccc256bfee54228d4a2f9397b7184,0,0,0.04218944534659386,0,0.07977185398340225,0,0.03362782672047615,0,0.09200766682624817,0,0.01270039938390255
nomad,0xc8989c7d2bc7ac06a11f3dab007843e0db26bc505c2de5bbd890a0d4c1fc8de8,0,0,0.03653586283326149,0,0.07032254338264465,0,0.03382318466901779,0,0.09680206328630447,0,0.012830731458961964
nomad,0xf584dae3f6c45e899ac37f9fb54a17a19ae79faf8e48ed71731e9c8c9fe6d8d3,0,0,0.04219437390565872,0,0.07976503670215607,0,0.03362978994846344,0,0.09200675785541534,0,0.012702232226729393
nomad,0x7c726066cf8df8b89fad1c3fd909ddb221d4713f8a56f9d0d3fd61104d939f0f,0,0,0.04219485819339752,0,0.07976436614990234,0,0.03362998366355896,0,0.09200669825077057,0,0.012702394276857376
nomad,0xcf08ba4913d3dda377b8bb1b776ffd10cc2dcfb5fcd7c1937e29ab9e8e197e54,0,0,0.04219485819339752,0,0.07976436614990234,0,0.03362998366355896,0,0.09200669825077057,0,0.012702394276857376
nomad,0xda28545bc711ab276df5e0c449fc97f69a1a341285bdbb386d318b4444fa959e,0,0,0.04219485819339752,0,0.07976436614990234,0,0.03362998366355896,0,0.09200669825077057,0,0.012702394276857376
nomad,0x09b5ff888a961ada5a0395bf8297e84f12e501fb21972b6b16421c391c5c5346,0,0,0.042195919901132584,0,0.079762764275074,0,0.03363044559955597,0,0.09200648963451385,0,0.01270280685275793
nomad,0x595b664bc59fff282fe8c0b3a694415539216ad8dbbfc1337649f2c576d782f8,0,0,0.020224733278155327,0,0.09287591278553009,0,0.03293415158987045,0,0.07457029819488525,0,0.00783194974064827
nomad,0xc86cee27e91a00309bc181261b5399eef6a3f6848c2dec25cd91a152ed508bc3,0,0,0.042202506214380264,0,0.07975344359874725,0,0.03363310545682907,0,0.09200529009103775,0,0.012705272063612938
nomad,0xba43ae794efc8ee179db5155f9b501c60671dd8151ea8b263d0dd358dcc2d74c,0,0,0.023598911240696907,0,0.3892759084701538,0,0.04798933491110802,0,0.26571956276893616,0,0.10270079970359802
nomad,0x994d71f5f82009647e452bf2c159bfac34f145161e7019b8c3f8bff1222becef,0,0,0.042188696563243866,0,0.07977303117513657,0,0.033627480268478394,0,0.09200780093669891,0,0.012700099498033524
nomad,0x0d8067042bb3ad388396c47ed561fbd4cdc6c4a77d335de3786bb96f3c10f510,0,0,0.042195919901132584,0,0.079762764275074,0,0.03363044559955597,0,0.09200648963451385,0,0.01270280685275793
nomad,0x3c54dc42cccd6df4c57b0acb866483f2044a92502f92fddd4381c23c16f29425,0,0,0.04220825433731079,0,0.07974524796009064,0,0.0336354561150074,0,0.09200423210859299,0,0.012707456015050411
nomad,0xae80a4b607d47542b90c717f91ecb8b94c25b1e43cf3bdea6235df08e5b8f5ad,0,0,0.042195919901132584,0,0.079762764275074,0,0.03363044559955597,0,0.09200648963451385,0,0.01270280685275793
nomad,0xf1b9f0018d614d4d9798a617a8327c0e7826741eec95e29bd40f001fc9310f60,0,0,0.042208828032016754,0,0.07974441349506378,0,0.03363568335771561,0,0.09200414270162582,0,0.012707674875855446
nomad,0xad2e5b735ad1a88707053c7f83c569f0e2dacd8e7b3934bdb6b87d79478880b5,0,0,0.04219485819339752,0,0.07976436614990234,0,0.03362998366355896,0,0.09200669825077057,0,0.012702394276857376
nomad,0x29957dc028003abf88ca473f8ea74e5ad0349020391b206b3339c29fe2372e94,0,0,0.042209066450595856,0,0.0797441303730011,0,0.03363579139113426,0,0.09200410544872284,0,0.012707741931080818
nomad,0x3de209b01c8735c914f05a114267c207754c8bc1f4f85a45cbbc30ebbc4b925d,0,0,0.042208828032016754,0,0.07974441349506378,0,0.03363568335771561,0,0.09200414270162582,0,0.012707674875855446
nomad,0xe6a56730b11f900ad12afa3f1292371a435e62619b76cbb1765002e02408a6dc,0,0,0.042195919901132584,0,0.0797627717256546,0,0.03363044187426567,0,0.09200649708509445,0,0.01270280871540308
nomad,0x9d333fbed0a680d86b73f45f09ff3a428d632b535529f96e98533faac869527b,0,0,0.04222030192613602,0,0.07972810417413712,0,0.03364040330052376,0,0.09200208634138107,0,0.01271195337176323
nomad,0x67a7b2fcd39f533eceeb34c856789a8c3aff642deee827e9b0ce6c80df0b4742,0,0,0.042195919901132584,0,0.079762764275074,0,0.03363044559955597,0,0.09200648963451385,0,0.01270280685275793
nomad,0x72cbec84824d9ed404633419348abd2cc778a3fe4d4915ffd71e87ae795ca7a8,0,0,0.04114103317260742,0,0.08001025021076202,0,0.03324844688177109,0,0.09391369670629501,0,0.012088580057024956
nomad,0x309faa46a63ca5070699e3f931804fdd6b005d245db1e069781649ddffd3191e,0,0,0.042201459407806396,0,0.07975491136312485,0,0.03363268822431564,0,0.09200546145439148,0,0.012704902328550816
nomad,0x1c171d0603495ca6a50cdd14c9f12a3e5767313fd2ea953eae5bc91a71462952,0,0,0.04217413812875748,0,0.07979367673397064,0,0.03362160176038742,0,0.09201043844223022,0,0.012694651260972023
nomad,0xd17b2ef89f9ae67d01e0e7d2bf8489aa445a72dcf0d34f2ede05da49f405d7cb,0,0,0.04220103099942207,0,0.0797555223107338,0,0.03363249823451042,0,0.09200556576251984,0,0.012704754248261452
nomad,0xbf6c20ce0ead3eda115d619a1c58e29c9dbd8709df41a12efeb1dd6b4c2a5890,0,0,0.042195919901132584,0,0.0797627717256546,0,0.03363044187426567,0,0.09200649708509445,0,0.01270280871540308
nomad,0xf9d1ee34368bb5112ffa8e5a710fc40feaeffb090c9f8bf7ec1f04be410a73f8,0,0,0.04221609979867935,0,0.07973410189151764,0,0.033638663589954376,0,0.09200282394886017,0,0.012710407376289368
nomad,0xb215a9091a7da1c8e9cd622dca327df2ddfa5374aa982ae86a27f3a2463ff066,0,0,0.04220103099942207,0,0.0797555223107338,0,0.03363249823451042,0,0.09200556576251984,0,0.012704754248261452
nomad,0x58f03cf590fcbdee978198f5ba12d179bff002751920b6a46930b0d4066b0bda,0,0,0.042195919901132584,0,0.0797627717256546,0,0.03363044187426567,0,0.09200649708509445,0,0.01270280871540308
nomad,0xfa858930bb654c504d12b3c2fb0f59c7630e81222a11958e8ff6dc7f8fb91c74,0,0,0.04217413812875748,0,0.07979367673397064,0,0.03362160176038742,0,0.09201043844223022,0,0.012694651260972023
nomad,0xaee9b16ebf5f3ca2b9fe83013cc473f3c9f7166984d7eb43daaadd9751b6d44b,0,0,0.04220311716198921,0,0.07975247502326965,0,0.03363337740302086,0,0.0920051634311676,0,0.012705529108643532
nomad,0x351fca1e4a6d9587ee6c16a28a75c6c89b345c134f78caaa6a39390b6e960baa,0,0,0.04217413812875748,0,0.07979367673397064,0,0.03362160176038742,0,0.09201043844223022,0,0.012694651260972023
nomad,0x436377003b69f3779df784d9ee9687522cfb9ea52d7084e6589e33e36cdc911c,0,0,0.04220103099942207,0,0.0797555223107338,0,0.03363249823451042,0,0.09200556576251984,0,0.012704754248261452
nomad,0xa9e033a2e4b0b2dd6e2c822d3b3b0b2170ba4866b36597c12ea94cac3ef9c152,0,0,0.04217413440346718,0,0.07979367673397064,0,0.03362160548567772,0,0.09201043844223022,0,0.012694654986262321
nomad,0xa96eb771c755620f0bc9c6d082feaf5b3019cd57961a8db16f982892d4326993,0,0,0.04220156744122505,0,0.07975474745035172,0,0.03363272547721863,0,0.09200545400381088,0,0.012704952619969845
nomad,0xad629eecc167ebde65011aca1c47dda9f54e7c38910633b84dee16b0b33eceee,0,0,0.04217413440346718,0,0.07979367673397064,0,0.03362160548567772,0,0.09201043844223022,0,0.012694654986262321
nomad,0x50cc042052fa2bde25c63a7babccbd21bc5d620ab107473e4384aae4c634e586,0,0,0.042195919901132584,0,0.0797627717256546,0,0.03363044187426567,0,0.09200649708509445,0,0.01270280871540308
nomad,0x55f57f3d5ccc4543f1a6289aef33b84a1d8c49bd4f22ff9d7b2ba878bbbe5794,0,0,0.019772937521338463,0,0.09339261800050735,0,0.032973144203424454,0,0.0747266337275505,0,0.008279489353299141
nomad,0xa867c35716399f2c82fbd991ba3765feedac4b2ad4c61d233f6e735944bc1a8f,0,0,0.042195919901132584,0,0.0797627717256546,0,0.03363044187426567,0,0.09200649708509445,0,0.01270280871540308
nomad,0x73912428d44d9f4f28f056c05ab6b961486250e2c7da737a7eaa5185ce5e4dc1,0,0,0.04217413812875748,0,0.07979367673397064,0,0.03362160176038742,0,0.09201043844223022,0,0.012694651260972023
nomad,0xcd62b9310a85b59723ab2db75faf992a56199f8aea7b562383f237596a969a6e,0,0,0.042201027274131775,0,0.07975555211305618,0,0.03363249823451042,0,0.09200557321310043,0,0.012704729102551937
nomad,0x145ec39d7a72daca08e14eaac1185ada302ab1adae6f3433779cb2cf177369a5,0,0,0.020224466919898987,0,0.09287641197443008,0,0.03293421491980553,0,0.07457089424133301,0,0.007831481285393238
nomad,0xfc73cee5446544067d22fa046f9d945efc76cc04663a758113a7be050b865b38,0,0,0.04217413812875748,0,0.07979367673397064,0,0.03362160176038742,0,0.09201043844223022,0,0.012694651260972023
nomad,0x39b37a29471dd501a9f255c27aae51ef401b570fdfce01377ca459dad4f77efc,0,0,0.042195919901132584,0,0.079762764275074,0,0.03363044559955597,0,0.09200648963451385,0,0.01270280685275793
nomad,0x804906361b631483d7851dd751ba1ffd8ed6682c0cfee5d46327937fadbd065a,0,0,0.04217413440346718,0,0.07979367673397064,0,0.03362160548567772,0,0.09201043844223022,0,0.012694654986262321
nomad,0xdc8c6c59a49c34c7e9ac3f3c016a7f3c9b8e87ef63d1765655769e1528018a2e,0,0,0.042195919901132584,0,0.0797627717256546,0,0.03363044187426567,0,0.09200649708509445,0,0.01270280871540308
nomad,0x17c8577c1601b6b0d88372c7444e023606bbae23ad377128837c6dc125929b68,0,0,0.04116087034344673,0,0.0799768939614296,0,0.03325408697128296,0,0.09390062838792801,0,0.012098693288862705
nomad,0xfe32b96b852b3b7cb68c3f13b697f53f265ee2c847b76b424ecd288ba310135d,0,0,0.042201027274131775,0,0.07975555211305618,0,0.03363249823451042,0,0.09200557321310043,0,0.012704729102551937
nomad,0xb2d1c7ff9f8f91e98043872604ebfcbf8ad5c6f255eaadd51887e8bbbc05ec97,0,0,0.042195919901132584,0,0.079762764275074,0,0.03363044559955597,0,0.09200648963451385,0,0.01270280685275793
nomad,0x996a3d330c2eac9f4299fcee45094a784d231824ae0b331018636b61277146ea,0,0,0.042202264070510864,0,0.07975377887487411,0,0.033633019775152206,0,0.09200530499219894,0,0.01270520780235529
nomad,0xc405a559766cb58ec7bea34484368c6dabecabd94d5c433cc7901dcf45200d4b,0,0,0.042195919901132584,0,0.0797627717256546,0,0.03363044187426567,0,0.09200649708509445,0,0.01270280871540308
nomad,0xaeacd77aaaf0f6f203c8a972e24dcc727b9cc3183d3f1ee21f9272b922ceb19d,0,0,0.04220103099942207,0,0.0797555223107338,0,0.03363249823451042,0,0.09200556576251984,0,0.012704754248261452
nomad,0x1f95fd9030f6c9db91307aca22e62de1e1790de9bb0300b740148658df25b8a9,0,0,0.042195919901132584,0,0.079762764275074,0,0.03363044559955597,0,0.09200648963451385,0,0.01270280685275793
nomad,0x57ddd14a3e77e1973ccebab640f9f31f3522927196bd98fdcbcdc79fca74974c,0,0,0.03756812587380409,0,0.0701153576374054,0,0.03372623398900032,0,0.0976722463965416,0,0.012591385282576084
nomad,0xb3caa405b7d365a20d02a7a371bb3995cb644ea36d235398ed6d405267baa295,0,0,0.04219437390565872,0,0.07976503670215607,0,0.03362978994846344,0,0.09200675785541534,0,0.012702232226729393
nomad,0x4fa1d86ba2886ea79e016b9dd89b76d7a03cc532b71caed9aa34f28be1771b47,0,0,0.04220311716198921,0,0.07975247502326965,0,0.03363337740302086,0,0.0920051634311676,0,0.012705529108643532
nomad,0x98bc063749be25dc8872da56e06baa074243388b9344e09235ace13df2800923,0,0,0.04219460114836693,0,0.07976468652486801,0,0.0336298793554306,0,0.09200674295425415,0,0.012702316977083683
nomad,0x6a686802d7e7ba43591b2aa6406fbc4a800927f649c9ab9556ec68ded956693b,0,0,0.04218147695064545,0,0.07978333532810211,0,0.0336245521903038,0,0.09200909733772278,0,0.012697318568825722
nomad,0x7e73398abaa2a787b1e68a6cd192493a3ddf9b313e5a3386865d7f0d146d42b7,0,0,0.04219485819339752,0,0.07976436614990234,0,0.03362998366355896,0,0.09200669825077057,0,0.012702394276857376
nomad,0x0c2f5965adbc46988495ef937765186350065e3f9f12944648e659502d301489,0,0,0.04219485819339752,0,0.07976436614990234,0,0.03362998366355896,0,0.09200669825077057,0,0.012702394276857376
nomad,0x29b92d6d04533047a41e2fae0ad5dc241ad1f5ef587600211cd9668fc3d15cb9,0,0,0.04218147695064545,0,0.07978333532810211,0,0.0336245521903038,0,0.09200909733772278,0,0.012697318568825722
nomad,0xd48206a3af777f5333bd68aee112a4efb7f7b24e0f9a95e1c61c96ad80d56889,0,0,0.04219485819339752,0,0.07976436614990234,0,0.03362998366355896,0,0.09200669825077057,0,0.012702394276857376
nomad,0xac3e5fc709f7dbe2e7374880c3be08ab9feeb44e72bd420d624bc1109361f30d,0,0,0.04219485819339752,0,0.07976436614990234,0,0.03362998366355896,0,0.09200669825077057,0,0.012702394276857376
nomad,0x1ada0e1733585bf54bde979eb4b802f3f1cbe5ddf5df4e33457d19ce47ef8a50,0,0,0.04219485819339752,0,0.07976436614990234,0,0.03362998366355896,0,0.09200669825077057,0,0.012702394276857376
nomad,0x78a609cc7b9681f2d1379d2167a6fa3914d3889b4b703478e798a49fc7abc4ae,0,0,0.04219485819339752,0,0.07976436614990234,0,0.03362998366355896,0,0.09200669825077057,0,0.012702394276857376
nomad,0x0459aedbcaf0ed164e161b580161c8015f23a85332ab01e3641d4037513e6de7,0,0,0.04219485819339752,0,0.07976436614990234,0,0.03362998366355896,0,0.09200669825077057,0,0.012702394276857376
nomad,0x4f632f76d95c6852233b67ec8197c3d24028a45605dc9ba42e5cd6298a86b830,0,0,0.04219485819339752,0,0.07976436614990234,0,0.03362998366355896,0,0.09200669825077057,0,0.012702394276857376
nomad,0x1f8f6fb3fba9356685da96b50612de6036ba420273a99bfe2b350ae8bb35b6af,0,0,0.04218147695064545,0,0.07978333532810211,0,0.0336245521903038,0,0.09200909733772278,0,0.012697318568825722
nomad,0x20e4145b59bcb49687fcd58d0c29f8dbdbc4992f7a84c10447849327c03c6a82,0,0,0.04219460114836693,0,0.07976465672254562,0,0.0336298793554306,0,0.09200674295425415,0,0.012702316977083683
nomad,0x46ea7c7cf8bbf2a8bc6454e6334ff9aaa4454773c38183f8dd3718107a0fc7bd,0,0,0.04219460114836693,0,0.07976468652486801,0,0.0336298793554306,0,0.09200674295425415,0,0.012702316977083683
nomad,0x731ada760d920219f590ff069f41b4d53118fb0896be0a64d60314b1d65ec7af,0,0,0.04219460114836693,0,0.07976468652486801,0,0.0336298793554306,0,0.09200674295425415,0,0.012702316977083683
nomad,0xf80fdedbeef2ec9142b6e5bbbe677106413998ea6e95cce0b37303d396ecb416,0,0,0.04219485819339752,0,0.07976436614990234,0,0.03362998366355896,0,0.09200669825077057,0,0.012702394276857376
nomad,0x711cab637cdd50b6e7ed61c36576347aac7b77634e70608a84d41de694ea97a7,0,0,0.04219485819339752,0,0.07976436614990234,0,0.03362998366355896,0,0.09200669825077057,0,0.012702394276857376
nomad,0xbc1d1aa0b45441392e546f63e0d1ee2c7f2163eb0aa0c51a2f2f735353644d01,0,0,0.04219460114836693,0,0.07976468652486801,0,0.0336298793554306,0,0.09200674295425415,0,0.012702316977083683
nomad,0xbc0318f30318db9966ed03eff5458549d76e904f2909b022e1706149a0202dea,0,0,0.04219485819339752,0,0.07976436614990234,0,0.03362998366355896,0,0.09200669825077057,0,0.012702394276857376
nomad,0x4d5d8efc1f5ec46b3b411237d3877424556afc913ccb603d2ab75088f8d9dbdc,0,0,0.04219460114836693,0,0.07976468652486801,0,0.0336298793554306,0,0.09200674295425415,0,0.012702316977083683
nomad,0x3b9d46bc3e4de190c24573afba23a57c81fd5095a2d33d9818e95b1927c44ecb,0,0,0.04219460114836693,0,0.07976468652486801,0,0.0336298793554306,0,0.09200674295425415,0,0.012702316977083683
nomad,0x2b1292338505632950341c4ad48f93b918ea0f5836b6423b88753520c84b874c,0,0,0.04219485819339752,0,0.07976436614990234,0,0.03362998366355896,0,0.09200669825077057,0,0.012702394276857376
nomad,0xc7b6c05d9082063993b8b6bc82ca6f8edea97ca6a05bbfc28c432ea82ea55f28,0,0,0.04219485819339752,0,0.07976436614990234,0,0.03362998366355896,0,0.09200669825077057,0,0.012702394276857376
nomad,0xd58fdd8d30f55caa427168f73994b8d8e09a914b3e2341e6bc292576f5c81afd,0,0,0.04219485819339752,0,0.07976436614990234,0,0.03362998366355896,0,0.09200669825077057,0,0.012702394276857376
nomad,0x49483261e7c21b1a70ade9d467d238db8cc28c86c60d1f03da903f165fdf4776,0,0,0.04219485819339752,0,0.07976436614990234,0,0.03362998366355896,0,0.09200669825077057,0,0.012702394276857376
nomad,0x370b702ff21331a27cf2f434ea09deabc2447521ec007b10389423f849a19263,0,0,0.04218147695064545,0,0.07978333532810211,0,0.0336245521903038,0,0.09200909733772278,0,0.012697318568825722
nomad,0x67459b2b6d7ed5ee9535ec6e7788c9d776e42d827d59b5b401f9de6ac75e38aa,0,0,0.04219460114836693,0,0.07976468652486801,0,0.0336298793554306,0,0.09200674295425415,0,0.012702316977083683
nomad,0x2adcb5ebe120cbe776b5966527af024ba3aca3dc76af49c798a88ac265488dd4,0,0,0.04219485819339752,0,0.07976436614990234,0,0.03362998366355896,0,0.09200669825077057,0,0.012702394276857376
nomad,0x3a390ce758aa482995eedf4ac25c882994613fdac5f991e4e55c47a61d376f22,0,0,0.04218147695064545,0,0.07978333532810211,0,0.0336245521903038,0,0.09200909733772278,0,0.012697318568825722
nomad,0xf757bd528014ef186a073e891bea3b682d3332c55e84d9de425ef548b4a2c4ef,0,0,0.04219460114836693,0,0.07976468652486801,0,0.0336298793554306,0,0.09200674295425415,0,0.012702316977083683
nomad,0x0a9bd7759810cb97c97f433f8f305c7fc972890b99cb3388394cd15c1c2062f0,0,0,0.04219812899827957,0,0.07975968718528748,0,0.03363131731748581,0,0.0920061320066452,0,0.01270363014191389
nomad,0x8df68ddbf9242b41aa4705fa34bc657db267736574c099de557db0184c29fcb2,0,0,0.04219460114836693,0,0.07976465672254562,0,0.0336298793554306,0,0.09200674295425415,0,0.012702316977083683
nomad,0x7a05d8a9bce756a02095efd421d4ed8629cc3a8b053283400fb8b7c3f1349b00,0,0,0.04219485819339752,0,0.07976436614990234,0,0.03362998366355896,0,0.09200669825077057,0,0.012702394276857376
nomad,0x530dc237c64d4be83459ec49126537a30d1a58c50707e7ab2e140913cb12365a,0,0,0.04219485819339752,0,0.07976436614990234,0,0.03362998366355896,0,0.09200669825077057,0,0.012702394276857376
nomad,0x223b8072e47214b7b6dad38af4b62deb8072910321ea67b38ddba3d74b563e69,0,0,0.04219485819339752,0,0.07976436614990234,0,0.03362998366355896,0,0.09200669825077057,0,0.012702394276857376
nomad,0x8cccae7391bbf3e0be15dd3a44655c1876bb37675b5c88e2e60e2d3a34b4923f,0,0,0.04219485819339752,0,0.07976436614990234,0,0.03362998366355896,0,0.09200669825077057,0,0.012702394276857376
nomad,0x3574400bc101b9bd0bfdd4d2626b0991318241e1bb691692bc623be0128a1f90,0,0,0.04219485819339752,0,0.07976436614990234,0,0.03362998366355896,0,0.09200669825077057,0,0.012702394276857376
nomad,0xe851f00cd6033c2aa636af73d87739b5e7f9fd3b1d0e1af7de0c4634d0b9f12d,0,0,0.04219485819339752,0,0.07976436614990234,0,0.03362998366355896,0,0.09200669825077057,0,0.012702394276857376
nomad,0xd14698415811478ac309250f2af8f42dfad7d8e4f2381357c8dc9bf0277efb73,0,0,0.04219485819339752,0,0.07976436614990234,0,0.03362998366355896,0,0.09200669825077057,0,0.012702394276857376
nomad,0x0008d7c1d9f1c3033900c248803bda78ec8e623852a695f8d5ec06ae97765afc,0,0,0.04219485819339752,0,0.07976436614990234,0,0.03362998366355896,0,0.09200669825077057,0,0.012702394276857376
nomad,0xd6bd27d5879f89af31b7fde92d870289cd4ea6d5b51e112fcbfc9f93d24d7039,0,0,0.04219460114836693,0,0.07976465672254562,0,0.0336298793554306,0,0.09200674295425415,0,0.012702316977083683
nomad,0x2b448ddce126faf45e071edc1607a3fde66a13acfe52497462c5005a8abe64c2,0,0,0.04219460114836693,0,0.07976468652486801,0,0.0336298793554306,0,0.09200674295425415,0,0.012702316977083683
nomad,0xe1558f3a4a429db576045920060bdc125d1d4e5e8470351678d1b6ca5c758c15,0,0,0.04219460114836693,0,0.07976468652486801,0,0.0336298793554306,0,0.09200674295425415,0,0.012702316977083683
nomad,0x79733e36be7e592b39dfcfc6cbd6b4a39d750144412682bda9c11b776c768576,0,0,0.04219460114836693,0,0.07976468652486801,0,0.0336298793554306,0,0.09200674295425415,0,0.012702316977083683
nomad,0x7d908aaed6a35033acb0f9ee12164874c9bcb2312d56ba66910d4b86f13c2fb5,0,0,0.04219485819339752,0,0.07976436614990234,0,0.03362998366355896,0,0.09200669825077057,0,0.012702394276857376
nomad,0x9d432bfaae24c3443df35f8b8ee11b22620bd318fa74866c240096e4c225677f,0,0,0.04219460114836693,0,0.07976465672254562,0,0.0336298793554306,0,0.09200674295425415,0,0.012702316977083683
nomad,0xf062a071e7377fee21a627daef1c66d8600004bbcbcd06ebe621bbeafa9cc839,0,0,0.04219460114836693,0,0.07976465672254562,0,0.0336298793554306,0,0.09200674295425415,0,0.012702316977083683
nomad,0x33ab475b9f72743ba8d6cd0490b4ba4d3b08d5d8afa742b413ce66c705fd4bf1,0,0,0.04219485819339752,0,0.07976436614990234,0,0.03362998366355896,0,0.09200669825077057,0,0.012702394276857376
nomad,0x80d24053f47e118b4d469dbff518c004838ac8f79defea5e5f2e876e36f18542,0,0,0.04219485819339752,0,0.07976436614990234,0,0.03362998366355896,0,0.09200669825077057,0,0.012702394276857376
nomad,0xd2d5af840cc2c8e5cdf1c910c036e111878ab0f95ee185a7150453f9efffddeb,0,0,0.04219485819339752,0,0.07976436614990234,0,0.03362998366355896,0,0.09200669825077057,0,0.012702394276857376
nomad,0x40f15c50f5323819a82fb5fe222a00827e66a256dd7b107bd90b500ab72670b2,0,0,0.04219485819339752,0,0.07976436614990234,0,0.03362998366355896,0,0.09200669825077057,0,0.012702394276857376
nomad,0xd5beea4a73145c8dd3478ae257041adac5fd3057fe0108afebf127270172b8ac,0,0,0.04219485819339752,0,0.07976436614990234,0,0.03362998366355896,0,0.09200669825077057,0,0.012702394276857376
nomad,0x99d73c0132d0d2ee4777428b3cb189a8938297ffd2cecbe79b2275383aa506c4,0,0,0.04219460114836693,0,0.07976465672254562,0,0.0336298793554306,0,0.09200674295425415,0,0.012702316977083683
nomad,0x399952be2a49ed999fadf73044c1393ab4816b91e1f066956c4062f8976d7b77,0,0,0.04219460114836693,0,0.07976468652486801,0,0.0336298793554306,0,0.09200674295425415,0,0.012702316977083683
nomad,0xd3ad228c4a3b5bfe4b73c953a0f0764fee2ab15d4978a8aa7695aeb3ffb6965b,0,0,0.04219485819339752,0,0.07976436614990234,0,0.03362998366355896,0,0.09200669825077057,0,0.012702394276857376
nomad,0xac1a3f20d08a14b1b89289f4abbb24441c57d598863283140bebd50e389ed5fb,0,0,0.04219485819339752,0,0.07976436614990234,0,0.03362998366355896,0,0.09200669825077057,0,0.012702394276857376
nomad,0x02987668ad6af110068dd55c383a0f6222bf688383abbced8d6b750326724d66,0,0,0.04219485819339752,0,0.07976436614990234,0,0.03362998366355896,0,0.09200669825077057,0,0.012702394276857376
nomad,0x42461dfae67e870e4dc0b3f1c7cc2e9345206c559947ded06357b3de120ffdc0,0,0,0.04219485819339752,0,0.07976436614990234,0,0.03362998366355896,0,0.09200669825077057,0,0.012702394276857376
nomad,0x2cc396740f5a9bb562e4f34b64c03d976fff62b0cd2cd9d2072af986ab2898bd,0,0,0.04219485819339752,0,0.07976436614990234,0,0.03362998366355896,0,0.09200669825077057,0,0.012702394276857376
nomad,0xd55404d37171aec420b1d3cb11b996fbba6d50b86b02f562c1d0796729400097,0,0,0.04219485819339752,0,0.07976436614990234,0,0.03362998366355896,0,0.09200669825077057,0,0.012702394276857376
nomad,0x6e45ef1d33b63dfea9171611a025859eed8d1c05f1a0bab79a322a268d64dfd5,0,0,0.04219485819339752,0,0.07976436614990234,0,0.03362998366355896,0,0.09200669825077057,0,0.012702394276857376
nomad,0x1c86d4c046149a7fd56f16803140ed71fc2a85bd42b7fb21af08efdb09b69021,0,0,0.04219460114836693,0,0.07976468652486801,0,0.0336298793554306,0,0.09200674295425415,0,0.012702316977083683
nomad,0x2b6779b5c44fb7ae2cae200bdc846665e1ef463cfdfcd4a83f5dfbfb999f2f99,0,0,0.04219485819339752,0,0.07976436614990234,0,0.03362998366355896,0,0.09200669825077057,0,0.012702394276857376
nomad,0x12559e4f434f21ab52e1ef68e5341ede4b504656163f69d38daed4a10b2be631,0,0,0.04219460114836693,0,0.07976468652486801,0,0.0336298793554306,0,0.09200674295425415,0,0.012702316977083683
nomad,0x023e25bc285be1822999efcb2a7dd10bb37d52fbe9e8e4ff3e62849c877be4bb,0,0,0.04219485819339752,0,0.07976436614990234,0,0.03362998366355896,0,0.09200669825077057,0,0.012702394276857376
nomad,0x88d4666e441a47cc3b7320eb2b8de96a604153b02db9a9f5bef5f9b6be262b55,0,0,0.04219460114836693,0,0.07976468652486801,0,0.0336298793554306,0,0.09200674295425415,0,0.012702316977083683
nomad,0x2360e10200a4d9ef3b61adf03380a6781fdce89fd2c7d663201eb364762d9968,0,0,0.04219460114836693,0,0.07976468652486801,0,0.0336298793554306,0,0.09200674295425415,0,0.012702316977083683
nomad,0x196e8b72ace23c36cede26e9ac30d9595d5a29834a4d9b3ad8ed802de9d11923,0,0,0.042195919901132584,0,0.079762764275074,0,0.03363044559955597,0,0.09200648963451385,0,0.01270280685275793
nomad,0x47e68424740f95242668143b95dec4518d93e610d566133bf715660091dacc51,0,0,0.04219812899827957,0,0.07975968718528748,0,0.03363131731748581,0,0.0920061320066452,0,0.01270363014191389
nomad,0x9bffda0b408e253a2d858fac8c47265aae45fda1172648dac06b075d8be9ac95,0,0,0.03711186721920967,0,0.07028158754110336,0,0.03367559611797333,0,0.09782658517360687,0,0.012620838358998299
nomad,0x0519ef823465cec9236e1e365a7e2d0334fbeb0ee8fdec8a7e9c253937a3bfa3,0,0,0.04219437390565872,0,0.07976503670215607,0,0.03362978994846344,0,0.09200675785541534,0,0.012702232226729393
nomad,0xaa4e4cb89074175f9819e8af70737280c3e93a42d13cf3b4e58e10ad91658069,0,0,0.019771726801991463,0,0.09339452534914017,0,0.03297337144613266,0,0.0747290551662445,0,0.008277900516986847
nomad,0x0e15fbb9d66402aa61fd87cc0cb3f900da96963959b50e7be28c4a8abafa0589,0,0,0.04220156744122505,0,0.07975474745035172,0,0.03363272547721863,0,0.09200545400381088,0,0.012704952619969845
nomad,0xa0bc9896979523e2d35583d8c20248a56c8e63dc57c3734c07b47b1671231cbe,0,0,0.025299277156591415,0,0.2720118761062622,0,0.055314768105745316,0,0.2656067907810211,0,0.0754326805472374
nomad,0x02294b96d5d999cb74bd7b69f6b7027d7f57b631c083d0b0173e625b1aaad19d,0,0,0.036869391798973083,0,0.05846782401204109,0,0.038959793746471405,0,0.08785037696361542,0,0.02761855721473694
nomad,0x7b211aeb75eafd1c617b6bb68b99d727d21bc8bd94cd14788d3235349401ca79,0,0,0.024532675743103027,0,0.2673623561859131,0,0.05476110428571701,0,0.2667527496814728,0,0.07772719860076904
nomad,0x7df9c62b990d7fd10653d9abc9edd4e420599a218eaf93e63a2283de5aaa9de7,0,0,0.025307755917310715,0,0.2719285786151886,0,0.0553109385073185,0,0.2658132016658783,0,0.07545959204435349
nomad,0xf6713b6eb5af9b0abac11210da1606f7512426f97a7eec62262f714a0146dbde,0,0,0.024532675743103027,0,0.2673623561859131,0,0.05476110428571701,0,0.2667527496814728,0,0.07772719860076904
nomad,0xfcb2a1dab6e23be460d174e7df4836e140bb573e50770612e4745b599825a90f,0,0,0.03687036782503128,0,0.058463215827941895,0,0.0389585942029953,0,0.08784274011850357,0,0.027621541172266006
nomad,0x365e6b35c811afa5bfde716b97b99b0c821989466fc767e7663af21697629012,0,0,0.025296499952673912,0,0.27203863859176636,0,0.055316012352705,0,0.2655392289161682,0,0.07542424649000168
nomad,0x751032660e357b1490f17a6d47d2e42ea1c6b8497afdb81fc84225594c7b461f,0,0,0.03687047213315964,0,0.058462586253881454,0,0.03895842656493187,0,0.08784167468547821,0,0.027621936053037643
nomad,0x91e1616d7e3dea244f7c0907df3acdc3bbfe75d09828327d9ddc8e96743a94fa,0,0,0.025299547240138054,0,0.2720089256763458,0,0.05531465262174606,0,0.2656137943267822,0,0.07543375343084335
nomad,0xbd1bb6c3637721861926662aa78391fce90dae59a5af3e276a3027f1d90a3c3b,0,0,0.024523992091417313,0,0.26740172505378723,0,0.05476563796401024,0,0.266631543636322,0,0.07771234959363937
nomad,0xabec1f7ddeebc21b461d954e13b6da8305aa2bfa0101219e0904cf576a3665ee,0,0,0.03663043677806854,0,0.05821128934621811,0,0.03936201333999634,0,0.08939507603645325,0,0.028224164620041847
nomad,0xa94c85c58986622eab48c65d8dd0194b0f52ad8ead254409207cb150a5e43010,0,0,0.02453244850039482,0,0.26736319065093994,0,0.05476120859384537,0,0.26674985885620117,0,0.0777268260717392
nomad,0x555b8136016afab9c71db873e6db08fd98722dc60b4132fe0cd800d92bd6d398,0,0,0.025304293259978294,0,0.27196282148361206,0,0.055312514305114746,0,0.2657284438610077,0,0.07544881105422974
nomad,0xa65527573e95a9f29dac217f42a07b39f89656cee04b253bc9fca7ccfbca8b84,0,0,0.036869391798973083,0,0.05846782401204109,0,0.038959793746471405,0,0.08785037696361542,0,0.02761855721473694
nomad,0xf48039d2648d2e9fb31cb5e96466c31a01a6f27196d696aea2701dae2f02753a,0,0,0.024536985903978348,0,0.2673424482345581,0,0.05475883558392525,0,0.26681312918663025,0,0.0777343213558197
nomad,0x578635a6caec709390e62a3dc9bbcb26cbe230c9f70ed800976e4a9e46535625,0,0,0.036866266280412674,0,0.058481670916080475,0,0.03896348550915718,0,0.08787328749895096,0,0.027609404176473618
nomad,0x6aa3e62164a832e68a77cb0ddd8e92e7b17f612d63b1ab31f78224f3e4853729,0,0,0.024523980915546417,0,0.2674018442630768,0,0.05476563423871994,0,0.26663124561309814,0,0.07771237194538116
nomad,0xc87cbdf6fce72d5d463c8f91cd2daa4e308c1b463de841f61e5cc82b44b3e829,0,0,0.03662640601396561,0,0.05822239816188812,0,0.0393645279109478,0,0.08941371738910675,0,0.028214894235134125
nomad,0xafeccf7c12fdc26072adf27c5696fff785e8cbbedeea14bc9e28caa666270424,0,0,0.025299958884716034,0,0.27200448513031006,0,0.05531442537903786,0,0.2656240165233612,0,0.07543500512838364
nomad,0xac4ef859a431760473be86a4a5e29b0c90738dae31f4e1a8d4daecc89dff80c0,0,0,0.025299547240138054,0,0.2720089256763458,0,0.05531465262174606,0,0.2656137943267822,0,0.07543375343084335
nomad,0xcd52f60564791c5ffa664f28b1b710dc0fcda9facff759976c0918d206ebb0f0,0,0,0.02529759146273136,0,0.2720279395580292,0,0.05531550943851471,0,0.2655666768550873,0,0.07542772591114044
nomad,0x74c1ae206ebab019dada81441ee11268bd17ed065d8e8866a9d4c5cc2a931e0b,0,0,0.036869391798973083,0,0.05846782401204109,0,0.038959793746471405,0,0.08785037696361542,0,0.02761855721473694
nomad,0x3eb597da9ebdff1bcda850c35eaf60e5e4310c885b5ef488cf9fc1249c15ae2b,0,0,0.024926472455263138,0,0.27209940552711487,0,0.05547187104821205,0,0.2630256414413452,0,0.07412996143102646
nomad,0x91437d559f07d34c338a068d7b6198a5b9d4cf2e79ce70daa1d49fdc47f7430c,0,0,0.024533459916710854,0,0.267358660697937,0,0.05476067215204239,0,0.26676392555236816,0,0.07772848010063171
nomad,0xcbc484237e53d5f7b130d4047492226b6f74bf5911192467ed62151f96e5cd78,0,0,0.02412017621099949,0,0.26678696274757385,0,0.05489607900381088,0,0.2663711905479431,0,0.07792598009109497
nomad,0x1da2dcb2eb5ba177200280b43ff52ebd60fada56debf21e3db844ba65233ce81,0,0,0.024533459916710854,0,0.267358660697937,0,0.05476067215204239,0,0.26676392555236816,0,0.07772848010063171
nomad,0xf584f680c659aa2a78a38e78ce2efa07f2ae0489c480696ccb3af5f6624519ac,0,0,0.036624275147914886,0,0.05822834372520447,0,0.03936588019132614,0,0.08942355960607529,0,0.028209926560521126
nomad,0xda23954fe4ce7993f76024cc688c4bf390f0fcfe1f079493dcb27251400cfe05,0,0,0.024533459916710854,0,0.267358660697937,0,0.05476067215204239,0,0.26676392555236816,0,0.07772848010063171
nomad,0x157c9bd3d0f460cfaae762b0fe10cb120bfbe172a52852bccd1b412b49df4be6,0,0,0.036029521375894547,0,0.058630432933568954,0,0.03974022716283798,0,0.08871377259492874,0,0.02988622523844242
nomad,0x587ab5ac4924729b4d8b2c53da8afae505147a4f08aaf7b63f0dfcf2a747d371,0,0,0.02412976510822773,0,0.26674920320510864,0,0.054890863597393036,0,0.2665249705314636,0,0.07794100791215897
nomad,0xb7ecc4d1770bc72145cf1e6d57f909bdc2685bf0fd0c65b45782fe3b9db25c52,0,0,0.024126578122377396,0,0.26676154136657715,0,0.05489259958267212,0,0.26647424697875977,0,0.07793594151735306
nomad,0xb50d37a2bda5dc194ba0a5556a9a9769d46719572230e15c156792befd5796f8,0,0,0.03686697036027908,0,0.05847838893532753,0,0.03896259516477585,0,0.0878678411245346,0,0.02761155739426613
nomad,0x11a2706fd9a7359c221000003129c2c4668138430128b7e123b7f1f1406840c2,0,0,0.024533459916710854,0,0.267358660697937,0,0.05476067215204239,0,0.26676392555236816,0,0.07772848010063171
nomad,0xd82c50639a0aa0fff573965df8340a70e205d1961ee2bd9920d0c52502428bf3,0,0,0.036029521375894547,0,0.058630432933568954,0,0.03974022716283798,0,0.08871377259492874,0,0.02988622523844242
nomad,0x174d189189ba038ba6de011e2281dac5df6eb5e0d5f683335684948820a5908a,0,0,0.024533459916710854,0,0.267358660697937,0,0.05476067215204239,0,0.26676392555236816,0,0.07772848010063171
nomad,0x68c4781bb955a9f37d50fc4f721b3bdc4fb50102bf73a35db8547279429e54bf,0,0,0.02412647381424904,0,0.2667619287967682,0,0.054892655462026596,0,0.26647236943244934,0,0.07793580740690231
nomad,0x98cbd53fc06ac9a6b52dcb6b9a03e401a27c3d92085e0303c8fd1d9f033611aa,0,0,0.03662664815783501,0,0.05822170525789261,0,0.03936435282230377,0,0.08941251784563065,0,0.028215475380420685
nomad,0xbfd87ed2f2dccec6f2ac3c071ff3a492e52d2ab96419eb91f84630acf0f8db55,0,0,0.02453436888754368,0,0.2673548460006714,0,0.05476019158959389,0,0.26677700877189636,0,0.07773016393184662
nomad,0x78b54bfd28d3abde01a840b61c5016436513a03f35db4d769de0e46119698a17,0,0,0.02453567087650299,0,0.2673488259315491,0,0.054759491235017776,0,0.2667948007583618,0,0.07773230224847794
nomad,0x9476967c26375265fdf6e2c49195da1bde8ef7abf30164571050e9068eb03600,0,0,0.02453567087650299,0,0.2673488259315491,0,0.054759491235017776,0,0.2667948007583618,0,0.07773230224847794
nomad,0x3bc89d5f4b4af165ad8b25e823fd34e53521ac30bfa6add2686e7388af868b5e,0,0,0.03686870262026787,0,0.058470968157052994,0,0.03896062821149826,0,0.08785558491945267,0,0.02761644683778286
nomad,0x21e7b8672ba9e7317d5c3be8939acbea711d22c4bf4432b17c82d0416253ae4d,0,0,0.024126578122377396,0,0.26676154136657715,0,0.05489259958267212,0,0.26647424697875977,0,0.07793594151735306
nomad,0x3ad058d9fc9d92dfc03841ec890f29f75f1c3b14513f344777c44422ba4973da,0,0,0.036869458854198456,0,0.05846751481294632,0,0.03895973414182663,0,0.08784987032413483,0,0.027618655934929848
nomad,0x89cf33b30bd1e51d6f46bbde213f9f8c8ec740a3c10a83f27208105329ad1353,0,0,0.025305384770035744,0,0.2719515264034271,0,0.05531200021505356,0,0.26575595140457153,0,0.07545220851898193
nomad,0xcfa16133acbfd7e9ea3fa59e6406287206911a624a26e93a678f24b2a9485560,0,0,0.024541296064853668,0,0.2673235535621643,0,0.05475660786032677,0,0.2668737769126892,0,0.07774179428815842
nomad,0x70a3b52036257a465ca3b85999bfc07c0a348eda149f91c037090ac3a743a672,0,0,0.036869391798973083,0,0.05846782401204109,0,0.038959793746471405,0,0.08785037696361542,0,0.02761855721473694
nomad,0x06acddf5f1458b9fe852ae74bf5d0fe4b37b404113297908872f3ad1a00520e5,0,0,0.02530139870941639,0,0.27199122309684753,0,0.055313821882009506,0,0.2656584680080414,0,0.07543953508138657
nomad,0x57f26c730674d37e425ba320b5789f8d276ba662c7a6c5ffd4a5b11d30365bb6,0,0,0.024541296064853668,0,0.2673235535621643,0,0.05475660786032677,0,0.2668737769126892,0,0.07774179428815842
nomad,0xc3ce0523da3845643099a5797e31842d7e8d69616b5053dcec15348ede6e8c2d,0,0,0.024528302252292633,0,0.26738211512565613,0,0.05476336181163788,0,0.2666919529438019,0,0.0777197778224945
nomad,0x38c3ffbb39da396bc7f21a3b49e0447b0370de4ec799ebf5daad73ec110def4f,0,0,0.025300685316324234,0,0.27199774980545044,0,0.05531411990523338,0,0.2656411826610565,0,0.07543741166591644
nomad,0x4ba2c9e0f69f31ef0719995119c4fbe91703ff454fe0f1507a48b31874f01d2b,0,0,0.024126386269927025,0,0.2667626142501831,0,0.05489271879196167,0,0.26647064089775085,0,0.07793556153774261
nomad,0x595ed86a0004b8b5a3c1cfb1687db2d088df3db3a8914d5cf39559add4534958,0,0,0.03686996549367905,0,0.05846521258354187,0,0.03895909711718559,0,0.0878460556268692,0,0.0276202242821455
nomad,0xe3992839059b00ccf94542708d53e66d1e4127bcdf462c8a463d0c8343901f29,0,0,0.02412647381424904,0,0.2667619287967682,0,0.054892655462026596,0,0.26647236943244934,0,0.07793580740690231
nomad,0xd9d2b0dca2b185ebcd99fe6d5936667c963f29834241f54544d3f693e35ad2a3,0,0,0.036868833005428314,0,0.05847008153796196,0,0.03896041214466095,0,0.08785411715507507,0,0.027617022395133972
nomad,0xd4b237a6928648301e02d1f0fb8b1d7bd1cce3aa1ae0f15e04bb96a6596eefc6,0,0,0.025305384770035744,0,0.2719515264034271,0,0.05531200021505356,0,0.26575595140457153,0,0.07545220851898193
nomad,0xd27b6ef1b0f8313ebbca60856312adc4d8ae7eeb9255c5b02a8e81c4aac67d48,0,0,0.025305384770035744,0,0.2719515264034271,0,0.05531200021505356,0,0.26575595140457153,0,0.07545220851898193
nomad,0x0c4858f54f81c960387b8dd6284ca837926bef4025403b18b9e90cf42794a5fa,0,0,0.024531906470656395,0,0.2673659026622772,0,0.054761480540037155,0,0.26674196124076843,0,0.07772575318813324
nomad,0x66d63acd4a14a66f8c1247b83fe86c1cdceb488b2b74f6b053a6d8d5d5b25138,0,0,0.024532675743103027,0,0.2673623561859131,0,0.05476110428571701,0,0.2667527496814728,0,0.07772719860076904
nomad,0x44835833b08693470aafe340266dedf8b54f0166f42f4ac5742984044392a637,0,0,0.03602955490350723,0,0.0586327388882637,0,0.03973991423845291,0,0.08871743083000183,0,0.029885005205869675
nomad,0x8aa97f27d2a90b3c5afdb0a19fc31736c08ee44dc05afbb00c8dcbbd3f7b44e3,0,0,0.024532675743103027,0,0.2673623561859131,0,0.05476110428571701,0,0.2667527496814728,0,0.07772719860076904
nomad,0x37539a5580055792843cc65485e0743a334179770e65094221e9972b7daa7208,0,0,0.03687036782503128,0,0.058463215827941895,0,0.0389585942029953,0,0.08784274011850357,0,0.027621541172266006
nomad,0xc781a00311d4c8bd8eb9b5a5e5989762b1cbcc0043992473169394d329ef1886,0,0,0.037175923585891724,0,0.058531150221824646,0,0.03889024257659912,0,0.0882100760936737,0,0.027473067864775658
nomad,0x3de2737a4efa81ee9ed86d4320d59a8d2e6871ef84d9cf335ddc0a017b9874dc,0,0,0.024532675743103027,0,0.2673623561859131,0,0.05476110428571701,0,0.2667527496814728,0,0.07772719860076904
nomad,0xf724ae6ec4876d05ca740376bbc4e0ddedc5d0aafbf83e005de0ccbfc8a0c21f,0,0,0.02530374936759472,0,0.27196821570396423,0,0.055312756448984146,0,0.26571589708328247,0,0.0754469558596611
nomad,0x70d8f4032397a010e32f6fae95c201b6c790edf6e5aba26000ba8166b6e7a6b3,0,0,0.024533459916710854,0,0.267358660697937,0,0.05476067215204239,0,0.26676392555236816,0,0.07772848010063171
nomad,0xcadf32aa7ff24fe03e052fd290918262020e13a030e5569e1e9c86de6625ac95,0,0,0.03686996549367905,0,0.05846521258354187,0,0.03895909711718559,0,0.0878460556268692,0,0.0276202242821455
nomad,0xe5f5616f40d919e5d13e512d9f8089622218c8a34f5e61c81d8669b60c96b7d7,0,0,0.024538295343518257,0,0.2673369348049164,0,0.05475817248225212,0,0.2668314278125763,0,0.07773661613464355
nomad,0x8a0bd6701f962aed8cc4bed03b23d8bef02ad66d1bdf9cd0deb1a33500e74c22,0,0,0.02453092858195305,0,0.26737040281295776,0,0.05476200580596924,0,0.26672840118408203,0,0.07772424072027206
nomad,0x7c8a54f83f8f33d431fbfe9ca7da8f8c37ff9166c9706a94e6d841a4c6592b7b,0,0,0.042203016579151154,0,0.07975273579359055,0,0.033633310347795486,0,0.09200520813465118,0,0.012705464847385883
nomad,0x6b3b840b249e65ae26965d9303e5cfc01fbe07717bc155104ef543fcfb755fcc,0,0,0.04220191016793251,0,0.07975436002016068,0,0.03363285958766937,0,0.0920054018497467,0,0.012705054134130478
nomad,0x2354e8f8a9dddea2efe48e0bfbe279e28eec044705e7fc00c885da91b37ac862,0,0,0.04220191016793251,0,0.07975436002016068,0,0.03363285958766937,0,0.0920054018497467,0,0.012705054134130478
nomad,0xaebe3623d07a6a811958cadfb4d355f489dd2071b42e5a3af590004cee9385f7,0,0,0.01976933144032955,0,0.09339836239814758,0,0.03297383338212967,0,0.07473389804363251,0,0.008274735882878304
nomad,0x5989ecd242555af33f795a26eabf40933fc4095d6026fec57ae07a4905969a41,0,0,0.042220041155815125,0,0.07972848415374756,0,0.03364028036594391,0,0.09200210869312286,0,0.012711865827441216
nomad,0x4bc9a52244d52b3efdabcb2e0ec08fd6d3efc8cb48362e593ae199ad87614f67,0,0,0.042214538902044296,0,0.07973621785640717,0,0.03363804891705513,0,0.09200309962034225,0,0.01270984299480915
nomad,0xfe2f56f67593b7ae1d3b76d554886b978db24903521a2268ffa000d3ea5dcf18,0,0,0.02022465504705906,0,0.09287606924772263,0,0.03293418139219284,0,0.07457047700881958,0,0.00783180259168148
nomad,0x8b16928f7a61fdd310731cccaef8839888e98ecfd0ecb2130ee9d59c305884ea,0,0,0.020221471786499023,0,0.09288112074136734,0,0.032934918999671936,0,0.07457668334245682,0,0.007826793938875198
nomad,0xd0c3c96b416651cf04addfc98f56d367dd3f7c8796a928f2c6eed68fe1f5e7f1,0,0,0.019768226891756058,0,0.09340012818574905,0,0.03297404944896698,0,0.07473612576723099,0,0.008273250423371792
nomad,0x547195b054d41fbe89855c3c26cea158b9490ea875c396a4129b0f93732f7dae,0,0,0.04221934452652931,0,0.07972954213619232,0,0.03363997861742973,0,0.09200221300125122,0,0.012711603194475174
nomad,0x1941a582daa519fb54d388410b66f59486e99caa4822003fcd0e7258a61ae45c,0,0,0.042210664600133896,0,0.07974191009998322,0,0.033636435866355896,0,0.09200378507375717,0,0.012708346359431744
nomad,0xeb710515677211ebcc49a46777949b0a80954e072d10c409858d3a265a8ceb83,0,0,0.04114125669002533,0,0.08000987768173218,0,0.03324850648641586,0,0.09391352534294128,0,0.012088672257959843
nomad,0x2215b3fa15fa910651cace1e74c3d811e6126aeb75034c6f2397fc7c3087d4cc,0,0,0.04230045899748802,0,0.0800689309835434,0,0.03319846838712692,0,0.09397076815366745,0,0.012176312506198883
nomad,0xa5ebf89b5e9dd735b9312d46d64b851089a9d59f99f0dbc3981fc55724101f13,0,0,0.042213913053274155,0,0.07973732054233551,0,0.033637743443250656,0,0.0920032188296318,0,0.01270956452935934
nomad,0x07b640fa77df730a0e4bffdf0b07b4419870ae712e611fac1398158a87209f81,0,0,0.04220527410507202,0,0.07974949479103088,0,0.0336342491209507,0,0.09200477600097656,0,0.012706330046057701
nomad,0x7caaddd68b0a751b7b02781985016b839268a9e8d562570418e5163adc1c34da,0,0,0.04219928756356239,0,0.07975800335407257,0,0.03363180160522461,0,0.09200587868690491,0,0.012704079039394855
nomad,0x7278603206173510bb65388d263dcb9a98f30904341390510193db50427cfdc7,0,0,0.04220527410507202,0,0.07974949479103088,0,0.0336342491209507,0,0.09200477600097656,0,0.012706330046057701
nomad,0xb7508597b40b9433f97972763dc3b46c654fc11b44119376e2ed6eb2c8cea491,0,0,0.04220200330018997,0,0.07975418120622635,0,0.03363288938999176,0,0.0920054018497467,0,0.012705090455710888
nomad,0x1300c9fdda9ee480b43fd8ceab825ef7c704933a26d858fd17d0f0e4907f1c42,0,0,0.042211756110191345,0,0.07947036623954773,0,0.03356808051466942,0,0.09357042610645294,0,0.012009453028440475
nomad,0x8df95bc3b8e8b15905745c2ec83aa3358009b0732ba144f96811c910033c380a,0,0,0.042203087359666824,0,0.07975257188081741,0,0.03363335505127907,0,0.0920051634311676,0,0.012705490924417973
nomad,0x654abb2bd724e8b825e5587e2b1271fffba98977993b9f14010373ea9526923b,0,0,0.042202387005090714,0,0.07975362986326218,0,0.03363306075334549,0,0.09200534224510193,0,0.012705251574516296
nomad,0x75c9be9b853c24bae07d89dcbe7a651afbc2998724f259ba4b9a7f3dde12446d,0,0,0.03654991090297699,0,0.07031780481338501,0,0.03382441774010658,0,0.09679381549358368,0,0.012837033718824387
nomad,0x24def81bc32b9b9d0a58ca3e0aef0bf2ff5ba66d1c797fc8c60d41b0c5c22942,0,0,0.03702247887849808,0,0.06975240260362625,0,0.033681854605674744,0,0.09735464304685593,0,0.01297651045024395
nomad,0xc11bf904529fb074f3618bd79772b72399c11d4c8688732f74184143ed410659,0,0,0.03725709766149521,0,0.07051458209753036,0,0.03370188921689987,0,0.09645460546016693,0,0.012862919829785824
nomad,0xf67ddce6b899abeab7784547500137481a4f27bea9f52fe0a73104cd50b7349a,0,0,0.042203087359666824,0,0.07975257188081741,0,0.03363335505127907,0,0.0920051634311676,0,0.012705490924417973
nomad,0xf8f0361db0ec25d1b4dde19d23a40154e72ff4e424e13a2580d9dcd852975afc,0,0,0.03764032572507858,0,0.07056418806314468,0,0.03368476778268814,0,0.09701648354530334,0,0.012773867696523666
nomad,0x8286d9d04e2ae0a9f5ab3ea4a071cbc4aedae2c5a3d115073de09c5ce74451d6,0,0,0.037114497274160385,0,0.07028169184923172,0,0.033675890415906906,0,0.09782570600509644,0,0.012622011825442314
nomad,0xe308ce49a360592c6ab98bcaac8905935e0b869afca3e1e71a9919dbbdf62500,0,0,0.04220522567629814,0,0.07974964380264282,0,0.03363419696688652,0,0.09200483560562134,0,0.012706303969025612
nomad,0x147a9300e4a5494912773c8ee85d4a6c0e1c2cc3d98976e7e7da550685996a27,0,0,0.04116097092628479,0,0.07997669279575348,0,0.033254120498895645,0,0.09390050917863846,0,0.01209874078631401
nomad,0x6d1bc02c96dd110777c357c26bd0b9b1bbb50989dcb797f03e0e1805875e0cea,0,0,0.04220622032880783,0,0.07974815368652344,0,0.033634621649980545,0,0.09200461208820343,0,0.012706677429378033
nomad,0x01c90840ed56a5cc2f3ef654bc686014eeeb3ef42f485b66305914b4b520db1f,0,0,0.042201731353998184,0,0.07975451648235321,0,0.033632803708314896,0,0.0920054242014885,0,0.01270501222461462
nomad,0x7cc2cd352bec3c35c83f874efb68a061a9e6c635f9899b73ad316d17c67268f1,0,0,0.042201731353998184,0,0.07975451648235321,0,0.033632803708314896,0,0.0920054242014885,0,0.01270501222461462
nomad,0x798de79e08c0144470a6be2c4169e87f95ae0aacaa22932b43ca51a770a9bdf8,0,0,0.04219586029648781,0,0.07976287603378296,0,0.03363040089607239,0,0.09200651943683624,0,0.012702791020274162
nomad,0x24230e858be93d180fb5bd469d962d8068f08f2b54904d1f058b2112cb8d1fa4,0,0,0.04221279174089432,0,0.07946857064962387,0,0.03356844186782837,0,0.09356991201639175,0,0.012009981088340282
nomad,0x373c45e777c439ca3563d86bdda5580c7a092305c10c7c2b565dc4636db667f7,0,0,0.042201731353998184,0,0.07975451648235321,0,0.033632803708314896,0,0.0920054242014885,0,0.01270501222461462
nomad,0xb0186884fc73e1a4b0fef013091967a4fa648560aad05b83cc335506bcc882be,0,0,0.042200956493616104,0,0.07975569367408752,0,0.03363246098160744,0,0.09200561791658401,0,0.012704701162874699
nomad,0xf1f4f3fd1d74694c3814d4e7990a09b1c9c426d7e308018295e4408de25e799d,0,0,0.04114764183759689,0,0.07999914884567261,0,0.03325031325221062,0,0.09390933811664581,0,0.012091994285583496
nomad,0x960b4c7227b9c38a67d8a9ecbd2fa971e58db931c35912d9cc1c2822e92b4300,0,0,0.0422765277326107,0,0.07961174845695496,0,0.0334039032459259,0,0.09345795214176178,0,0.01147849764674902
nomad,0x5f0efb8e945e95338dc084ac3060d6d1bfa69d1e8f3bd1c7d0496f9363b31b94,0,0,0.04219586029648781,0,0.07976287603378296,0,0.03363040089607239,0,0.09200651943683624,0,0.012702791020274162
nomad,0xa6d75213a0fc5488112d67def109801004626e77e3dbf6e4d9ba9cfa5eba8a8b,0,0,0.0422765277326107,0,0.07961174845695496,0,0.0334039032459259,0,0.09345795214176178,0,0.01147849764674902
nomad,0xbee454e4aadf98c96df57ab3c8a963be993e4a468ca09447aebbc2103b8401eb,0,0,0.0411456935107708,0,0.08000248670578003,0,0.03324975073337555,0,0.0939105972647667,0,0.012090947479009628
nomad,0xffc4d0ceddd689e0a6df8e06955a02b3e049daa401ab6b33f7b862bfdfa38d6a,0,0,0.042202383279800415,0,0.079753577709198,0,0.03363306075334549,0,0.09200532734394073,0,0.01270524226129055
nomad,0x794135750db90cf346b08dc3de668cb19ea69f59bc59e7f158759508ed9a1393,0,0,0.042211756110191345,0,0.07947036623954773,0,0.03356808051466942,0,0.09357042610645294,0,0.012009453028440475
nomad,0x7310232261e324a6ae66d9df207a4bf5e37cdb5c3eaad6b10c6d6c08f83ba644,0,0,0.04114764183759689,0,0.07999914884567261,0,0.03325031325221062,0,0.09390933811664581,0,0.012091994285583496
nomad,0xb0f26be1903cd27819880c3cb282726bddf0e33c9e5242f7ec03a89400b555a0,0,0,0.020225349813699722,0,0.09287497401237488,0,0.03293401375412941,0,0.07456908375024796,0,0.007832943461835384
nomad,0x2b11a5ee3f155c87ce063868d3ea575b0acd846e2bb4c19e29abda0ba0127655,0,0,0.020225422456860542,0,0.09287482500076294,0,0.032934002578258514,0,0.07456895709037781,0,0.007833033800125122
nomad,0x2c619987417ffe8f58bc2f636ce739f7bc8f97d4a8366585c2fbac4934e8015b,0,0,0.04228316247463226,0,0.07960093021392822,0,0.03340558707714081,0,0.09345412254333496,0,0.011482463218271732
nomad,0x4c45a48c0e58df709f16d372f98673b0a51bd732eb6b5242c045fd6e38da8d1d,0,0,0.042201727628707886,0,0.07975451648235321,0,0.033632807433605194,0,0.0920054018497467,0,0.01270501408725977
nomad,0xb70db54b4b0ea53457ecdc472b789bf18aebda757fe75f7f0b0e720704f358a8,0,0,0.042201731353998184,0,0.07975451648235321,0,0.033632803708314896,0,0.0920054242014885,0,0.01270501222461462
nomad,0x4c923eeb6d832bf0c08f5c27f3edc4efca9e2af7298fd7f78cdfccb792b16953,0,0,0.042201727628707886,0,0.07975451648235321,0,0.033632807433605194,0,0.0920054018497467,0,0.01270501408725977
nomad,0xed5c65f93d9f904a722ca28029653e4f58468cc7992bd193e09c57e6e3a3f5f7,0,0,0.04228856414556503,0,0.08008921891450882,0,0.03319462761282921,0,0.09397570788860321,0,0.012170558795332909
nomad,0xb26ad05798d8d2ca370d9f210de196706f351990c811844d76f67f510dc2e5b8,0,0,0.04220873489975929,0,0.07947563380002975,0,0.03356706351041794,0,0.09357203543186188,0,0.01200790423899889
nomad,0x3bb9d9aa6aaf16ea615989e39684d830c4a9a65d90ed3f221cc6f4b09c3675bd,0,0,0.019765716046094894,0,0.09340410679578781,0,0.032974548637866974,0,0.07474116235971451,0,0.008269933052361012
nomad,0x9a093ec570855a5039c2565ed443778961b5ecaf33d21ea2960186748b1591a7,0,0,0.020226294174790382,0,0.09287340939044952,0,0.03293377906084061,0,0.07456717640161514,0,0.007834453135728836
nomad,0xb3f9556c630dea653909ac437df97540b870e6b4e20f9c410779425685c148d5,0,0,0.042279087007045746,0,0.07960744202136993,0,0.03340455889701843,0,0.09345634281635284,0,0.011480085551738739
nomad,0x1910aed491acedc0d8a7f3fbbc30db30832007a2e1994268785ea590090bdd5a,0,0,0.020221471786499023,0,0.09288112074136734,0,0.032934918999671936,0,0.07457668334245682,0,0.007826793938875198
nomad,0xc14d5659d1ca9d506df6240010da7b33de5014149e8a7a47268e2254dfd517c4,0,0,0.03695822134613991,0,0.0700615644454956,0,0.033916667103767395,0,0.09838397800922394,0,0.011960302479565144
nomad,0xc86ed79f5b1b037cc326923d021cbf5d3b76581c6069db94a8038b8efcec669e,0,0,0.04219928756356239,0,0.07975800335407257,0,0.03363180160522461,0,0.09200587868690491,0,0.012704079039394855
nomad,0xae2aee4a5b8793fb7769c50f46dcfe1bf3b34e5ae31decabbaa31ac31b354484,0,0,0.04228774458169937,0,0.07959330081939697,0,0.033406779170036316,0,0.09345193952322006,0,0.011485202237963676
nomad,0xaa8d11a9667451739fffe4d1cfab7622d47cc0bca8992b75ef8cc99ceae2ca8b,0,0,0.04220309481024742,0,0.07975256443023682,0,0.03363335132598877,0,0.0920051634311676,0,0.012705489993095398
nomad,0xbe3f58270fc4e2ff7d6e67164ce546b6d3bc7bc576a9c9cedfa55cda68d35adc,0,0,0.020219720900058746,0,0.09288398921489716,0,0.03293532878160477,0,0.07458022236824036,0,0.007823938503861427
nomad,0xced0d2d2ffef9f9a510f991c872e9881feba92dae28afd90ddd1f8720eede807,0,0,0.042201731353998184,0,0.07975451648235321,0,0.033632803708314896,0,0.0920054242014885,0,0.01270501222461462
nomad,0x346f06d9934b89867973ed30561387b934fabfd44c7a7a8cd86a26036df8ce72,0,0,0.06455837190151215,0,0.32649338245391846,0,0.10674358904361725,0,0.26860514283180237,0,0.08473166823387146
nomad,0xeb398e114c1b13fa803f57bd4ffcc594bfa2515f0e5d029de938ffb48c5234aa,0,0,0.06457028537988663,0,0.3329412043094635,0,0.10562911629676819,0,0.27268463373184204,0,0.08346153795719147
nomad,0xd585a9c52e59a0dbd9c477869e09e35278db7c7e28da43a7f71df91d82cefb61,0,0,0.06336375325918198,0,0.327394962310791,0,0.10552322119474411,0,0.2747170031070709,0,0.08359696716070175
nomad,0xae643a58ea6b3ec543e7ccbb034af0c6dc96895191985506b8baec676c2f021c,0,0,0.0645754262804985,0,0.33286717534065247,0,0.10564810782670975,0,0.27264246344566345,0,0.08345416188240051
nomad,0xfad6d4580e426c2e0623dc051188c5f54c541c6b3e803a55658502282736e9ec,0,0,0.06455999612808228,0,0.3264821171760559,0,0.10674791038036346,0,0.26860687136650085,0,0.08473116159439087
nomad,0x2a9bf95e529b0d59113342b946aeadc686fea79a5760a2e5bf471c80f197805a,0,0,0.06457168608903885,0,0.3329212963581085,0,0.10563424974679947,0,0.27267318964004517,0,0.08345946669578552
nomad,0xd869a8a303ef0274215f5728fbfad9e6b323f6f0f4b3806f03f8cae58bc18a0c,0,0,0.06374407559633255,0,0.32915163040161133,0,0.10618464648723602,0,0.2697426676750183,0,0.08470068871974945
nomad,0xcca9299c739a1b538150af007a34aba516b6dade1965e80198be021e3166fe4c,0,0,0.06374605000019073,0,0.32910773158073425,0,0.10620035231113434,0,0.2697460949420929,0,0.08469648659229279
nomad,0x635a4549ef471f244d6f7c677a75dbb06afe3efcf16b02781e078abe8aa82097,0,0,0.06374605000019073,0,0.32910773158073425,0,0.10620035231113434,0,0.2697460949420929,0,0.08469648659229279
nomad,0x7864b32ddafa0172d0f362a1e01476c0221e999c36195b08ae92faf9dbf52cfa,0,0,0.06374570727348328,0,0.32911521196365356,0,0.10619759559631348,0,0.26974552869796753,0,0.08469720184803009
nomad,0x8e32f8ff402538ec817df483864492c243e3f82b020170e59bd46e53a716d093,0,0,0.024097461253404617,0,0.26781824231147766,0,0.05501613765954971,0,0.2640506625175476,0,0.07601156830787659
nomad,0xf1885e51b1e36955838c52c0db70478f4c3a4c203906ab7f9f6454636dcc573f,0,0,0.024533390998840332,0,0.26735907793045044,0,0.05476071685552597,0,0.26676279306411743,0,0.07772836834192276
nomad,0x100768780614cbfb0894d4852414e0df705107591e614f90917f7ba0eeed7b19,0,0,0.02530071884393692,0,0.27199533581733704,0,0.05531494319438934,0,0.2656390070915222,0,0.07543835043907166
nomad,0xcb217e985f8a2a7e83db682dd8c29a8304b568f41a0b5d5d0462ed9971174b09,0,0,0.064567930996418,0,0.32642698287963867,0,0.10676900297403336,0,0.26861515641212463,0,0.08472864329814911
nomad,0x41c183b94af3d9e89a6351ae2172fdc7cb04cdc5139feebc25aa4bd404ce5959,0,0,0.025303078815340996,0,0.2719724178314209,0,0.05531388521194458,0,0.26569655537605286,0,0.07544578611850739
nomad,0x0b978ae28920d12770100d80e5807b2413dbe4cc9438a01c2c16ac9bb480024f,0,0,0.02530071884393692,0,0.27199533581733704,0,0.05531494319438934,0,0.2656390070915222,0,0.07543835043907166
nomad,0x44b7369d1c90d1515bcf27b48bf9ae9819db98dd456dafd94d500255045d95fd,0,0,0.06902338564395905,0,0.04927273094654083,0,0.041675083339214325,0,0.10322892665863037,0,0.02374248579144478
nomad,0x4f72b50f8e63e1b9ba2f8b6aed5fc6989b8e30cb529e0684917113daedcfb68e,0,0,0.024130338802933693,0,0.26674655079841614,0,0.05489055812358856,0,0.26653382182121277,0,0.07794178277254105
nomad,0xaf0ea95aaea311c60204eaaa00f6cb4a29f8efcb12deb98fcb7a765b9aaa9fbf,0,0,0.024533390998840332,0,0.26735907793045044,0,0.05476071685552597,0,0.26676279306411743,0,0.07772836834192276
nomad,0xa4be98ca27a1c6bbefb861d17a4d493f5273396c31617badf78b2e73f05a09c0,0,0,0.02529960125684738,0,0.27200642228126526,0,0.05531547963619232,0,0.26561155915260315,0,0.0754345953464508
nomad,0xc792ba7d5f01e9b84fb852a038c4e1b2b14ab626356966f8d2e73000ae02a201,0,0,0.02530071884393692,0,0.27199533581733704,0,0.05531494319438934,0,0.2656390070915222,0,0.07543835043907166
nomad,0x478aeaff1518332e3ebd2f32156d0d0aa757b44bc51532095923a93264b48c88,0,0,0.02453138865530491,0,0.2673680782318115,0,0.054761771112680435,0,0.2667350471019745,0,0.07772498577833176
nomad,0xb63f73e948ee48c89b4109b66e510424c9b91673c2cfd92a584bf58c30c36341,0,0,0.024532711133360863,0,0.26736190915107727,0,0.054761067032814026,0,0.26675325632095337,0,0.0777273178100586
nomad,0x57372a77c2d1c5762099d3957765a8de004f41ecf98baafd1ed94c3d0c2635dd,0,0,0.02530071884393692,0,0.27199533581733704,0,0.05531494319438934,0,0.2656390070915222,0,0.07543835043907166
nomad,0x1a5edbcd873dd3d99a725b2d3dab8b83877eaf76f298739953ecfc02916b4a12,0,0,0.024532711133360863,0,0.26736190915107727,0,0.054761067032814026,0,0.26675325632095337,0,0.0777273178100586
nomad,0x4c54bfb1152696b290b238926cb1d4da1b28ef8ae413cbe125da79f3b04ce0ff,0,0,0.025305433198809624,0,0.27194908261299133,0,0.05531281977891922,0,0.2657536566257477,0,0.07545314729213715
nomad,0x2e7a059445a3d72ac8a3b0d1fdbd0423909e12ce1cfeea9ef55a0c543c6f7970,0,0,0.02530071884393692,0,0.27199533581733704,0,0.05531494319438934,0,0.2656390070915222,0,0.07543835043907166
nomad,0x7f5f1255e38c0bec592d1a880eaaf3c23030ceee04bc93b9e20e63a434aca855,0,0,0.06456802040338516,0,0.32642674446105957,0,0.1067691296339035,0,0.268615186214447,0,0.0847286581993103
nomad,0xc200879e7dfc2119e1e61e3138e017901fdd7649fb3277d5b21f1678dc4fbe7d,0,0,0.025399671867489815,0,0.2732132077217102,0,0.055297523736953735,0,0.26437628269195557,0,0.07382731884717941
nomad,0xf4b52dfaceb92c2bfb765745fd4d869ed7c26523df6eff652b79e21fc3d2c0a3,0,0,0.02453329972922802,0,0.2673597037792206,0,0.054760780185461044,0,0.2667614221572876,0,0.077728271484375
nomad,0x059f94219e4df6b21dba14ac49e9f5749b9915c1ff4e159e116efd65b417dade,0,0,0.06457796692848206,0,0.3328305184841156,0,0.10565748065710068,0,0.272621750831604,0,0.08345075696706772
nomad,0xc74d912004df89bcfd6bdff84b1e9e66f13748c0d77ff6057ce3626e24bd0276,0,0,0.06457958370447159,0,0.332806795835495,0,0.10566350072622299,0,0.2726084291934967,0,0.0834483951330185
nomad,0x774f73ad581f73b560874f76269f93b8b68be12d9ccda886f262771ee49187c1,0,0,0.06457682698965073,0,0.3328472077846527,0,0.10565326362848282,0,0.2726311981678009,0,0.08345228433609009
nomad,0x5dd494f0c7e2efda5942bcd33255791a6429245271cf173c2e3cd94b2ca146b8,0,0,0.06457237899303436,0,0.3329111337661743,0,0.10563686490058899,0,0.2726675271987915,0,0.08345845341682434
nomad,0x2b3e1fdbd12d024d68c431e8ae8ee16943b4a8649e9be2058f7f3b9c29f957f7,0,0,0.06456933170557022,0,0.3264175057411194,0,0.10677269101142883,0,0.2686164677143097,0,0.08472825586795807
nomad,0xa4b1e6e9f817c03b808c35a9caaf319ce47c689ea91a87226b466f638973890e,0,0,0.06336335837841034,0,0.3274192214012146,0,0.10551682859659195,0,0.2747318744659424,0,0.08360196650028229
nomad,0xcd0b9c98b0714995654fd0243404b79fff11427c96e42deab33a283b1156472a,0,0,0.06455779075622559,0,0.32649707794189453,0,0.10674206167459488,0,0.2686046361923218,0,0.08473188430070877
nomad,0xca8b52dafc2fddd84d0773c23a0a78942d493c96b3ebf460c234527c724d8fad,0,0,0.06392917037010193,0,0.32715412974357605,0,0.10650530457496643,0,0.2732608914375305,0,0.0837918370962143
nomad,0x15702afd8558b297d4c19cb2fd97bcf2745dc04270f576e7ced3d92509d9d963,0,0,0.06374502182006836,0,0.32913118600845337,0,0.1061919629573822,0,0.2697443664073944,0,0.08469877392053604
nomad,0x3bb844cc2aae7979421010513e3107504d0b5204b2272f059bdd3bee56a531a7,0,0,0.06374500691890717,0,0.32913097739219666,0,0.10619204491376877,0,0.2697444558143616,0,0.08469875156879425
nomad,0x830b60e4132f564143f009c8d346b9076679368e96cda9aa13dd1b4f4234fa50,0,0,0.06455662101507187,0,0.3265053927898407,0,0.10673888772726059,0,0.2686033546924591,0,0.0847323015332222
nomad,0xede3e5f5d840daef3c9cadcafe54cca73336e063c74e786736f0774cf1aa1b95,0,0,0.06374530494213104,0,0.3291240930557251,0,0.1061943918466568,0,0.269744873046875,0,0.08469807356595993
nomad,0xaa063efbfe959642392bd8ac060ec14c4d670bb45673bd017b95ff13a62b62c8,0,0,0.0637439414858818,0,0.3291553258895874,0,0.10618337988853455,0,0.2697424292564392,0,0.08470115810632706
nomad,0xe15c30b8f7e6a35416552a2d104672b98a27528504c101fde735cb8261b8f78c,0,0,0.0645725205540657,0,0.3329090476036072,0,0.10563735663890839,0,0.27266624569892883,0,0.08345828205347061
nomad,0xff60089ae9c56ef7c894b895c58786ddeb64926d2d8df80bbbaf08feea41ef8a,0,0,0.06456676870584488,0,0.32643523812294006,0,0.10676594078540802,0,0.2686138451099396,0,0.08472908288240433
nomad,0xbb2db56b7fc8261b13e5b565ca2f5cdc25f04674931459b5b4efdfd8a298754a,0,0,0.06455780565738678,0,0.32649707794189453,0,0.10674204677343369,0,0.2686045169830322,0,0.08473190665245056
nomad,0x1a1d429e91ad70040301e5b17124ae67165f8da5d05127d9314279cbcadc3bd5,0,0,0.06457123905420303,0,0.332928329706192,0,0.10563251376152039,0,0.2726770341396332,0,0.08346017450094223
nomad,0x40ecbe10f1539d52bcb43625b79c97e313a1504cd5ff12b8fc6e962047408519,0,0,0.06457725167274475,0,0.3328409194946289,0,0.10565480589866638,0,0.27262771129608154,0,0.08345171809196472
nomad,0x66770a39135b264572bb68e36b609c998b9e0c1fd4a255f5bd6103723942033c,0,0,0.0637451559305191,0,0.3291280269622803,0,0.10619311034679413,0,0.26974451541900635,0,0.08469850569963455
nomad,0xd928c4cdf136308c40af671eb4c1e83884508ab44eff1ca2cdcdd15170bbc380,0,0,0.0645754486322403,0,0.3328668475151062,0,0.1056482344865799,0,0.2726423144340515,0,0.08345416188240051
nomad,0x417be5d4bb5027fb9b94f4ef98fb57bc4dd7b46852d668efafebde4548d663d4,0,0,0.0645705834031105,0,0.3329368531703949,0,0.1056302934885025,0,0.2726820111274719,0,0.08346111327409744
nomad,0x8c475bff9d0d2f459a603a34c6cdb0a60406fbb8d46c2abbc165b64d9e5997f2,1,0,0.007395632565021515,0,0.07560204714536667,0,0.03917766362428665,0,0.09769497066736221,0,0.0014187459601089358
nomad,0xef73e48c1be5f0254125db589e60b2854b90f98d369c9cf2aae49ba7d51f6257,1,0,0.020668718963861465,0,0.09298309683799744,0,0.03294687718153,0,0.07517540454864502,0,0.00810306053608656
nomad,0xcd54193008330871d84c191bbf2f2fafa338420052b1523e157817536ac15d0e,1,0,0.020668718963861465,0,0.09298309683799744,0,0.03294687718153,0,0.07517540454864502,0,0.00810306053608656
nomad,0x470646732ebeffb48c4063b0aea00b5137174a47bcd22fe49b4ab6186cf9551f,1,0,0.00736071215942502,0,0.07560692727565765,0,0.03761976584792137,0,0.09631557762622833,0,0.0015916118863970041
nomad,0x763e74d6361bb2103ffc1a76e431026a5bd21186226b2401903ffdb58704c6cd,1,0,0.042717572301626205,0,0.06120865046977997,0,0.04683185741305351,0,0.08434849232435226,0,0.0031963461078703403
nomad,0x9310639f61bb86b372b0d3cecf33151b41c11b6e2efb56246d9ca8505a1eb35f,1,0,0.0073525081388652325,0,0.07564259320497513,0,0.03688451275229454,0,0.09607334434986115,0,0.0017203243914991617
nomad,0x29b67e0701ddd910ff6a069aa039015eb78b1ee6d99ad8da5d0ef63916f3fd57,1,0,0.0073525141924619675,0,0.07563796639442444,0,0.036875076591968536,0,0.09607061743736267,0,0.0017201079754158854
nomad,0x39b107d43d88f1120e4310818c6c1e797125cf202faa299b81c8714e5c3d6691,1,0,0.02023399993777275,0,0.09286097437143326,0,0.03293204307556152,0,0.07455197721719742,0,0.007846731692552567
nomad,0xe0112511747dd3b0c300925878a05f4c6b77065be79bb214a822f11505256e0a,1,0,0.02023399993777275,0,0.09286097437143326,0,0.03293204307556152,0,0.07455197721719742,0,0.007846731692552567
nomad,0xb1d7a67de918761cdbe821b9ce2c887bea45da26841f8af851952c61e4680c60,1,0,0.007352523971349001,0,0.07561949640512466,0,0.036837007850408554,0,0.09605935215950012,0,0.0017192825907841325
nomad,0x61497a1a8a8659a06358e130ea590e1eed8956edbd99dbb2048cfb46850a8f17,1,0,0.007395630236715078,0,0.0756029561161995,0,0.03917966037988663,0,0.09769585728645325,0,0.0014187328051775694
nomad,0x40163166dfeaab8ee80e7b0acc62768cef84b7047b42b09827b29a8d77f383a9,1,0,0.007398496847599745,0,0.07559380680322647,0,0.039458081126213074,0,0.09777088463306427,0,0.0013823655899614096
nomad,0xb1fe26cc8892f58eb468f5208baaf38bac422b5752cca0b9c8a871855d63ae28,1,0,0.02067273110151291,0,0.09297604858875275,0,0.032945968210697174,0,0.0751647874712944,0,0.008109848015010357
nomad,0xa5fe9d044e4f3e5aa5bc4c0709333cd2190cba0f4e7f16bcf73f49f83e4a5460,1,0,0.02067273110151291,0,0.09297604858875275,0,0.032945968210697174,0,0.0751647874712944,0,0.008109848015010357
nomad,0x3f9083e432932d83e5b4560203b5a24395bcb24ae3eac0356ee3ca52665b518f,1,0,0.007398499175906181,0,0.07559355348348618,0,0.039457518607378006,0,0.09777073562145233,0,0.0013823672197759151
nomad,0xfff02d5797ae4d5737dc86b36f8ab30737d4a0f5febef2a221664c6641d5d35d,1,0,0.04266289994120598,0,0.06118834763765335,0,0.04656355828046799,0,0.08481034636497498,0,0.0033661192283034325
nomad,0x498a0778cc8448a10054d71508dee1a65b5f336daebba8ef859e712000391db9,1,0,0.02067273110151291,0,0.09297604858875275,0,0.032945968210697174,0,0.0751647874712944,0,0.008109848015010357
nomad,0x7db5e5f962347376521f4c7a1dcf0605c7bee2a2fce4106fca44becc3b280304,1,0,0.007395618129521608,0,0.07560009509325027,0,0.03917279094457626,0,0.0976952463388443,0,0.0014184965984895825
nomad,0x1f81aeb9f1c8ee7c672552edd6e0d058afa8dc3d2010be6ee58bf1a9b762b9d4,1,0,0.0073984842747449875,0,0.07559721916913986,0,0.03946591168642044,0,0.09777411073446274,0,0.001382288639433682
nomad,0x5c5f3325d212b8e0863c76995b5aa54aaf22723c3fbd68b38f33b1309c8b16bd,1,0,0.020668718963861465,0,0.09298309683799744,0,0.03294687718153,0,0.07517540454864502,0,0.00810306053608656
nomad,0xb0447743d0d29c57565658ab5d1a2fe809d16f82816cc704ae67485a41f9888c,1,0,0.020668718963861465,0,0.09298309683799744,0,0.03294687718153,0,0.07517540454864502,0,0.00810306053608656
nomad,0x8ce141bfa83dd0f48de412bbe94e866bc6e9eeb3fab1ba1f1e19e719aebeb34d,1,0,0.04266314581036568,0,0.0611901618540287,0,0.04657011479139328,0,0.08481322973966599,0,0.0033658575266599655
nomad,0x73ae1f3a7f81d140e2101058f539e012b5ce6b3210993af50a34e9a76d5413e9,1,0,0.020668718963861465,0,0.09298309683799744,0,0.03294687718153,0,0.07517540454864502,0,0.00810306053608656
nomad,0x56b4ade16ad35792f0515da867c3124210ef233b4b18f047b470976da8034f61,1,0,0.020668718963861465,0,0.09298309683799744,0,0.03294687718153,0,0.07517540454864502,0,0.00810306053608656
nomad,0xa9ddf5f8c22c33f814aee70b2a86021c19af5f656423c5e14090fd0fe894361a,1,0,0.02023399993777275,0,0.09286097437143326,0,0.03293204307556152,0,0.07455197721719742,0,0.007846731692552567
nomad,0xe7fd692fcfae783149b695fc908c865669cc2be808ab47faabfe672eb014158c,1,0,0.02023399993777275,0,0.09286097437143326,0,0.03293204307556152,0,0.07455197721719742,0,0.007846731692552567
nomad,0xa304a513cc1b62da3d0237b90078f3f9f9e20fac38718e1c04dd2e589bef51bd,1,0,0.02023399993777275,0,0.09286097437143326,0,0.03293204307556152,0,0.07455197721719742,0,0.007846731692552567
nomad,0x1eaf063edb953ecc76eb318806efe71e8e52090f296a669a01162803f3ee10ac,1,0,0.04266292601823807,0,0.06119132786989212,0,0.0465736985206604,0,0.08481433242559433,0,0.003365949960425496
nomad,0x430056979cc900f4223eb02172d185dfc101ddc69af77c10f3aa550fd8b8195e,1,0,0.02023399993777275,0,0.09286097437143326,0,0.03293204307556152,0,0.07455197721719742,0,0.007846731692552567
nomad,0x811a54270e38154c30e65bdb8ee484883f5a9659dd16f1a335f9ff8f7eee342f,1,0,0.02023399993777275,0,0.09286097437143326,0,0.03293204307556152,0,0.07455197721719742,0,0.007846731692552567
nomad,0xc4938e6f6368061194d076d44f73a8cae3a318b1ee7cf8b026abe10b7c206c2a,1,0,0.007352510467171669,0,0.0756337121129036,0,0.03686630725860596,0,0.09606797993183136,0,0.0017199213616549969
nomad,0x56b4551dd7e8f475a2c70c7a7e53a5e9a1d5e09f33dac0d89b7816748a8caaf6,1,0,0.02023891545832157,0,0.09285305440425873,0,0.032930888235569,0,0.07454226166009903,0,0.007854598574340343
nomad,0x08f3202a22c92eda02e2068f854897bc335976797515c56a11fc8a1f25f035a4,1,0,0.007352512329816818,0,0.07563872635364532,0,0.036876607686281204,0,0.0960710272192955,0,0.0017201508162543178
nomad,0x696f33c5a1597d2c8529f5b45d49097a825a11f0a8b7226602f0a29b2384352a,1,0,0.02023313194513321,0,0.09286235272884369,0,0.03293222561478615,0,0.07455369085073471,0,0.007845334708690643
nomad,0xf76e2dbdf258727b07d74eb329fa2cb001e4b3b4313df030c6191cffe811a749,1,0,0.02023313194513321,0,0.09286235272884369,0,0.03293222561478615,0,0.07455369085073471,0,0.007845334708690643
nomad,0x8807ec516e40c46b1de7b10a6387036ae80fdd63f41ae18181d5166fd96d76ac,1,0,0.042717237025499344,0,0.06120946258306503,0,0.04683484137058258,0,0.0843491330742836,0,0.0031964655499905348
nomad,0xe429faca7e0571d1931988e9ad42019502b1306dc3d700eea0ac0d1d32fba7a9,1,0,0.007416949607431889,0,0.07571986317634583,0,0.03937476500868797,0,0.0974273532629013,0,0.0014058417873457074
nomad,0xc2e6d1681111f72eae7b52fad1ceb86efe58a554020cd6d60b74742cd755fa03,1,1,194.69859313964844,0,0.11145497858524323,1,2.1683666706085205,0,0.37441590428352356,0,0.5464125871658325
nomad,0x54d9b3faa3031442337f6abfd0ff3b7bb83329f21e2d0896f1f146456697aa9d,1,1,194.69796752929688,0,0.11145499348640442,1,2.1683671474456787,0,0.37441566586494446,0,0.5464122891426086
nomad,0x1e215551c3107f3eef143b2db15e3f00ec187f067b5aba01741f915be94d0357,1,0,0.019778862595558167,0,0.09338299930095673,0,0.03297201544046402,0,0.07471472024917603,0,0.008287330158054829
nomad,0x9605ad11e302e2c0916599917f6841e8c64f713dc5ee1df592f9b84c89e2827b,1,0,0.019778862595558167,0,0.09338299930095673,0,0.03297201544046402,0,0.07471472024917603,0,0.008287330158054829
nomad,0x65bb46dbf535b8779dd28fb5045aad736b8c456be2ed8275129622758554ee0e,1,0,0.019778862595558167,0,0.09338299930095673,0,0.03297201544046402,0,0.07471472024917603,0,0.008287330158054829
nomad,0x40240be1bf54ae0145249b7c590569f0d1ec18a557060529ab7e358dbad03dd1,1,0,0.04237383231520653,0,0.06131497770547867,0,0.04644538089632988,0,0.08433793485164642,0,0.0034340866841375828
nomad,0xfd8e6bad22affe5461ac78f316be782ad28bb975ff6f0942bbb983bb4a5f2a0b,1,0,0.007413998246192932,0,0.0757291316986084,0,0.03910010680556297,0,0.09734649211168289,0,0.0014427704736590385
nomad,0x2d533df5b482ca08889331f6ab7f641af4d81ccfe622afe646bded6f39daa464,1,0,0.019778862595558167,0,0.09338299930095673,0,0.03297201544046402,0,0.07471472024917603,0,0.008287330158054829
nomad,0x63f216906ff7c0acc97f98ee4f649ddb267ed03be421119db106e11e1475c6e6,1,0,0.00741399172693491,0,0.07573067396879196,0,0.03910363093018532,0,0.09734742343425751,0,0.0014428275171667337
nomad,0x0a0d251178557f2c04fa9607e5ef65113dd651168bc5096629e3cc11eb9f05ee,1,0,0.019778862595558167,0,0.09338299930095673,0,0.03297201544046402,0,0.07471472024917603,0,0.008287330158054829
nomad,0x84566b22a1389888f287be27b7cc073e25e9087133d29e1752e3d0ab16ce03ec,1,0,0.019778862595558167,0,0.09338299930095673,0,0.03297201544046402,0,0.07471472024917603,0,0.008287330158054829
nomad,0x846ec2dc63cf697ebec65ba035e8e18370ed786ebff3f2d1f5c04ad9ac9a6d61,1,0,0.019778862595558167,0,0.09338299930095673,0,0.03297201544046402,0,0.07471472024917603,0,0.008287330158054829
nomad,0x703d09d6ea6e5e1eb0c74a093be82d043727765008076b75e816b851f28c2dd7,1,0,0.0074169510044157505,0,0.0757180005311966,0,0.03937029093503952,0,0.0974261611700058,0,0.0014058571541681886
nomad,0x867b8e81060bf9b06655c9bb020880797fd2588ef6476c45aff3c9bac24da29a,1,0,0.007413997780531645,0,0.07572904229164124,0,0.03909977525472641,0,0.09734641760587692,0,0.0014428093563765287
nomad,0x7b901108136067d142c6d4431f992c57fd51341eaac58fdf90de9400de573843,1,0,0.019781101495027542,0,0.09337931126356125,0,0.03297160565853119,0,0.07471022754907608,0,0.00829028245061636
nomad,0x358ea0b0519320055aed5773feec8d1869a641cb2d335936abcad68faef54db1,1,0,0.019781101495027542,0,0.09337931126356125,0,0.03297160565853119,0,0.07471022754907608,0,0.00829028245061636
nomad,0xdc5a2b67bfc4220185c06d6d3d32f5dfe88326ad004d864aa86e56912ea4c571,1,0,0.042373813688755035,0,0.061313994228839874,0,0.04644213244318962,0,0.08433674275875092,0,0.0034341413993388414
nomad,0xae8df3202fd2174e11752ec18417aafd2990364263d5b8328b6bfcf627a0c94a,1,0,0.0423736609518528,0,0.061315298080444336,0,0.04644624516367912,0,0.08433806151151657,0,0.0034341777209192514
nomad,0xac77367e3772bfa769e8e1a54cd5062545cb2cb28ec591246893082d79e16ba1,1,0,0.36822783946990967,1,2.459746837615967,0,0.19808697700500488,0,1.2464241981506348,0,1.9553569555282593
nomad,0xfd1df1ec1d959e3b303796e9360e817dd87f4bec4e530668ca02086847749f8e,1,0,0.019781101495027542,0,0.09337931126356125,0,0.03297160565853119,0,0.07471022754907608,0,0.00829028245061636
nomad,0x6bef2d716307c550223f1ba99228ce43ce991aafda0089892f2e4dc8a947953c,1,0,0.36822783946990967,1,2.459746837615967,0,0.19808697700500488,0,1.2464241981506348,0,1.9553569555282593
nomad,0x04318f01698bd6875a0b1707b2109d3f414e007c3535562bc90bcce79c6fa63e,1,0,0.019778862595558167,0,0.09338299930095673,0,0.03297201544046402,0,0.07471472024917603,0,0.008287330158054829
nomad,0x5bc5b943cfc0688cb1686cac7ed279fd0a8e0741acb3c88b2ca781304359c20c,1,0,0.019781101495027542,0,0.09337931126356125,0,0.03297160565853119,0,0.07471022754907608,0,0.00829028245061636
nomad,0xcc89082f5bd9e82a32ff215c8bea5a4b8fb657b5c2442e700e31736a45a89c9f,1,0,0.019781101495027542,0,0.09337931126356125,0,0.03297160565853119,0,0.07471022754907608,0,0.00829028245061636
nomad,0x2d304c112e1ef9dc709cafc7948904282cbbb35348425bfc31a122d9caf90fc3,1,0,0.019778862595558167,0,0.09338299930095673,0,0.03297201544046402,0,0.07471472024917603,0,0.008287330158054829
nomad,0x9bab3beb8f9c9cd2318462c5abec17cb63fa24182a110d2c33f3a28a23a9990a,1,0,0.007416950538754463,0,0.07571986317634583,0,0.03937477618455887,0,0.09742733836174011,0,0.0014058398082852364
nomad,0x8b9c96bba9ef04571432e3acb2cdeee3c77176fb0769205a6a43de270cb7744c,1,0,0.0074139926582574844,0,0.07573068141937256,0,0.039103634655475616,0,0.0973474383354187,0,0.0014428283320739865
nomad,0x1e8c51997083d93ef53bfeb844eb6baef7ffe297275f5fa61496c931a39e2cfe,1,0,0.019778862595558167,0,0.09338299930095673,0,0.03297201544046402,0,0.07471472024917603,0,0.008287330158054829
nomad,0x409ec37dca7f9780304e10e5cea7c137b9e1a76908e06b8eca34bcc95ac03c8b,1,0,0.36809563636779785,1,2.4599227905273438,0,0.19802254438400269,0,1.2462433576583862,0,1.9550666809082031
nomad,0x5584ec473d8d69b9d3035ccfd2c3bb598a40e3e430a197d3afa40c9fccba3ca2,1,0,0.36809563636779785,1,2.4599227905273438,0,0.19802254438400269,0,1.2462433576583862,0,1.9550666809082031
nomad,0xda0e1943f7e7dce705fa53c4852dcaafae19cfded6cbd7cc6f6b7e6301a4f1b2,1,0,0.019778862595558167,0,0.09338299930095673,0,0.03297201544046402,0,0.07471472024917603,0,0.008287330158054829
nomad,0x7266d959977ee1dc7dcb291de9f47b61cd7bbefc40a6cabe037b8447b0e1ee38,1,0,0.019778862595558167,0,0.09338299930095673,0,0.03297201544046402,0,0.07471472024917603,0,0.008287330158054829
nomad,0xa5a1190443c18527512fbc824f94d7a955160fa4dbe7445ba6e734521998fbcb,1,0,0.019781101495027542,0,0.09337931126356125,0,0.03297160565853119,0,0.07471022754907608,0,0.00829028245061636
nomad,0x9d938be810998e5ab88bf59d165cb89b4b2257871d61555c3e949de0118cb424,1,0,0.019778862595558167,0,0.09338299930095673,0,0.03297201544046402,0,0.07471472024917603,0,0.008287330158054829
nomad,0xa5f208ddc46df958514c3fe9c82dfe616af2c87ddce86a10b23cd1cd94ceddd4,1,0,0.36809563636779785,1,2.4599227905273438,0,0.19802254438400269,0,1.2462433576583862,0,1.9550666809082031
nomad,0x3c924c25751355aa11edfb4fcd388bfec7130f22d24dd3a9e22adf91a747cbcd,1,0,0.042373523116111755,0,0.0613146647810936,0,0.046443868428468704,0,0.08433697372674942,0,0.003434334183111787
nomad,0x012babf0b93ec48bf046b138ade1ab788df65a7fae72163d41e1fb539021f868,1,0,0.36809563636779785,1,2.4599227905273438,0,0.19802254438400269,0,1.2462433576583862,0,1.9550666809082031
nomad,0xd5990a4d1195de927a61c4259d295a6b4ab3719d72f681055d601d26d1cbfca8,1,0,0.019778862595558167,0,0.09338299930095673,0,0.03297201544046402,0,0.07471472024917603,0,0.008287330158054829
nomad,0xdfd0a844e6eee910bb108a6ba42403596605667c72146065b2bba6292cae1081,1,0,0.019781101495027542,0,0.09337931126356125,0,0.03297160565853119,0,0.07471022754907608,0,0.00829028245061636
nomad,0x9f0f033fd60fde031a59371e7760067c92efb359cbfef6403e3f57eabfa39372,1,0,0.019781101495027542,0,0.09337931126356125,0,0.03297160565853119,0,0.07471022754907608,0,0.00829028245061636
nomad,0x6836d2edb180c240d0623c57ca784ab0c0171fb132c0f92803ff676c91b69711,1,0,0.36809563636779785,1,2.4599227905273438,0,0.19802254438400269,0,1.2462433576583862,0,1.9550666809082031
nomad,0x2be79663b7c20067a7173c2f6327eb9d263cc0e955b4d38cbcabf5389117d26f,1,0,0.02016499638557434,0,0.09299634397029877,0,0.03293978422880173,0,0.07530301809310913,0,0.008221936412155628
nomad,0xa964235f9a86094448a12b55752d69a4758b6b1b5e95c18ec541c651dc055c4a,1,0,0.38786008954048157,1,2.494086503982544,0,0.19687634706497192,0,1.232914686203003,0,1.930922031402588
nomad,0xa002f38643000af5b366b4f3e76c64f9cd7b6ce31ab6f5989fead558775dfb40,1,0,0.02016419917345047,0,0.09299762547016144,0,0.03293999657034874,0,0.07530489563941956,0,0.008220812305808067
nomad,0x94be909f16eda422014ee75ab594e86400ef1a87a8af9570911035e49bdf1b18,1,0,0.020656196400523186,0,0.09324946999549866,0,0.03297825902700424,0,0.07536329329013824,0,0.008362012915313244
nomad,0x04cb086c949b9bcd3b39b0f81a6f3451553b36c62d82e15e5f3df3e32ede7a07,1,0,0.02016342803835869,0,0.09299878776073456,0,0.03294020891189575,0,0.07530663907527924,0,0.008219749666750431
nomad,0x78dab9f4e5f1938be0201f29b6932cd86b98a26d3a1c522d17008cce1a56098e,1,0,0.020180245861411095,0,0.09294785559177399,0,0.03294523060321808,0,0.07466235756874084,0,0.00776112312451005
nomad,0xdf36b0920473b8c40412072d02f12d94e90136e4f05ffc212e097520e28e5bbb,1,0,0.020208705216646194,0,0.09290178120136261,0,0.032937973737716675,0,0.07460194826126099,0,0.007806416135281324
nomad,0x8fe5138245590fbb2ccffdc04d875b5440235f8c7290daa92b795e2d086809c2,1,0,0.02067871019244194,0,0.09311498701572418,0,0.03296184912323952,0,0.07442550361156464,0,0.008102454245090485
nomad,0xed5cdb96e9971bb45640b5edb56ac8ffc478b596ab7a9820f5096f5e4e83d6d6,1,1,195.02073669433594,0,0.11145540326833725,1,2.1682591438293457,0,0.3744850158691406,0,0.5466164350509644
nomad,0x8472b4e0fda16b83ea19b01e4a8239850400ec60d40f5b9a29b0b0f93d07e49b,1,1,195.01780700683594,0,0.11145541816949844,1,2.1682608127593994,0,0.374484121799469,0,0.5466140508651733
nomad,0x46d66b217d0710676cfd076bb2e81b9c209ea43cdacd79472234480819ec1bef,1,0,0.019781101495027542,0,0.09337931126356125,0,0.03297160565853119,0,0.07471022754907608,0,0.00829028245061636
nomad,0x32baccf8eedb3f4ccca10daa2510eec9a149c5498611a4b013776dbb7565c7a0,1,0,0.36809563636779785,1,2.4599227905273438,0,0.19802254438400269,0,1.2462433576583862,0,1.9550666809082031
nomad,0x779e7407ac6658bade8683189a2f7247e5d231e0645c6c7558432a0f15d5cfe0,1,0,0.019781101495027542,0,0.09337931126356125,0,0.03297160565853119,0,0.07471022754907608,0,0.00829028245061636
nomad,0x8d19b6acb5595806f599442fd87776529d1df99eec59cc781fc9eef72ef4dbf5,1,0,0.019781101495027542,0,0.09337931126356125,0,0.03297160565853119,0,0.07471022754907608,0,0.00829028245061636
nomad,0xdcb81fd2935e2cfa576bf9a6be42e1c490777e6cb7c625714953563abc95b452,1,0,0.0074139973148703575,0,0.075729139149189,0,0.03910011053085327,0,0.09734649211168289,0,0.0014427707064896822
nomad,0x568ab1cff56a1d57a420cf37325ea0888de9234fc4d7ee9591af55340a1a5411,1,0,0.019778862595558167,0,0.09338299930095673,0,0.03297201544046402,0,0.07471472024917603,0,0.008287330158054829
nomad,0x72ca82000db06e3c8f3672b6d53d375df2f0e7245948ff2ead061d2a23b39a06,1,1,194.69847106933594,0,0.11145496368408203,1,2.1683669090270996,0,0.37441587448120117,0,0.5464127659797668
nomad,0x01527e265e87f823bd82b68f3c0b12207f634a7fca10a745f67106b7e196df11,1,0,0.019778862595558167,0,0.09338299930095673,0,0.03297201544046402,0,0.07471472024917603,0,0.008287330158054829
nomad,0xc4cfdf1c839b6fada23d3c8ce2ece579ffd7fc1d910b72f049a6be39d2a256f7,1,0,0.019778862595558167,0,0.09338299930095673,0,0.03297201544046402,0,0.07471472024917603,0,0.008287330158054829
nomad,0x8f2d4ee2f31ad8faac113b9fbba6556098cbb93695169944cd1da38f8d3e7dc3,1,0,0.36809563636779785,1,2.4599227905273438,0,0.19802254438400269,0,1.2462433576583862,0,1.9550666809082031
nomad,0x59f84b94953e0f79177e9c66116a89a5e89066037ebe9195a7264f11be924be7,1,0,0.007418385706841946,0,0.07578477263450623,0,0.038841985166072845,0,0.0972568467259407,0,0.0014791692374274135
nomad,0x0d0fb915d7d0e4878574e3128bdbaabbf0d47e47f499fb482fbac3c51a112476,1,0,0.007416950073093176,0,0.07571987062692642,0,0.03937477618455887,0,0.09742734581232071,0,0.0014058415545150638
nomad,0x0dd9ce4b22b84bf183e183c58af7ee212daca654753585effb1dc3543e46d3ab,1,0,0.019778862595558167,0,0.09338299930095673,0,0.03297201544046402,0,0.07471472024917603,0,0.008287330158054829
nomad,0x221781c6011bbf3122d45ee133cf6b47d72557b8ce32e11639d913f4778ec379,1,0,0.019778862595558167,0,0.09338299930095673,0,0.03297201544046402,0,0.07471472024917603,0,0.008287330158054829
nomad,0x4cc07aa123626e806531060660c607bc3656b6c8a597fb9a5d83d0aff8f21e54,1,0,0.019781101495027542,0,0.09337931126356125,0,0.03297160565853119,0,0.07471022754907608,0,0.00829028245061636
nomad,0x5c43d21735d45962bc2e855b3a9187b97d2b102d4adfbe5b7003cfeb49a2a349,1,0,0.36809563636779785,1,2.4599227905273438,0,0.19802254438400269,0,1.2462433576583862,0,1.9550666809082031
nomad,0xdf6bef0d8dee8b44863ac61092a711b877dcfe3d61da93d7289e0c6285af1b45,1,0,0.0074139973148703575,0,0.0757291316986084,0,0.03910011053085327,0,0.09734649211168289,0,0.0014427707064896822
nomad,0x13eef53f72c9924755a0842edf50a0787bef5e9f1dfd0220c31a24d626141cdb,1,0,0.019778862595558167,0,0.09338299930095673,0,0.03297201544046402,0,0.07471472024917603,0,0.008287330158054829
nomad,0xba222b15d656da08d763524925423a1dee4424027caab452f636fd28156a826d,1,0,0.019778862595558167,0,0.09338299930095673,0,0.03297201544046402,0,0.07471472024917603,0,0.008287330158054829
nomad,0xf5c83c74b438e0a5c8760ec9ea547c25077a348079fa8dbb5969cf0ea5ce6582,1,0,0.019781101495027542,0,0.09337931126356125,0,0.03297160565853119,0,0.07471022754907608,0,0.00829028245061636
nomad,0x18bf5df035360b754296f36528b24f8873c8a2155c84eb5bd0cc6cd3acee5512,1,0,0.019778862595558167,0,0.09338299930095673,0,0.03297201544046402,0,0.07471472024917603,0,0.008287330158054829
nomad,0x0abb295de6d65b69b1a56da9327536b467a0df0f37c68af902fb7c2af419cd60,1,0,0.04237363487482071,0,0.06131534278392792,0,0.046446386724710464,0,0.08433807641267776,0,0.0034341937862336636
nomad,0x94359bd3f0fc4cd53b96054a23b05f531e127fa6cca644dfc870851af5e0e3dc,1,0,0.04237356781959534,0,0.061315543949604034,0,0.04644690454006195,0,0.08433813601732254,0,0.003434251993894577
nomad,0x22e8a8767bdd73c29c8d91a7a11f8b23060da895fe3dbf4e56760c0903551df3,1,1,194.69839477539062,0,0.11145501583814621,1,2.1683666706085205,0,0.37441587448120117,0,0.5464122295379639
nomad,0x2c9f65f8375d76fc8477f192df4f4e39cf5ac3e9219467d7294b31dcedf8f431,1,0,0.019778862595558167,0,0.09338299930095673,0,0.03297201544046402,0,0.07471472024917603,0,0.008287330158054829
nomad,0x21e0f925bab624a93623285609f67c9a42090baa8442d4309640d73be8735d08,1,0,0.019778862595558167,0,0.09338299930095673,0,0.03297201544046402,0,0.07471472024917603,0,0.008287330158054829
nomad,0x5062970c064c3ebcf0d7d44e5dfa758efe69b8322770395412d8c538e1232984,1,0,0.36809563636779785,1,2.4599227905273438,0,0.19802254438400269,0,1.2462433576583862,0,1.9550666809082031
nomad,0xf0333af2222f0775871b39a3c0dcef30f0e0f63f0ee8afd30fd5af9e2e9d1d98,1,0,0.019778862595558167,0,0.09338299930095673,0,0.03297201544046402,0,0.07471472024917603,0,0.008287330158054829
nomad,0x7a8048ad1ccb72ac9af26e952680b0cb8ad7c5fd830151535a0f9a01920681eb,1,0,0.019778862595558167,0,0.09338299930095673,0,0.03297201544046402,0,0.07471472024917603,0,0.008287330158054829
nomad,0xac16de557aa2638a88ee8136d917860191128e42971bbf6b141502cc61c644e1,1,0,0.042373817414045334,0,0.061315011233091354,0,0.04644553363323212,0,0.08433795720338821,0,0.00343409925699234
nomad,0x3d7aac4388d0374c2ab46f23da61caa289761b0d976b27ea27d1390d78994823,1,0,0.36809563636779785,1,2.4599227905273438,0,0.19802254438400269,0,1.2462433576583862,0,1.9550666809082031
nomad,0x28fe37526aeb2ba27348ffaa7e16227991b20b139ffb86f963e5d1f9cffddb45,1,0,0.019781101495027542,0,0.09337931126356125,0,0.03297160565853119,0,0.07471022754907608,0,0.00829028245061636
nomad,0xe1cceee349a5315617a71615d467939800731bf92f4cbe55760511068a309aae,1,1,194.6984405517578,0,0.111455038189888,1,2.1683666706085205,0,0.37441593408584595,0,0.5464127063751221
nomad,0xc767ee4209276d8c77b97e924f6cfa79030f9258b414af68f31367adde7f2f6a,1,0,0.019778862595558167,0,0.09338299930095673,0,0.03297201544046402,0,0.07471472024917603,0,0.008287330158054829
nomad,0xf78443c5e1f0ffe08761c831b30aeee2160d11401dbd8c024c3a76d367a558a4,1,0,0.04237363114953041,0,0.061315447092056274,0,0.04644662141799927,0,0.08433809876441956,0,0.003434219630435109
nomad,0x22336a9c76a28b24bb9c74c3b238655d836d501b38ea129ce0515af3f4bbb117,1,0,0.04478689283132553,0,0.06312055140733719,0,0.046476125717163086,0,0.0835312232375145,0,0.0032133422791957855
nomad,0x0c1cdba855f8d3ed572ee23332b971bd1084ac8132e1f0e266edaf0f281b36d0,1,0,0.08767376095056534,0,0.99100261926651,0,1.893737554550171,0,0.45653799176216125,0,0.250825434923172
nomad,0x010a7443b29f9a619906ea99e577a45652d15c9f5970d2b884792bfb612668b7,1,0,0.007372613530606031,0,0.07580173760652542,0,0.0382477343082428,0,0.09683847427368164,0,0.0016190405003726482
nomad,0x96a2cfadb19cac9ba2a21c1f32b6f21b6132afe1b4f4698dee563ca01ec20e01,1,0,0.007372613530606031,0,0.07580173760652542,0,0.0382477343082428,0,0.09683847427368164,0,0.0016190405003726482
nomad,0x75c09263eda1a2d4a0ffb99d6833f49015c35833b6bcb4d112efe2e286355b34,1,0,0.007372613530606031,0,0.07580173760652542,0,0.0382477343082428,0,0.09683847427368164,0,0.0016190405003726482
nomad,0x045a2fb829876a39315007fc1c50b284500d077fec3541b6fd20de9dcc27284d,1,0,0.007372613530606031,0,0.07580173760652542,0,0.0382477343082428,0,0.09683847427368164,0,0.0016190405003726482
nomad,0xa10ecd2689857046f4adc7c61fc62ed691a0d16cfc03d76cc5bdca2315f7cc6e,1,0,0.007372613530606031,0,0.07580173760652542,0,0.0382477343082428,0,0.09683847427368164,0,0.0016190405003726482
nomad,0x5ae6b010ff183ae826fc59d1d6e6cfdc0dda52448615c7f59f0a52908bc6da31,1,0,0.007372613530606031,0,0.07580173760652542,0,0.0382477343082428,0,0.09683847427368164,0,0.0016190405003726482
nomad,0x1c812bb296abfa7e348acc842dd393227a6ac5881416e2dc7d967bab60534636,1,0,0.007372613530606031,0,0.07580173760652542,0,0.0382477343082428,0,0.09683847427368164,0,0.0016190405003726482
nomad,0x1f5990ad8f4c9ded52c1df839d7ed3be8b6a01bbcaa35722863b0ff0a30227fb,1,0,0.007372613530606031,0,0.07580173760652542,0,0.0382477343082428,0,0.09683847427368164,0,0.0016190405003726482
nomad,0x22d7c475cbac0ac92fe7dd2c9d8160e6ec57df83814f1488521795ba745b3a6b,1,0,0.007372613530606031,0,0.07580173760652542,0,0.0382477343082428,0,0.09683847427368164,0,0.0016190405003726482
nomad,0x045dfe73dde8aa306d664568593d75552162d6aea42af49251cedf1781387131,1,0,0.007372613530606031,0,0.07580173760652542,0,0.0382477343082428,0,0.09683847427368164,0,0.0016190405003726482
nomad,0xc25c14273203425510bde121c97ae6ad375abe2115136e7e297e7f8255c366bd,1,0,0.007372613530606031,0,0.07580173760652542,0,0.0382477343082428,0,0.09683847427368164,0,0.0016190405003726482
nomad,0xccf4e1032e7d50ec5a749e21edb897a7c8fa097ff85d10a6b539044c477d8104,1,1,194.69833374023438,0,0.11145496368408203,1,2.1683671474456787,0,0.37441569566726685,0,0.5464127659797668
nomad,0xaf4c4c389d9d7ff434115aedd7a5715b650ff1c8664a5610dc3228a05abc5342,1,0,0.007416950538754463,0,0.07571987062692642,0,0.03937477990984917,0,0.09742734581232071,0,0.0014058412052690983
nomad,0x6be7a640ea9c9d2080027ef3ab2aaab008e7366757765ca52ef520245c84aba2,1,0,0.007416951470077038,0,0.07571985572576523,0,0.03937479108572006,0,0.0974273607134819,0,0.0014058402739465237
nomad,0xa7adfcc5101ede08ebfa4920180f52f717e737c2715c681b443f383a45c3837f,1,0,0.031040674075484276,0,0.20693036913871765,0,0.032533273100852966,0,0.3277067542076111,0,0.006165545433759689
nomad,0xcd6d4e545639da7c14ba11705721e9cd83bb741f3d0554145a6cf392f992496e,1,0,0.007372613530606031,0,0.07580173760652542,0,0.0382477343082428,0,0.09683847427368164,0,0.0016190405003726482
nomad,0x33350f7288b6a210e7becc460ddd15943134baccc56c7de03bd060fd1c9cd723,1,0,0.007372613530606031,0,0.07580173760652542,0,0.0382477343082428,0,0.09683847427368164,0,0.0016190405003726482
nomad,0xa2f6fcbe4d639efb7d3a478b1d0788484df56509c97bbdc32cdfec17755dcc44,1,0,0.007372613530606031,0,0.07580173760652542,0,0.0382477343082428,0,0.09683847427368164,0,0.0016190405003726482
nomad,0xc79ec5e8ad9e1a27956731833feefa2d5915e63a7105cacdc0530ff7dafbbec2,1,0,0.007372614927589893,0,0.07580175250768661,0,0.038247738033533096,0,0.09683847427368164,0,0.0016190410824492574
nomad,0xa2ec4c335320f96895cdd9be78f78dd78c11340f7cb54d18f5cf126a31d2196a,1,0,0.007372613530606031,0,0.07580173760652542,0,0.0382477343082428,0,0.09683847427368164,0,0.0016190405003726482
nomad,0x67eadc7efea9ea1f5271e9f02d7cc18440d3354b6a32d4f4fbd49ef46615a10f,1,0,0.007372613530606031,0,0.07580173760652542,0,0.0382477343082428,0,0.09683847427368164,0,0.0016190405003726482
nomad,0xd66ddb38f38eb15645c4c894ede62f57936e358cb369dfcd9bae9aca9255af04,1,0,0.007372613530606031,0,0.07580173760652542,0,0.0382477343082428,0,0.09683847427368164,0,0.0016190405003726482
nomad,0x792f51176d6e302ad4c65ac6091663007b864a2c149edc74cd61ee6d7a33e5fa,1,0,0.007372613530606031,0,0.07580173760652542,0,0.0382477343082428,0,0.09683847427368164,0,0.0016190405003726482
nomad,0xd00a7918d296a8bda17370a3306a950c99942f9f991d933321844fda5b2b24e0,1,0,0.007372614927589893,0,0.07580175250768661,0,0.038247738033533096,0,0.09683847427368164,0,0.0016190410824492574
nomad,0xbdcdf504de7cdf9bebb4f597da400bff25c9fb1b8aa277b7c7789049a4ab95e8,1,0,0.007372613530606031,0,0.07580173760652542,0,0.0382477343082428,0,0.09683847427368164,0,0.0016190405003726482
nomad,0xed53c70d1338099fd4089f7eae9d20d699e54ee64ce206b52bca0b6247cb12d8,1,0,0.012529909610748291,0,0.14461436867713928,0,0.03392285853624344,0,0.1613112986087799,0,0.003908575978130102
nomad,0x755d937557e026f2dd348495ee94f8b0a324f8d7a67981b6b6374c4716e5be71,1,0,0.04241305962204933,0,0.06124253198504448,0,0.046320319175720215,0,0.08455171436071396,0,0.0034423554316163063
nomad,0x724b38c1dca3e6150b71391117b2c0bf1ae1abf18ccbd2ebf03825d0a746046c,1,0,0.3672189712524414,1,2.487199544906616,0,0.19544503092765808,0,1.2373484373092651,0,1.9043530225753784
nomad,0xc275ab005910e6fb4406cbc823dcbd18900a2d978d078eab6f691750514aeb65,1,0,0.04235094040632248,0,0.061294056475162506,0,0.046269796788692474,0,0.08422806113958359,0,0.003390962490811944
nomad,0x7e10d1536e4d5f3bf488dfb8c6e15de21ed39cae09619067ee47f35a4dacdb02,1,0,0.04235110431909561,0,0.061293698847293854,0,0.046268850564956665,0,0.08422790467739105,0,0.0033908593468368053
nomad,0x1344d628d963ba34e8df821f416f2d472208d5c545cff3f7cffed259a74dede1,1,0,0.04476418346166611,0,0.06313807517290115,0,0.04629533365368843,0,0.08341813832521439,0,0.0031717983074486256
nomad,0x8c65b2b25be2c929d86f1fb556aa0b981bd54c2ad54d8de63d3876c4c833293e,1,0,0.08101391792297363,0,0.999031662940979,0,1.853143334388733,0,0.43550020456314087,0,0.2602059245109558
nomad,0xfe330dcc25110e3999c9813ea9933a216e64f6d5d1579be103122a53b1d2407a,1,0,0.007905032485723495,0,0.04151740297675133,0,0.0291448961943388,0,0.07939718663692474,0,0.002622999018058181
nomad,0xb500b832890db4393604f6b5d8c0d076c8bf2b85755e36635ced2d0da22462e7,1,0,0.3672504425048828,1,2.487156391143799,0,0.19545994699001312,0,1.2373930215835571,0,1.9044203758239746
nomad,0x1cc8c7579dda72f887f294ff8a5d42b9d88ef7333a4203d52c05d582e4918e77,1,0,0.02089335396885872,0,0.0931636244058609,0,0.03296474739909172,0,0.0746413841843605,0,0.008476011455059052
nomad,0x657a28015280bb0d92ef17c0e6e6b3542fbd1481a994eece2696bbf581de1c66,1,0,0.020199447870254517,0,0.09291677176952362,0,0.032940275967121124,0,0.07462037354707718,0,0.007791614625602961
nomad,0x6514a52a52978e482b7115850ede39656fb1175a38f8317bf55ef9c98ce2712b,1,0,0.01977754943072796,0,0.09338515251874924,0,0.032972268760204315,0,0.07471732795238495,0,0.008285592310130596
nomad,0x383e7e2b15a47bf1206fe21dbb8f71a2ec04bc430cd7d8656444754f96ed9ae9,1,1,188.20834350585938,0,0.1121610552072525,1,2.158327102661133,0,0.37531304359436035,0,0.5539940595626831
nomad,0xd973ab610863c0ed4cf4a4f1b6b14bed84e69a24ab818542a43493e6793c6a30,1,0,0.020508812740445137,0,0.09320427477359772,0,0.032958634197711945,0,0.07435058057308197,0,0.008209530264139175
nomad,0xba7aaaeff6bd578ed12eee821c01cb350f1b989ac4c8c3aaccf5ba8c7e8ea993,1,0,0.020510362461209297,0,0.09320145845413208,0,0.03295837342739105,0,0.07434709370136261,0,0.008211908861994743
nomad,0xc2af8ac586489d4c555a273d965aa233ee03dcce31e1028b067497a753f33903,1,0,0.020627325400710106,0,0.09329735487699509,0,0.032984860241413116,0,0.07544372975826263,0,0.008320736698806286
nomad,0xa27880cfc47b8bce27fa5a431843cc90e57a7d2dfc4c3daf2e97fc9bde2c38a6,1,0,0.020541585981845856,0,0.09314464032649994,0,0.03295373544096947,0,0.07427744567394257,0,0.00825989805161953
ronin1,0xc28fad5e8d5e0ce6a2eaf67b6687be5d58113e16be590824d6cfa1a94467d0b7,1,0,0.03979891538619995,0,0.07410315424203873,0,0.033875565975904465,0,0.08402823656797409,0,0.01447321753948927
