metapath,difference
OtOaOtOfTlL,-14.6633
OaOaOtOfTlL,-11.8403
OtRaOtRfTlL,-10.6121
OtOaOfTlL,-9.9918
OtOtOtOfTlL,-9.827
OaOtOtOfTlL,-9.523
OtOfOtOfTlL,-8.4422
OfOtOtOfTlL,-8.433
OfOtOaOfTlL,-8.4135
OtOtOfTlL,-7.5036
OaOtOfTlL,-7.2262
OtOfTlL,-7.129
OaOfTlL,-7.0645
OaOfOtOfTlL,-6.9928
OaRaOtRfTlL,-6.8782
OaOtOaOfTlL,-6.2805
OtOtOaOfTlL,-6.1187
OfTlL,-5.9757
OfOtOfOfTlL,-5.5722
OaOaOfTlL,-4.782
OfOtOfTlL,-4.7656
OtOfOfTlL,-4.7165
OtOaOaOfTlL,-4.6305
OaOfTtOfTlL,-3.9304
OtRfTlL,-3.8618
RfOaOfTlL,-3.8014
OxRfOaOfTlL,-3.8014
VvRfOaOfTlL,-3.8014
RaOtRfTlL,-3.6663
UxRaOtRfTlL,-3.6663
OaOtOfOfTlL,-3.6131
OtRtOtRfTlL,-3.5824
OtRfOtRfTlL,-3.5374
RaOtRaOfTlL,-3.4729
OtOtOfOfTlL,-3.4596
RfOaOaOfTlL,-3.4391
OtRaOfTlL,-3.347
OfOfTlL,-3.2211
OaRfTlL,-2.9928
TtOaOtOfTlL,-2.8106
OtOfTtOfTlL,-2.7861
OfOaOtOfTlL,-2.784
RfTlL,-2.7399
OaOfOfTlL,-2.6745
OtOaOfOfTlL,-2.6561
OtOaOtOfT,-2.5896
UtOaRfTlL,-2.5138
OfOfOtOfTlL,-2.4913
OtOaOtOaOfT,-2.4811
RfTfRfTlL,-2.478
TfRfTfRfTlL,-2.478
UtRfTfRfTlL,-2.478
OtOaOtOtOfT,-2.3695
UtOtRfTlL,-2.3664
OaRfOtRfTlL,-2.2927
OaRtOtRfTlL,-2.2927
TtOfTtOfTlL,-2.2743
OaOaOtOfT,-2.262
RaOtRaOtRfT,-2.2477
OaOtOaOtOfT,-2.2456
OtOaOaOtOfT,-2.217
OaOaOtOaOfT,-2.2149
OfTtOfTlL,-2.1781
OtOtOaOtOfT,-2.172
OaRaOfTlL,-2.1617
UtOaRaOfTlL,-2.1617
UtOtRaOfTlL,-2.1617
OtOfOtOaOfT,-2.1433
RfOaOfOfTlL,-2.1433
OtRaOtRfT,-2.1433
OtOaRfTlL,-2.1269
TtOfTlL,-2.0041
OtOtOaRfTlL,-1.9795
TtOaRfTlL,-1.9345
TtOtRfTlL,-1.9345
OfTtOaRfTlL,-1.9345
OfTtOtRfTlL,-1.9345
TtTtOaRfTlL,-1.9345
TtTtOtRfTlL,-1.9345
OtOtOtOtOfT,-1.9038
OtOaOfT,-1.8628
OtRaOtRaOfT,-1.8424
RfOaOtOfTlL,-1.8301
TtOaRaOfTlL,-1.824
TtOtRaOfTlL,-1.824
RfOaOaOtOfT,-1.8117
UxRvVvRlL,1.8046
OfOfTtOfTlL,-1.8035
TtOfOtOfTlL,-1.7953
OfOtOfOtOfO,-1.7758
TlL,-1.7722
OaOtOtOfT,-1.7615
OfOtOaOtOfT,-1.7421
OaOtOtOtOfT,-1.7236
OtOfOtOtOfT,-1.7195
OtOfOtOfOfT,-1.7124
OaOtTtOfTlL,-1.7103
OtOtOtOfT,-1.7093
OaOtOaRfTlL,-1.695
OfOtOfOtOfT,-1.6878
OtOaOtOfOfT,-1.6192
RfOfTlL,-1.6039
OaOfOtOaOfT,-1.522
UtOtOfTlL,-1.5138
OtOtOtOaOfT,-1.5036
VvRfO,-1.4964
OfTtOaOfTlL,-1.4964
RvVvRfO,-1.4954
OaOaOtOfOfT,-1.4882
OfOtOfOtOaO,-1.48
OtOfOtOfT,-1.4657
UtOfTlL,-1.4555
TtOtOtOfTlL,-1.4473
TfRfTlL,-1.4401
OaOtOfOtOfT,-1.4227
OtOaOfOtOfT,-1.4207
UtOaOfTlL,-1.4186
RfO,-1.404
UtOtOaOfTlL,-1.3961
UtOfOtOfTlL,-1.3756
OaRaOtRfT,-1.3756
UtOaRaOtRfT,-1.3756
UtOtRaOtRfT,-1.3756
OaOfT,-1.3572
OfOtOfOtOtO,-1.3572
OaOfOtOfT,-1.3449
UtOaOaOfTlL,-1.3429
OtOtOfT,-1.3419
OaOtOtOaOfT,-1.3347
OfOtOtOfT,-1.3224
UtRfTlL,-1.3215
OaOtOfT,-1.3214
OtOtOfOtOfT,-1.3183
OfOtOtOtOfT,-1.3101
OaOfOtOfOfT,-1.304
OaOaOtOfTfO,-1.2897
OaOtOaOtOaO,-1.2794
RfTfRfTfRlL,-1.2789
OfOtOaOfT,-1.2743
RfOfOfTlL,-1.2671
RfOtOfTlL,-1.2671
OxRfOfOfTlL,-1.2671
OxRfOtOfTlL,-1.2671
VvRfOfOfTlL,-1.2671
VvRfOtOfTlL,-1.2671
TtOaOfTlL,-1.2487
RtOtRfTlL,-1.2446
UxRtOtRfTlL,-1.2446
OtOaOtOaO,-1.2282
OtOfT,-1.2272
RfOtRfTlL,-1.2221
UxRfOtRfTlL,-1.2221
RfTfRvVvRfO,-1.1883
OtOtOaOtOaO,-1.1853
RtOtRaOfTlL,-1.1853
UtOtOaRfTlL,-1.1791
OaRaOtRaOfT,-1.1791
OtOaOtOaOtO,-1.1668
OtOaOtOaOlL,-1.1668
TtOaRaOtRfT,-1.1607
TtOtRaOtRfT,-1.1607
RaOfTlL,-1.1576
UxRaOfTlL,-1.1576
RfOtRaOfTlL,-1.1576
RaOtRfOfTlL,-1.1576
RaOtRtOfTlL,-1.1576
OfOaOfTlL,-1.1464
RfOfOaOfTlL,-1.1464
RfOtOaOfTlL,-1.1464
OtOtTtOfTlL,-1.1402
OaOaOtOaO,-1.1382
RfOaOfOtOfT,-1.1269
OtRfOfTlL,-1.1157
OtRtOfTlL,-1.1157
OtOfOaOfTlL,-1.1136
OaOaRfTlL,-1.1054
OtOaOaOtOaO,-1.1054
UtOaOaRfTlL,-1.1054
OaOaOtOaOtO,-1.0768
OaOaOtOaOlL,-1.0768
OfOtOaOtOaO,-1.0686
TtTtOfTlL,-1.0645
OfTtTtOfTlL,-1.0645
OfT,-1.0565
RfOaOtOtOfT,-1.0532
OaOaOtOtOfT,-1.0461
OaOtOaOfT,-1.044
OfOtOaOtOfO,-1.042
OtRvVvRfTlL,-1.042
UxTfRfTlL,-1.0409
OtOaOtOfTfO,-1.0317
OtOaOaRfTlL,-1.0317
OtOaOtOtOtO,-1.0235
OfOtOtOaOfT,-1.0154
OaOtOfOtOaO,-1.0113
OtOtOaOfT,-1.0082
OaOtOfOtOfO,-1.0031
OtOtOtOfOfT,-0.9846
OtOaOtOtO,-0.9795
OtOaOfTtOfT,-0.9765
RaOtRaOtRaO,-0.9672
RaOtRaOtRlL,-0.9672
OfTtOfOfTlL,-0.956
OtOtRfTlL,-0.9478
OfOtOaRfTlL,-0.9478
OfOtOfOfT,-0.9396
UtOtOtOfTlL,-0.9376
UxRvVvRtU,0.9235
RfTfRfTfRfT,-0.9235
OtRaOtRaO,-0.9212
OtRaOtRlL,-0.9212
OtRaOtRaOlL,-0.9212
OtRaOtRaOtR,-0.9212
OaOtOaOtOfO,-0.9171
OtOfOfT,-0.9161
OtOfOtOaO,-0.915
OfOfOfTlL,-0.9069
OtOtOtRfTlL,-0.8987
OaRvVvRfTlL,-0.8987
OtOfOfOfTlL,-0.8966
OtOtOfOtOaO,-0.8966
OtOfOtOaOtO,-0.8843
OtOfOtOaOlL,-0.8843
UtOfOfTlL,-0.8782
OtOfOtOfO,-0.8772
OaOaOfT,-0.8741
OaOtOtOfOfT,-0.8741
UxRvVvRfT,0.8722
OaOfTtOfT,-0.8721
OfOtOaOtOtO,-0.8721
RfOaOaOtOaO,-0.8721
UxRlL,0.8668
UtRvVvRfO,-0.8628
OtOtOfOtOfO,-0.8598
OtOaOtOfO,-0.8557
OtOtOtOtOtO,-0.8485
OtOaOaOfT,-0.8475
OtOaOtOaRfT,-0.8475
OtOaOtOaRlL,-0.8475
TfRvVvRfO,-0.8464
RfOaOfT,-0.8444
OxRfOaOfT,-0.8444
VvRfOaOfT,-0.8444
UxRvV,0.8431
UxRvVvR,0.8431
OaOtOtOfTfO,-0.8414
OtOfOtOfOtO,-0.8383
OtOfOtOfOlL,-0.8383
OtOaOfOtOaO,-0.8342
RvVvRfOaOfT,-0.8321
OfTtOtOfTlL,-0.8291
UaOaRfTlL,-0.827
OfTfRfTlL,-0.826
RfOfTfRfTlL,-0.826
RfTfRfOfTlL,-0.826
RfTfRtOfTlL,-0.826
RtOfTfRfTlL,-0.826
RfOaOfTtOfT,-0.8229
UaRlL,0.818
OxRfOfTlL,-0.8168
VvRfOfTlL,-0.8168
OfOtOfT,-0.8158
OtOtOaOtOfO,-0.8106
RtUxRfO,-0.8066
UxRtUxRfO,-0.8066
VvRtUxRfO,-0.8066
RtUxRtUxRfO,-0.8066
RvVvRtUxRfO,-0.8066
OtOaOtOtOlL,-0.8055
OtRfT,-0.8035
UtOaOtOfTlL,-0.8004
RvVvRfOfTlL,-0.8004
RfTfRfTfRtO,-0.7914
OaOtOaOtOtO,-0.7902
RtOfTlL,-0.7871
UxTlL,-0.7871
OaOfOtOaO,-0.7851
OaOtOtOtOtO,-0.783
OaOfTtOaOfT,-0.7799
OaOaOtOfO,-0.7779
OtOtOaOtOtO,-0.7738
UtOfTtOfTlL,-0.7718
OtOaOtOfOtO,-0.7697
OtOaOtOfOlL,-0.7697
RaOtRtOtRfT,-0.7677
RtOtRaOtRfT,-0.7677
OaOaOtOtO,-0.7656
OfOtOtOtOtO,-0.7584
OtOaOtO,-0.7554
OtOaOaOtOfO,-0.7554
UaRvVvRlL,0.7535
UaOtRfTlL,-0.7533
OaOfOtOtOfT,-0.7513
OtOaOaOtOtO,-0.7492
RaOtRfT,-0.7492
UxRaOtRfT,-0.7492
RfOtRaOtRfT,-0.7492
RaOtRfOtRfT,-0.7492
OtOtOtOaO,-0.7421
OaOfOtOaOtO,-0.7369
OaOfOtOaOlL,-0.7369
OfTtOaOtOfT,-0.7329
RfTfRlL,-0.7323
TfRfTfRlL,-0.7323
UtRfTfRlL,-0.7323
OtOfOtOtO,-0.7318
OtOtOtOtO,-0.7298
OtRtOtRfT,-0.7267
OaRfOfTlL,-0.7206
OaRtOfTlL,-0.7206
UtOaRfOfTlL,-0.7206
UtOaRtOfTlL,-0.7206
UtOtRfOfTlL,-0.7206
UtOtRtOfTlL,-0.7206
OtOtOtOtOaO,-0.7195
OaOaOtOfOtO,-0.7165
OaOaOtOfOlL,-0.7165
OtRfOtRfT,-0.7144
RfOfOfOfTlL,-0.7144
RfOtOfOfTlL,-0.7144
OtOaOfOtOfO,-0.7124
TtOtOfTlL,-0.7042
OaOtOfOtOtO,-0.7042
OtRvVvRfO,-0.7021
TtOfOfTlL,-0.7001
OtOtOtOfTfO,-0.7001
UxTfRvVvRfO,-0.699
OaOtOtOtO,-0.6981
OaOtOtOaO,-0.6981
RfOaOaOfT,-0.694
OaOfOtOfTfO,-0.694
OxRfOaOaOfT,-0.694
VvRfOaOaOfT,-0.694
OfOtOtOtOfO,-0.6899
OaOtOfTtOfT,-0.6899
OfOtOtOaRfT,-0.6878
OfOtOtOaRlL,-0.6878
OfOtOaOaOfT,-0.6878
OfOtOaOaRfT,-0.6878
OfOtOaOaRlL,-0.6878
RfOaOaOtOfO,-0.6878
UtOfOtOtOfT,-0.6878
UtOfOtOaOfT,-0.6878
TtOtTtOfTlL,-0.6878
OaOtOfOfT,-0.6847
OaOfOtOfO,-0.6786
OtOtOtOaOtO,-0.6755
OtOtOtOaOlL,-0.6755
RfOaOaOtOtO,-0.6755
UaOaRaOfTlL,-0.6755
UaOtRaOfTlL,-0.6755
OtOaOtOtOaO,-0.6694
OtOfOtOtOtO,-0.6673
UtRvVvRlL,-0.6666
OtOtOfTtOfT,-0.6653
OtOtOfOtOtO,-0.6612
OfOtOtOtOaO,-0.6581
RfOaOfOtOaO,-0.6571
UxRvVvRfTlL,0.6475
UaRfTlL,0.6468
OtOtOfOfT,-0.6459
OaOfTfO,-0.6448
OtOaOfTfO,-0.6448
RfOaOfTfO,-0.6448
OaOtOtOtOaO,-0.6448
OxRfOaOfTfO,-0.6448
VvRfOaOfTfO,-0.6448
RaOtRaOfT,-0.6448
UxRaOtRaOfT,-0.6448
OxRlL,0.6425
OtOaO,-0.6407
OaOtOtOaOtO,-0.6366
OaOtOtOaOlL,-0.6366
OtOaOtOlL,-0.6356
OxRfO,-0.6346
OaOfOtOfOtO,-0.6305
OaOfOtOfOlL,-0.6305
UxRfO,-0.6271
TtTtTtOfTlL,-0.6264
OtRtOtRaOfT,-0.6264
RfOaOfOtOfO,-0.6203
OfOfT,-0.6192
TtOaOtOfT,-0.6172
OtRaOfT,-0.6141
OtRfOtRaOfT,-0.6141
OtRaOtRfOfT,-0.6141
OtRaOtRtOfT,-0.6141
OtOfTtOfT,-0.6121
RfOfOtOfTlL,-0.61
RfOtOtOfTlL,-0.61
TtOaRfOfTlL,-0.608
TtOaRtOfTlL,-0.608
TtOtRfOfTlL,-0.608
TtOtRtOfTlL,-0.608
OtOaOlL,-0.6049
OfOaOtOfT,-0.6039
OtOtOtOtOlL,-0.6039
RfOfOaOtOfT,-0.6039
RfOtOaOtOfT,-0.6039
OtOfRfTlL,-0.6018
OtOfOaOtOfT,-0.5957
OtOfOtOtOlL,-0.5947
RfTfRvVvRlL,-0.5941
OaRaOtRaO,-0.5896
OaRaOtRlL,-0.5896
OaRaOtRaOlL,-0.5896
OaRaOtRaOtR,-0.5896
UtOaRaOtRaO,-0.5896
UtOaRaOtRlL,-0.5896
UtOtRaOtRaO,-0.5896
UtOtRaOtRlL,-0.5896
OtOtOtO,-0.5844
OtOfOfOtOfT,-0.5824
TfTlL,-0.5803
OtOfTtOaOfT,-0.5773
OaRfT,-0.5752
OtOfOfTtOfT,-0.5711
OtTtOfTlL,-0.5701
OfOtTtOfTlL,-0.5701
OaOfTtOfOfT,-0.5681
UtRvVvRfTlL,-0.5677
RtUxRlL,-0.567
UxRtUxRlL,-0.567
VvRtUxRlL,-0.567
RtUxRtUxRlL,-0.567
OtOaOfOtOtO,-0.567
RvVvRtUxRlL,-0.565
OaOtOfRfTlL,-0.565
OaOtOtRfTlL,-0.565
TtOaOtOaOfT,-0.565
UxRfTfRfTlL,-0.5619
OfOaOtOaOfT,-0.5609
OtOtOtOtOfO,-0.5609
OaOtOtO,-0.5599
OaOtOtOtOlL,-0.5599
OaOtOtOtOfO,-0.5568
OfOtOtRfTlL,-0.5548
OtOaOfOfT,-0.5537
RtOxRfO,-0.5527
OtOtOfTfO,-0.5527
OxRtOxRfO,-0.5527
VvRtOxRfO,-0.5527
RtOxRtOxRfO,-0.5527
RvVvRtOxRfO,-0.5527
OaOaOtOtOtO,-0.5507
OaOaOtOtOlL,-0.5507
OaOfOfT,-0.5466
OtOtOtOfO,-0.5445
OfTtOfTtOfT,-0.5435
OtOtOfRfTlL,-0.5404
OaOaOtOaRfT,-0.5404
OaOaOtOaRlL,-0.5404
OtOtOtOaRfT,-0.5384
OfOfOtOaOfT,-0.5322
RfOaOtOtOaO,-0.522
UxTfRfTfRlL,-0.5204
OfOtOtOaO,-0.5179
OaOfOtOtO,-0.5179
OxRtU,0.5133
OtOtO,-0.5107
OaOtO,-0.5097
OtOfOtOtOaO,-0.5097
TtOfTtOfT,-0.5087
OfTtOfOtOfT,-0.5056
UxR,0.5053
OtOfTfO,-0.5036
OaOtOfTfO,-0.5036
OtOfOtOfTfO,-0.5036
UtOaOfOfTlL,-0.5026
UtOtOfOfTlL,-0.5015
OfOtOtO,-0.4985
OfOtOtOfOfT,-0.4985
OfOtOtOaOtO,-0.4974
OfOtOtOaOlL,-0.4974
OtOtOtOaRlL,-0.4974
OtOaOfTtOaO,-0.4974
OaOfTtOfTfO,-0.4974
TtOaRaOtRaO,-0.4974
TtOaRaOtRlL,-0.4974
TtOtRaOtRaO,-0.4974
TtOtRaOtRlL,-0.4974
OfOfOtOfT,-0.4964
OtOaOtOtOfO,-0.4964
UtOaRfT,-0.4954
TfRlL,-0.4908
OaOtOaO,-0.4893
OfOtOfO,-0.4882
RaOtRaOtRtO,-0.4882
RfTfRfT,-0.4875
TfRfTfRfT,-0.4875
RfTfRfTfR,-0.4875
UtRfTfRfT,-0.4875
TfRfTfRfTfR,-0.4875
RfTfRfTfRvV,-0.4875
UtRfTfRfTfR,-0.4875
OtOtOtOlL,-0.4811
OfTtOfT,-0.48
OaOtOtOfO,-0.48
OtOfOtOtTlL,-0.479
OfOtOaO,-0.478
OtOtOaO,-0.478
OaOtOtOlL,-0.4739
UtOtRfT,-0.4708
UtOtOaOtOfT,-0.4708
RfOaOfOfT,-0.4698
OxRfOaOfOfT,-0.4698
VvRfOaOfOfT,-0.4698
OtRaOtRtO,-0.4698
OaOtOaOtO,-0.4688
OaOtOaOlL,-0.4688
OfOfOtOfOfT,-0.4678
OtRlL,-0.4667
OfOtOtOtO,-0.4667
TtOfTfTlL,-0.4637
OfTtOfTfTlL,-0.4637
OtRaOtRtTlL,-0.4637
UaRvVvRtU,0.4607
OaRfOtRfT,-0.4585
OaRtOtRfT,-0.4585
UtOfOtOfOfT,-0.4585
UtOaRfOtRfT,-0.4585
UtOaRtOtRfT,-0.4585
UtOtRfOtRfT,-0.4585
UtOtRtOtRfT,-0.4585
RfT,-0.4565
OfOtOfOtO,-0.4534
OfOtOfOlL,-0.4534
OaOaO,-0.4524
OfOtOaOtO,-0.4524
OfOtOaOlL,-0.4524
OfOtOfOtOlL,-0.4514
OaOtOaOtOlL,-0.4504
UtOaOaOtOfT,-0.4504
OtTtOaOfTlL,-0.4504
RfOaOfOtOtO,-0.4483
TtOfT,-0.4473
OfOtOaOtOlL,-0.4463
OtOtOtOfOtO,-0.4463
OtOtOtOfOlL,-0.4463
OfTfTlL,-0.4442
OtOtOaOtO,-0.4442
OtOtOaOlL,-0.4442
UxRfOfTlL,-0.4432
UxRtOfTlL,-0.4432
OtOfOfTtOfO,-0.4432
UtRfOfTlL,-0.4432
UtRtOfTlL,-0.4432
OtOtOaOtOlL,-0.4381
OtOaOaO,-0.436
OfOaOtOfOfT,-0.436
RfTfRtO,-0.4353
TfRfTfRtO,-0.4353
UtRfTfRtO,-0.4353
OfOtOtTlL,-0.4299
OfOfTtOaOfT,-0.4299
OfOaOtOfTfO,-0.4299
OtOfTtOfOfT,-0.4299
UaOaRaOtRfT,-0.4299
UaOtRaOtRfT,-0.4299
TfRvVvRlL,-0.4283
TtOaOtOfOfT,-0.4268
OtOaOtOaR,-0.4237
OtOaOtOaRtO,-0.4237
RfOaOtOtOtO,-0.4237
TtOfOtOaOfT,-0.4237
OaOaOtO,-0.4217
OaOaOlL,-0.4217
OaOaOtOlL,-0.4217
OfOtOtOtOlL,-0.4207
RtO,-0.4158
OfTfRfTfRlL,-0.4145
OtOaOaOtO,-0.4115
OtOaOaOlL,-0.4115
OtOfOfTtOaO,-0.4115
OtOaOaOtOlL,-0.4115
OaOtOaOtOaR,-0.4115
OtOtOlL,-0.4094
OfTtOaOtOaO,-0.4094
OtOaOfTtOfO,-0.4084
OfOtOfTtOfT,-0.4053
OtOaOtOaRvV,-0.4053
OaOaOtOtTlL,-0.4053
RfOaOtOtOfO,-0.4023
UaR,0.4013
UaRvV,0.4013
UaRvVvR,0.4013
OaOtOtOfOtO,-0.4002
OaOtOtOfOlL,-0.4002
OtOtOaOtOaR,-0.3992
OaTlL,0.3976
OfOfTtOfOfT,-0.3971
OaOfOtOtOtO,-0.3971
OaOfOtOtOlL,-0.3971
OtOfO,-0.3961
OtOfOtO,-0.3961
OaOtOlL,-0.3961
UxTfRlL,-0.3956
RtOtRfOfTlL,-0.3951
RtOtRtOfTlL,-0.3951
TtOfOtOfOfT,-0.3951
OaOfTtOaO,-0.393
UtOtOfRfTlL,-0.393
UtOtOtRfTlL,-0.393
OaRaOfT,-0.393
UtOaRaOfT,-0.393
UtOtRaOfT,-0.393
OaRfOtRaOfT,-0.393
OaRaOtRfOfT,-0.393
OaRaOtRtOfT,-0.393
OaRtOtRaOfT,-0.393
OfOtOtOlL,-0.392
OaOtTtOfT,-0.39
OtOaOtTtOfT,-0.39
RfOaOtTtOfT,-0.39
TfRfOfTlL,-0.39
TfRtOfTlL,-0.39
OfTfRfOfTlL,-0.39
OfTfRtOfTlL,-0.39
OtTtTtOfTlL,-0.3889
TtOaRfT,-0.3869
TtOtRfT,-0.3869
OfTtOaRfT,-0.3869
OfTtOtRfT,-0.3869
OaOfTtOaOtO,-0.3869
OaOfTtOaOlL,-0.3869
UtOfTtOaRfT,-0.3869
UtOfTtOtRfT,-0.3869
TtOfTtOaRfT,-0.3869
TtOfTtOtRfT,-0.3869
TtOaRfOtRfT,-0.3869
TtOaRtOtRfT,-0.3869
TtOtRfOtRfT,-0.3869
TtOtRtOtRfT,-0.3869
TtTfTlL,-0.3869
TtTtOaRfT,-0.3869
TtTtOtRfT,-0.3869
OfTtTtOaRfT,-0.3869
OfTtTtOtRfT,-0.3869
UtRaOtRfTlL,-0.3869
RfOtRfOfTlL,-0.3859
RfOtRtOfTlL,-0.3859
OaOfTtOtOfT,-0.3838
RfOaOtOfT,-0.3777
OxRfOaOtOfT,-0.3777
VvRfOaOtOfT,-0.3777
OfOfTtOfT,-0.3767
TtOfOtOfT,-0.3756
RfOfOfOtOfT,-0.3756
RfOtOfOtOfT,-0.3756
UxRfTlL,-0.3748
OfTtOtOtOfT,-0.3746
OaOfOfTtOfO,-0.3746
UaOfTlL,-0.3726
OaO,-0.3715
OaOtOfTtOaO,-0.3705
UaRvVvRfT,0.3698
TtTtOfTfTlL,-0.3695
OtOaTlL,0.3694
OaOfRfTlL,-0.3685
OaOtRfTlL,-0.3685
UtOaOfRfTlL,-0.3685
UtOaOtRfTlL,-0.3685
OaOtOfO,-0.3675
OtOaRfT,-0.3664
RfOaOaO,-0.3623
OxRfOaOaO,-0.3623
VvRfOaOaO,-0.3623
OtOtOfO,-0.3572
OfTtOfOtOfO,-0.3572
OaOlL,-0.3562
OtOfOtOlL,-0.3562
OtOaOtOtTlL,-0.3562
OaOtOtOaRfT,-0.3562
OaOtOtOaRlL,-0.3562
UxTfRvVvRlL,-0.3546
UaRfT,0.3532
RfOfOtOtOfT,-0.3511
RfOtOtOtOfT,-0.3511
OfTtOaOtOfO,-0.3501
RvVvRfOaOaO,-0.3501
OtRvVvRfOaO,-0.347
OtOfOlL,-0.346
OfTtOfOtOaO,-0.346
OtOtOfTtOaO,-0.346
OfOtOtOaR,-0.3439
OfOtOaOaO,-0.3439
OfOtOaOaR,-0.3439
OfOtOtOaRtO,-0.3439
OfOtOtOaRvV,-0.3439
OfOtOaOaOtO,-0.3439
OfOtOaOaOlL,-0.3439
OfOtOaOaRtO,-0.3439
OfOtOaOaRvV,-0.3439
OtOfOtOtOaR,-0.3439
OtOfOtOaOaO,-0.3439
OtOfOtOaOaR,-0.3439
OtOaOfRfTlL,-0.3439
OtOaOtRfTlL,-0.3439
RfOaOfTtOaO,-0.3439
UtOfOtOtOaO,-0.3439
UtOfOtOtOaR,-0.3439
UtOfOtOaOaO,-0.3439
UtOfOtOaOaR,-0.3439
UtOfOtOtTlL,-0.3439
OtOtOaRfT,-0.3419
UtOtOtOtOfT,-0.3408
OtOfOfOtOaO,-0.3398
OaOfTfTlL,-0.3378
OtOaOfTfTlL,-0.3378
RfOaOfTfTlL,-0.3378
OtOaRaOfTlL,-0.3378
OtOtRaOfTlL,-0.3378
OaRvVvRfOaO,-0.3347
TtOfTtTfTlL,-0.3327
OaRlL,-0.3316
RfOaOaOtO,-0.3316
RfOaOaOlL,-0.3316
UtOfTfTlL,-0.3316
OtOfTtOfTfO,-0.3316
OxRfOaOaOtO,-0.3316
OxRfOaOaOlL,-0.3316
RfOaOaOtOlL,-0.3316
TtOaOtOfTfO,-0.3316
VvRfOaOaOtO,-0.3316
VvRfOaOaOlL,-0.3316
TtOaRaOfT,-0.3316
TtOtRaOfT,-0.3316
OfTtOaRaOfT,-0.3316
OfTtOtRaOfT,-0.3316
TtTtOaRaOfT,-0.3316
TtTtOtRaOfT,-0.3316
RaOtRtOtRaO,-0.3316
RaOtRtOtRlL,-0.3316
RtOtRaOtRaO,-0.3316
RtOtRaOtRlL,-0.3316
OfTtTfTlL,-0.3296
UxRtU,-0.3286
RtUxR,-0.3286
UxRtUxR,-0.3286
RtUxRtU,-0.3286
VvRtUxR,-0.3286
UxRtUxRtU,-0.3286
RtUxRtUxR,-0.3286
VvRtUxRtU,-0.3286
UxRtUxRtUxR,-0.3286
RtUxRtUxRtU,-0.3286
VvRtUxRtUxR,-0.3286
RvVvRtUxR,-0.3275
RvVvRtUxRtU,-0.3275
OtOaRlL,-0.3255
OtOaOfTtOtO,-0.3255
UtOaOtOtOfT,-0.3255
RaOtRaO,-0.3224
RaOtRlL,-0.3224
RaOtRaOlL,-0.3224
RaOtRaOtR,-0.3224
UxRaOtRaO,-0.3224
UxRaOtRlL,-0.3224
RfOtRaOtRaO,-0.3224
RfOtRaOtRlL,-0.3224
RaOtRfOtRaO,-0.3224
RaOtRfOtRlL,-0.3224
RaOtRaOtRfO,-0.3224
UxRaOtRaOlL,-0.3224
UxRaOtRaOtR,-0.3224
OaOtOfOtO,-0.3193
OaOtOfOlL,-0.3193
OaOaOtOfTtO,-0.3193
OtRvVvRlL,-0.3183
OaOtOfTtOfO,-0.3163
TtTtTtOaRfT,-0.3153
TtTtTtOtRfT,-0.3153
OxR,0.3143
UtRvVvRtUxR,-0.3142
TtOtOtOfT,-0.3142
OtRtOtRlL,-0.3132
OfOfOtOfTfO,-0.3132
OfOtOtOfTfO,-0.3132
OaOtOfOtOlL,-0.3132
OaOtTtOfTfO,-0.3132
OtRtOtRaO,-0.3132
OtRaOtRtOtR,-0.3132
OtRtOtRaOlL,-0.3132
OtRtOtRaOtR,-0.3132
RaOtRaOtRvV,-0.3132
TtOaOtOtOfT,-0.3112
UtRlL,-0.3094
OtO,-0.3076
OtOaOfO,-0.3071
RfOaOtO,-0.3071
OxRfOaOtO,-0.3071
OtRfOtRlL,-0.3071
VvRfOaOtO,-0.3071
OtRaO,-0.3071
OtRaOlL,-0.3071
OtRaOtR,-0.3071
OtRfOtRaO,-0.3071
OtRaOtRfO,-0.3071
OtRfOtRaOlL,-0.3071
OtRfOtRaOtR,-0.3071
OtRaOtRfOlL,-0.3071
OtRaOtRfOtR,-0.3071
OtRaOtRtOlL,-0.3071
OfTtOaOfT,-0.305
RfTfRfTfRfO,-0.304
OfTfRfTfRfT,-0.304
UxTfRfTfRfT,-0.3032
UxTfRfTfRtO,-0.3032
OaOfOfTtOfT,-0.303
OaOfOfTtOaO,-0.303
OtOtOaRlL,-0.3009
RvVvRfOaOtO,-0.3009
OaRaOtRtO,-0.3009
OtRaOtRvV,-0.3009
OtRaOtRvVvR,-0.3009
UtOaRaOtRtO,-0.3009
UtOtRaOtRtO,-0.3009
OaOfO,-0.2979
TfRfT,-0.2971
RfTfR,-0.2971
TfRfTfR,-0.2971
RfTfRvV,-0.2971
UtRfTfR,-0.2971
TfRfTfRvV,-0.2971
RfTfRvVvR,-0.2971
UtRfTfRvV,-0.2971
TfRfTfRvVvR,-0.2971
RfTfRvVvRfT,-0.2971
RfTfRvVvRtU,-0.2971
UtRfTfRvVvR,-0.2971
OtOaRvVvRlL,-0.2968
UtOfTtTfTlL,-0.2958
OtOfOtOaRfT,-0.2948
OtOfOtOaRlL,-0.2948
OtOfTtOaO,-0.2927
OtOfOfOtOfO,-0.2917
OfOaOtOaO,-0.2907
OtOtOfOtO,-0.2907
OtOtOfOlL,-0.2907
RfOfOaOtOaO,-0.2907
RfOtOaOtOaO,-0.2907
OfOtOfTfO,-0.2886
OaOfTtOfO,-0.2886
OfOaOtOtOfT,-0.2886
OtOtOfOtOlL,-0.2886
OfOfOtOaO,-0.2866
TtOfTtOaOfT,-0.2866
OtOtOfTtOfO,-0.2856
OtOlL,-0.2845
TtOaOtOaO,-0.2845
OtOfTtOaOtO,-0.2845
OtOfTtOaOlL,-0.2845
RvVvRfTlL,-0.284
UtRtO,-0.2838
OfOfOtOtOfT,-0.2835
OtOaOfOtO,-0.2825
OtOaOfOlL,-0.2825
OaOtOaRfT,-0.2825
OaOtOaRlL,-0.2825
OtOfOaOtOaO,-0.2825
OtOfTtOtOfT,-0.2825
OtOaOfOtOlL,-0.2825
OtOaOtOfRfT,-0.2825
OtOaOtOfRlL,-0.2825
OtOaOtOtRfT,-0.2825
OtOaOtOtRlL,-0.2825
OaOfTtOfOtO,-0.2825
OaOfTtOfOlL,-0.2825
UtOtOaOtOaR,-0.2825
TtOtOtOaOfT,-0.2825
RfOfOfT,-0.2815
RfOtOfT,-0.2815
OxRfOfOfT,-0.2815
OxRfOtOfT,-0.2815
VvRfOfOfT,-0.2815
VvRfOtOfT,-0.2815
TtOaOtOaOtO,-0.2805
TtOaOtOaOlL,-0.2805
VvRfTlL,-0.2801
UaRvVvRfTlL,0.2775
RvVvRfOfOfT,-0.2774
RvVvRfOtOfT,-0.2774
OaOfTtOtO,-0.2764
OfTfRfTfRtO,-0.2764
OaRaOtRtTlL,-0.2764
TfRtO,-0.2756
OtOfOfOtOtO,-0.2743
RfOfOfTtOfT,-0.2743
RfOtOfTtOfT,-0.2743
UtOtOaOtOaO,-0.2743
UtRfT,-0.2735
OxUfTlL,-0.2733
OfOtOtOfO,-0.2723
UtOfT,-0.2702
UtOaRlL,-0.2702
OaOaOtOaR,-0.2702
OfOaOtOaOtO,-0.2702
OfOaOtOaOlL,-0.2702
OtOfOtOtOfO,-0.2702
OtOaOtOfTtO,-0.2702
OaOaOtOfTfT,-0.2702
OaOaOtOaRtO,-0.2702
OaOtTtOaOfT,-0.2702
UtOaOaOtOaR,-0.2702
RtOtRtOtRfT,-0.2682
OaOfOtO,-0.2671
OaOfOlL,-0.2671
OaOfOtOlL,-0.2671
UtOaOaOtOaO,-0.2661
OfOtO,-0.2641
OaOaOtOaRvV,-0.2641
TtOaRaOtRtO,-0.2641
TtOtRaOtRtO,-0.2641
OfOtOfOtOtT,-0.2631
UaOfTtOfTlL,-0.262
OlL,-0.261
OtOtTtOfT,-0.26
OtOtOtTtOfT,-0.26
OaOtOtTtOfT,-0.26
OtTtOaOtOfT,-0.26
TtTtOaOfTlL,-0.259
OtOaOaOtOaR,-0.2579
OfTfRvVvRfO,-0.2579
UxTfRfOfTlL,-0.2579
UxTfRtOfTlL,-0.2579
RtUxRfTlL,-0.2559
UxRtUxRfTlL,-0.2559
VvRtUxRfTlL,-0.2559
RtOtRfT,-0.2559
OfOfOtOfO,-0.2559
UxRtOtRfT,-0.2559
OfTtOaOtOtO,-0.2559
OaOfOtOaRfT,-0.2559
RfOtRtOtRfT,-0.2559
RtOtRfOtRfT,-0.2559
UfTlL,-0.2556
OfOtOaOfOfT,-0.2549
RtUxRfT,-0.2518
UxRtUxRfT,-0.2518
VvRtUxRfT,-0.2518
RtUxRtUxRfT,-0.2518
RfOaOfO,-0.2518
OxRfOaOfO,-0.2518
VvRfOaOfO,-0.2518
RfOaOfTtOtO,-0.2518
RvVvRtUxRfT,-0.2508
TtOfTtTtOfT,-0.2508
TtTtOfTtOfT,-0.2508
RfOtRfT,-0.2497
TtOaOfT,-0.2497
UxRfOtRfT,-0.2497
RfOtRfOtRfT,-0.2497
OaOfTfTfO,-0.2487
OtOaOfTfTfO,-0.2487
RfOaOfTfTfO,-0.2487
OaRvVvRlL,-0.2477
OfOfOtOaOtO,-0.2456
OfOfOtOaOlL,-0.2456
OfOtOfTtOaO,-0.2456
OtOtOtOaRtO,-0.2456
RfOfT,-0.2446
OtRvVvRfT,-0.2446
TtTtOfT,-0.2446
OfTtTtOfT,-0.2446
OtOtOtOaR,-0.2436
RvVvRfOaOfO,-0.2426
OfOfTfO,-0.2395
OtOtOtTlL,-0.2395
OtOtOtOtTlL,-0.2395
OaOfTtOtTlL,-0.2395
OaOtOfTtOtO,-0.2375
OaOtTfTlL,-0.2364
OtOaOtTfTlL,-0.2364
RfOaOtTfTlL,-0.2364
OfOtOfTtOfO,-0.2354
OtRvVvRfOfT,-0.2354
OtOtOtOaRvV,-0.2344
OaOfTtTtOfT,-0.2334
OaOtTtTtOfT,-0.2334
OfOaOfT,-0.2313
RfOfOaOfT,-0.2313
RfOtOaOfT,-0.2313
OtOfOfTtOtO,-0.2313
OtOtOtOtOaR,-0.2313
OxRfOfOaOfT,-0.2313
OxRfOtOaOfT,-0.2313
VvRfOfOaOfT,-0.2313
VvRfOtOaOfT,-0.2313
UtTlL,-0.2313
OfTfO,-0.2308
OxUfTtUfTlL,-0.2303
OfOaOtOfO,-0.2293
UtOfOtOfO,-0.2293
UtOfOtOtO,-0.2293
OfOtOtOfRfT,-0.2293
OfOtOtOfRlL,-0.2293
OfOtOtOtRfT,-0.2293
OfOtOtOtRlL,-0.2293
OfOtOaOfRfT,-0.2293
OfOtOaOfRlL,-0.2293
OfOtOaOtRfT,-0.2293
OfOtOaOtRlL,-0.2293
RfOfOaOtOfO,-0.2293
RfOtOaOtOfO,-0.2293
UtOfOtOfOtO,-0.2293
UtOfOtOfOlL,-0.2293
OxUtRfTlL,-0.2293
OfOtOtOfOtO,-0.2282
OfOtOtOfOlL,-0.2282
UtR,-0.2274
OtOtOtOtRfT,-0.2272
RfOaOfTtOfO,-0.2272
UtRvV,-0.2264
UtRvVvR,-0.2264
OfOtOlL,-0.2262
OfOaOtOtO,-0.2252
OtOfOaOfT,-0.2252
OtOfTfTlL,-0.2252
OtOtOfTfTlL,-0.2252
OtOtOfTtOtO,-0.2252
OaOtOfTfTlL,-0.2252
RfOfOaOtOtO,-0.2252
RfOtOaOtOtO,-0.2252
OtTtOfOfTlL,-0.2252
OtTtOtOfTlL,-0.2252
OaRvVvRfOfT,-0.2252
UaOaRfOfTlL,-0.2252
UaOaRtOfTlL,-0.2252
UaOtRfOfTlL,-0.2252
UaOtRtOfTlL,-0.2252
OfO,-0.2236
OfOfOtOtO,-0.2231
OtOfOaOtOfO,-0.2231
UtOtRlL,-0.2211
OtOfTtOfO,-0.2211
OaOtOtTlL,-0.2211
RfOaOfOtO,-0.2211
RfOaOfOlL,-0.2211
OtOfOaOtOtO,-0.2211
OaOfOtOtTlL,-0.2211
OxRfOaOfOtO,-0.2211
OxRfOaOfOlL,-0.2211
RfOaOfOtOlL,-0.2211
VvRfOaOfOtO,-0.2211
VvRfOaOfOlL,-0.2211
RtOtRaOfT,-0.2211
UxRtOtRaOfT,-0.2211
UtRvVvRfT,-0.22
RfOfOfOtOaO,-0.219
RfOtOfOtOaO,-0.219
TtOaOtOfO,-0.218
TtOfOtOtOfT,-0.218
UxTfRfT,-0.2172
UxTfRtO,-0.2172
UxTfRfTfR,-0.2172
UxTfRfTfRvV,-0.2172
OfOfTtOaO,-0.217
OfTtOfOfT,-0.217
OaOfOtOfTtO,-0.217
OtR,-0.216
TfRvVvRfTlL,-0.2157
OtOfOfTfO,-0.2149
OaOaOtOtU,-0.2149
RfOfOfTfO,-0.2149
RfOtOfTfO,-0.2149
OfOfOtOfOtO,-0.2149
OfOfOtOfOlL,-0.2149
OtOaOaOtOtU,-0.2149
OaOfOtOaRlL,-0.2149
OxRfOfOfTfO,-0.2149
OxRfOtOfTfO,-0.2149
RfOaOaOtOtU,-0.2149
VvRfOfOfTfO,-0.2149
VvRfOtOfTfO,-0.2149
RaOfT,-0.2149
UxRaOfT,-0.2149
RfOtRaOfT,-0.2149
RaOtRfOfT,-0.2149
RaOtRtOfT,-0.2149
OtOaRaOtRfT,-0.2149
OtOtRaOtRfT,-0.2149
UxRfOtRaOfT,-0.2149
UxRaOtRfOfT,-0.2149
UxRaOtRtOfT,-0.2149
OxRfT,0.2142
OfOlL,-0.2139
TtOtOtOfOfT,-0.2139
TfR,-0.2131
TfRvV,-0.2131
TfRvVvR,-0.2131
TtOfOtOaO,-0.2129
OfOfTtOtOfT,-0.2129
OfOfTtOaOtO,-0.2129
OfOfTtOaOlL,-0.2129
OtOfTtOfOtO,-0.2129
OtOfTtOfOlL,-0.2129
TtUfTlL,-0.2126
UfTtUfTlL,-0.2126
TtUfTtUfTlL,-0.2126
TfRvVvRfT,-0.2111
TfRvVvRtU,-0.2111
TtOfOtOaOtO,-0.2108
TtOfOtOaOlL,-0.2108
TtOaOtOfOtO,-0.2108
TtOaOtOfOlL,-0.2108
UfRfTlL,-0.2098
TtTtTfTlL,-0.2098
OfTtTtTfTlL,-0.2098
OfOaOtOfOtO,-0.2088
OfOaOtOfOlL,-0.2088
OtOtTtOfTfO,-0.2088
OtRtOtRfOfT,-0.2088
OtRtOtRtOfT,-0.2088
RaOtRvVvRlL,-0.2088
TtUtRfTlL,-0.2078
UfTtUtRfTlL,-0.2078
OfTtOtOtOaO,-0.2068
RfOfOfOtOfO,-0.2068
RfOtOfOtOfO,-0.2068
OtRfOfT,-0.2047
OtRtOfT,-0.2047
OtRfOtRfOfT,-0.2047
OtRfOtRtOfT,-0.2047
OaOtTlL,-0.2027
OtOaOtTlL,-0.2027
OaOaOtOtT,-0.2027
RfOaOtTlL,-0.2027
TtOaOtOtO,-0.2027
OtOaOaOtOtT,-0.2027
OaOtOtOtTlL,-0.2027
OaOaOtOtTfT,-0.2027
OxRfOaOtTlL,-0.2027
RfOaOaOtOtT,-0.2027
VvRfOaOtTlL,-0.2027
UfTfRfTlL,-0.2027
OxUfTfRfTlL,-0.2027
OfOfTtOfO,-0.2016
TfRvVvRtUxR,-0.2016
OtOfOfOfT,-0.2006
OfOfOfT,-0.1996
UtOtTlL,-0.1996
RfOaOtOtO,-0.1996
TtOfOtOfO,-0.1996
OxRfOaOtOtO,-0.1996
RfOaOtOtOlL,-0.1996
TtOfTtOtTlL,-0.1996
VvRfOaOtOtO,-0.1996
OaT,0.1988
OtOfTtOtO,-0.1986
OfTtOfOtOtO,-0.1986
UtOtOfT,-0.1975
OfOfTtOfOtO,-0.1975
OfOfTtOfOlL,-0.1975
UtOtOaRfT,-0.1965
UtOtOaRlL,-0.1965
OaRfOtRlL,-0.1965
OaRtOtRlL,-0.1965
OfOtOfRfTlL,-0.1965
OaOfTtOfTtO,-0.1965
UtOaRfOtRlL,-0.1965
UtOaRtOtRlL,-0.1965
UtOtRfOtRlL,-0.1965
UtOtRtOtRlL,-0.1965
TtOfOtOfOtO,-0.1965
TtOfOtOfOlL,-0.1965
OaRaO,-0.1965
OaRaOlL,-0.1965
OaRaOtR,-0.1965
UtOaRaO,-0.1965
UtOtRaO,-0.1965
OaRfOtRaO,-0.1965
OaRaOtRfO,-0.1965
OaRaOtRvV,-0.1965
OaRtOtRaO,-0.1965
UtOaRaOlL,-0.1965
UtOaRaOtR,-0.1965
UtOtRaOlL,-0.1965
UtOtRaOtR,-0.1965
OaRfOtRaOlL,-0.1965
OaRfOtRaOtR,-0.1965
OaRaOtRfOlL,-0.1965
OaRaOtRfOtR,-0.1965
OaRaOtRtOlL,-0.1965
OaRaOtRtOtR,-0.1965
OaRaOtRvVvR,-0.1965
OaRtOtRaOlL,-0.1965
OaRtOtRaOtR,-0.1965
UtOaRfOtRaO,-0.1965
UtOaRaOtRfO,-0.1965
UtOaRaOtRvV,-0.1965
UtOaRtOtRaO,-0.1965
UtOtRfOtRaO,-0.1965
UtOtRaOtRfO,-0.1965
UtOtRaOtRvV,-0.1965
UtOtRtOtRaO,-0.1965
OaOtOtOfTtO,-0.1955
RfOaOtOlL,-0.1934
OfOfOfOfTlL,-0.1934
OaOfTtOtOtO,-0.1934
OaOfTtOtOlL,-0.1934
OxRfOaOtOlL,-0.1934
VvRfOaOtOlL,-0.1934
OfTfRlL,-0.1934
RfOfTfRlL,-0.1934
RtOfTfRlL,-0.1934
TfRfOfTfRlL,-0.1934
TfRtOfTfRlL,-0.1934
UtRfOfTfRlL,-0.1934
UtRtOfTfRlL,-0.1934
OtRvV,-0.1904
OtRvVvR,-0.1904
OfRfTlL,-0.1893
UtOtOaOfT,-0.1883
UtOaOfT,-0.1873
OtOaOfTtO,-0.1873
OtOtOtOtRlL,-0.1863
OtOfOtOfTtO,-0.1853
OtOaT,0.1847
OaOaRfT,-0.1842
OaOaRlL,-0.1842
UtOaOaRfT,-0.1842
UtOaOaRlL,-0.1842
OaOaOfTtOfO,-0.1842
UtOtOtOtOaR,-0.1842
UaOaRaOtRaO,-0.1842
UaOaRaOtRlL,-0.1842
UaOtRaOtRaO,-0.1842
UaOtRaOtRlL,-0.1842
UtOaOaOfT,-0.1801
OtOaOtOfTfT,-0.1801
OtOtTtOaOfT,-0.1801
OaOaOtOfRfT,-0.1801
OaOaOtOfRlL,-0.1801
OaOaOtOtRfT,-0.1801
OaOaOtOtRlL,-0.1801
UtOtOtOtOaO,-0.1801
UtOaRvVvRlL,-0.1801
TtTtOtOfTlL,-0.1801
OfTtOtOtOfO,-0.1791
OaOtOtOaR,-0.1781
OaOtOtOaRtO,-0.1781
OaOaRvVvRlL,-0.1781
UtOaOtOtOaR,-0.1781
OtRtO,-0.1771
UtOtOtOaOfT,-0.1771
UxT,-0.1763
UxTfR,-0.1763
UxTfRvV,-0.1763
UxTfRvVvR,-0.1763
OfTtOfTtOaO,-0.176
UtOaOtOtOaO,-0.176
TtOtTlL,-0.175
OfTtOtTlL,-0.175
OtOaOfTtOlL,-0.175
OaOtOtOaRvV,-0.175
UxTfRvVvRfT,-0.1742
UxTfRvVvRtU,-0.1742
RfOfOtOtOaO,-0.174
RfOtOtOtOaO,-0.174
RtU,0.1735
VvRtU,0.1735
TtU,0.1734
TtOfTtOfOfT,-0.173
OtOaOaRfT,-0.172
OtOaOaRlL,-0.172
UtOfOtOfT,-0.172
UtOfOtOaO,-0.172
OtOtOaOaOfT,-0.172
OtOtOaOaRfT,-0.172
OtOtOaOaRlL,-0.172
OtOaOtOtOaR,-0.172
OaOtOaOaOfT,-0.172
OaOtOaOaRfT,-0.172
OaOtOaOaRlL,-0.172
UtOfOtOtOtO,-0.172
UtOfOtOtOlL,-0.172
UtOfOtOaOtO,-0.172
UtOfOtOaOlL,-0.172
UtOaOtOaOfT,-0.172
TfTfRfTlL,-0.172
UfTfTfRfTlL,-0.172
TtUfTfRfTlL,-0.172
UtOfTtOfT,-0.1709
UxRvVvRtUxR,-0.1699
OtOtRfT,-0.1699
OfOtOaRfT,-0.1699
UtOaOfOtOfT,-0.1689
RaOtRtOtRtO,-0.1689
RtOtRaOtRtO,-0.1689
OtRtOtRtTlL,-0.1689
TtOtOtOtOfT,-0.1679
TtOfTfO,-0.1668
OfTtOfTfO,-0.1668
TtOfTtOfTfO,-0.1668
UtOfTtTtOfT,-0.1668
TtOaRlL,-0.1658
TtOtRlL,-0.1658
OfTtOaRlL,-0.1658
OfTtOtRlL,-0.1658
OtOfTfTfO,-0.1658
OfOfTtOfTfO,-0.1658
OtOtOfTfTfO,-0.1658
OaOtOfTfTfO,-0.1658
UtOfTtOaRlL,-0.1658
UtOfTtOtRlL,-0.1658
TtOfOtOfTfO,-0.1658
TtOfTtOaRlL,-0.1658
TtOfTtOtRlL,-0.1658
TtOtOtOfTfO,-0.1658
TtOaRfOtRlL,-0.1658
TtOaRtOtRlL,-0.1658
TtOtRfOtRlL,-0.1658
TtOtRtOtRlL,-0.1658
TtOaRaO,-0.1658
TtOtRaO,-0.1658
OfTtOaRaO,-0.1658
OfTtOtRaO,-0.1658
TtOaRaOlL,-0.1658
TtOaRaOtR,-0.1658
TtOtRaOlL,-0.1658
TtOtRaOtR,-0.1658
TtTtOaRaO,-0.1658
TtTtOaRlL,-0.1658
TtTtOtRaO,-0.1658
TtTtOtRlL,-0.1658
OfTtOaRaOlL,-0.1658
OfTtOaRaOtR,-0.1658
OfTtOtRaOlL,-0.1658
OfTtOtRaOtR,-0.1658
OfTtTtOaRaO,-0.1658
OfTtTtOaRlL,-0.1658
OfTtTtOtRaO,-0.1658
OfTtTtOtRlL,-0.1658
TtOfTtOaRaO,-0.1658
TtOfTtOtRaO,-0.1658
TtOaRfOtRaO,-0.1658
TtOaRaOtRfO,-0.1658
TtOaRaOtRvV,-0.1658
TtOaRtOtRaO,-0.1658
TtOtRfOtRaO,-0.1658
TtOtRaOtRfO,-0.1658
TtOtRaOtRvV,-0.1658
TtOtRtOtRaO,-0.1658
TtTtOaRaOlL,-0.1658
TtTtOaRaOtR,-0.1658
TtTtOtRaOlL,-0.1658
TtTtOtRaOtR,-0.1658
UtOfTtOaRaO,-0.1658
UtOfTtOtRaO,-0.1658
RaOtRtTlL,-0.1658
RaOtRaOtRtT,-0.1658
UxRaOtRtTlL,-0.1658
OtRfO,-0.1648
TfT,-0.1638
OfTtOtOfT,-0.1638
UtOtOfOtOfT,-0.1638
RaOtRtO,-0.1627
UxRaOtRtO,-0.1627
RfOtRaOtRtO,-0.1627
RaOtRfOtRtO,-0.1627
OtOtOtRfT,-0.1617
OtUfRfTlL,-0.1617
UaOaRfT,-0.1617
RvVvRtU,0.1614
OtRtOtRtO,-0.1607
OfOfOtOtOtO,-0.1607
OfOfOtOtOlL,-0.1607
OtOaRtO,-0.1597
OaOfTtO,-0.1597
OtOaOtOtU,-0.1597
OtOfTtOtTlL,-0.1597
OtOtOaOtOtU,-0.1597
TtOaOtOtTlL,-0.1597
UaRaOtRfTlL,-0.1597
OtUtRfTlL,-0.1576
OtOaR,-0.1576
OtOtTfTlL,-0.1576
OtOtOtTfTlL,-0.1576
OaOtOtTfTlL,-0.1576
TtTtOaOtOfT,-0.1576
OaOtTfTfO,-0.1566
RfOfOfOfT,-0.1566
RfOtOfOfT,-0.1566
OtRfOtRtO,-0.1566
OtOaOtTfTfO,-0.1566
OaOfTtOfTfT,-0.1566
OxRfOfOfOfT,-0.1566
OxRfOtOfOfT,-0.1566
RfOaOtTfTfO,-0.1566
TtOfTtOtOfT,-0.1566
VvRfOfOfOfT,-0.1566
VvRfOtOfOfT,-0.1566
TtOtTtOfT,-0.1556
OfTtOtTtOfT,-0.1556
OtOtOtOfRfT,-0.1556
OtOtOtOfRlL,-0.1556
OtTtOfTtOfT,-0.1556
OtOfTtTtOfT,-0.1556
OtOtTtTtOfT,-0.1556
OtRtTlL,-0.1546
OtRfOtRtTlL,-0.1546
RfOaO,-0.1535
OxRfOaO,-0.1535
RfOaOlL,-0.1535
VvRfOaO,-0.1535
OaOfTtOlL,-0.1535
OxRfOaOlL,-0.1535
VvRfOaOlL,-0.1535
OfOaOtOtOtO,-0.1535
OfOaOtOtOlL,-0.1535
TtOaOtOtOtO,-0.1535
TtOfOfT,-0.1525
OfTtOaO,-0.1515
OaOfOfTtOtO,-0.1515
TtOaOaOfTlL,-0.1515
OtUtTlL,-0.1515
UtRtOtRfTlL,-0.1515
RvVvRfOaO,-0.1505
UxRvVvRfOaO,-0.1505
RvVvRfOaOlL,-0.1505
UfRvVvRlL,-0.1505
OtRaOtRtT,-0.1505
OtU,-0.1499
OaRtO,-0.1494
OtOaOtOtT,-0.1494
OfOtOfTtOtO,-0.1494
OtOtOtOfTtO,-0.1494
OtOtOaOtOtT,-0.1494
OaOtOaOtOtT,-0.1494
RfOfOfOtOtO,-0.1494
RfOtOfOtOtO,-0.1494
UaOtRfT,-0.1494
OtUtRvVvRlL,-0.1484
OtOaRvV,-0.1484
OtOaRvVvR,-0.1484
OtOaRvVvRfT,-0.1484
OtOaRvVvRfO,-0.1484
TtOfTtOfTfT,-0.1484
OfTtOaOtO,-0.1474
OfTtOaOlL,-0.1474
OtOfOtOaR,-0.1474
OtOtOaRtO,-0.1474
RfOaOfTtO,-0.1474
OtOfOtOaRtO,-0.1474
OaOaOfOtOfT,-0.1474
OaOaOfTtOfT,-0.1474
OaOaOfTtOaO,-0.1474
OxRfOaOfTtO,-0.1474
UtOtRvVvRlL,-0.1474
TtOtOaRfTlL,-0.1474
TtOaOtOtOlL,-0.1474
VvRfOaOfTtO,-0.1474
OfTtOfTtOtO,-0.1464
OtOtOaR,-0.1453
UxRvVvRfO,-0.1453
OtOfOtOaOfO,-0.1453
TfTtOfTlL,-0.1433
TtOtOtOaO,-0.1433
OfOfOtOaRfT,-0.1433
OfOfOtOtRfT,-0.1433
OfTfTtOfTlL,-0.1433
OtOfTtOtOtO,-0.1433
OtOfTtOtOlL,-0.1433
OaOtOaOtOtU,-0.1433
TtTlL,-0.1433
UaOfTtOaRfT,-0.1433
UaOfTtOtRfT,-0.1433
UaOaRfOtRfT,-0.1433
UaOaRtOtRfT,-0.1433
UaOtRfOtRfT,-0.1433
UaOtRtOtRfT,-0.1433
OtOtOaRvV,-0.1423
OtOtOaRvVvR,-0.1423
OaOtOaR,-0.1412
OtOaOtOfR,-0.1412
OtOaOtOtR,-0.1412
OaOtOaRtO,-0.1412
TtOfTtOaO,-0.1412
OfOtOaOtOaR,-0.1412
OtOaOtOfRtO,-0.1412
OtOaOtOtRtO,-0.1412
OaOtOfOtOaR,-0.1412
OaOtOtOtOaR,-0.1412
RfOfOtOtOtO,-0.1412
RfOtOtOtOtO,-0.1412
RfOaOfTtOlL,-0.1412
TtTtTtOfT,-0.1412
OfTtTtTtOfT,-0.1412
OfOtOaOfO,-0.1402
OfOtOaOfOtO,-0.1402
OfOtOaOfOlL,-0.1402
TtOaOtOfTtO,-0.1402
OtOfTtOfTtO,-0.1392
TtOfTtOaOtO,-0.1392
TtOfTtOaOlL,-0.1392
TtOtOtOaOtO,-0.1392
TtOtOtOaOlL,-0.1392
TtOtOaOfTlL,-0.1392
RtOfT,-0.1382
OtOfOtOaRvV,-0.1382
RfTfRfO,-0.1382
TfRfTfRfO,-0.1382
UtRfTfRfO,-0.1382
OfTfRfT,-0.1382
RfOfTfRfT,-0.1382
RfTfRfOfT,-0.1382
RfTfRfOtO,-0.1382
RfTfRtOfT,-0.1382
RfTfRtOtO,-0.1382
OfTfRfTfR,-0.1382
RtOfTfRfT,-0.1382
RfOfTfRfTfR,-0.1382
RfTfRfOfTfR,-0.1382
RfTfRtOfTfR,-0.1382
TfRfOfTfRfT,-0.1382
TfRfTfRfOfT,-0.1382
TfRfTfRfOtO,-0.1382
TfRfTfRtOfT,-0.1382
TfRfTfRtOtO,-0.1382
TfRtOfTfRfT,-0.1382
OfTfRfTfRfO,-0.1382
OfTfRfTfRvV,-0.1382
UtRfOfTfRfT,-0.1382
UtRfTfRfOfT,-0.1382
UtRfTfRfOtO,-0.1382
UtRfTfRtOfT,-0.1382
UtRfTfRtOtO,-0.1382
UtRtOfTfRfT,-0.1382
RtOfTfRfTfR,-0.1382
OaOtOaOtOfR,-0.1372
OaOtOaOtOtR,-0.1372
TtOtOfT,-0.1361
UfTfTlL,-0.1361
OxUfTfTlL,-0.1361
TtUfTfTlL,-0.1361
UfTtUfTfTlL,-0.1361
OtTtTtTfTlL,-0.1361
OaOfTfT,-0.1351
OfOfTtOtO,-0.1351
OtOaOfTfT,-0.1351
OaOtOaRvV,-0.1351
OaOtTtOaO,-0.1351
RfOaOfTfT,-0.1351
TtOfOtOtO,-0.1351
OfOaOtOtTlL,-0.1351
OfTtOaOtOlL,-0.1351
OtOtOfOtOaR,-0.1351
OtOaOtOfRvV,-0.1351
OtOaOtOtTfT,-0.1351
OtOaOtOtRvV,-0.1351
OtOaOtTtOaO,-0.1351
OaOfOfOtOfT,-0.1351
OaOfOtOfTfT,-0.1351
OaOtOtOfTfT,-0.1351
OaOtOaRvVvR,-0.1351
OaOaOtOtTtO,-0.1351
OaOtTtOfOfT,-0.1351
OaOtTtOtOfT,-0.1351
OaOtTtOaOtO,-0.1351
OaOtTtOaOlL,-0.1351
OaOtTtOtTlL,-0.1351
OxRfOaOfTfT,-0.1351
RfOaOtTtOaO,-0.1351
VvRfOaOfTfT,-0.1351
TtTtTtOaRaO,-0.1351
TtTtTtOaRlL,-0.1351
TtTtTtOtRaO,-0.1351
TtTtTtOtRlL,-0.1351
OfTtOtO,-0.1341
TtOfTfT,-0.1341
OfTtOfTfT,-0.1341
OaOtOfTtO,-0.1341
RfOfOtOtOfO,-0.1341
RfOtOtOtOfO,-0.1341
OaR,-0.1331
OfTtOtOtOtO,-0.1331
OtOtOaOtOfR,-0.1331
OtOtOaOtOtR,-0.1331
OaOfOtOtRfT,-0.1331
OaOtOtOtU,-0.132
OtOaOfOtOtU,-0.132
OtOaOtOtOtU,-0.132
RfOaOtOtOtU,-0.132
UxRfTfRfT,-0.132
UxRfTfRlL,-0.132
UxRfTfRfTfR,-0.132
UtTtUfTlL,-0.132
OxUtTtUfTlL,-0.132
TtUtTtUfTlL,-0.132
OaRfOfT,-0.131
OaRtOfT,-0.131
UtOaRfOfT,-0.131
UtOaRtOfT,-0.131
UtOtRfOfT,-0.131
UtOtRtOfT,-0.131
OaOfOfOfTlL,-0.131
OaRfOtRfOfT,-0.131
OaRfOtRtOfT,-0.131
OaRtOtRfOfT,-0.131
OaRtOtRtOfT,-0.131
OtTlL,0.1305
OtTtOfT,-0.13
OfOtTtOfT,-0.13
TtOfTtOtO,-0.13
OfOtOtTtOfT,-0.13
OtOfOtTtOfT,-0.13
RfOfOtTtOfT,-0.13
RfOtOtTtOfT,-0.13
OtTtOfOtOfT,-0.13
OtTtOtOtOfT,-0.13
OtTtOtTtOfT,-0.13
OtOtTlL,0.1299
OtOtRlL,-0.129
OfOtOaRlL,-0.129
OfOfOfTtOfO,-0.129
OfTfRtO,-0.129
RfOfTfRtO,-0.129
RtOfTfRtO,-0.129
TfRfOfTfRtO,-0.129
TfRtOfTfRtO,-0.129
OfTfRvVvRlL,-0.129
UtRfOfTfRtO,-0.129
UtRtOfTfRtO,-0.129
TtOfTtTlL,-0.129
OfTtOfTtTlL,-0.129
UtRfOtRfTlL,-0.129
VvRlL,0.1286
OtOfOfO,-0.1279
OtOtOfTtO,-0.1279
OaOtOfTtOlL,-0.1279
TtOfOfTtOfO,-0.1279
OfOfO,-0.1269
OfTfT,-0.1269
OfTtTlL,-0.1269
UaOfTfTlL,-0.1269
TtTtOfTtTlL,-0.1269
RfOfOtOfT,-0.1259
RfOtOtOfT,-0.1259
OxRfOfOtOfT,-0.1259
OxRfOtOtOfT,-0.1259
VvRfOfOtOfT,-0.1259
VvRfOtOtOfT,-0.1259
UtRaOfTlL,-0.1259
OtOfOtOtT,-0.1249
OfOtOfOfTtO,-0.1249
OfOtOaOtOtT,-0.1249
OtOtOfOtOtT,-0.1249
OaOtOfOtOtT,-0.1249
OaRvV,-0.1238
OaRvVvR,-0.1238
OtOfOfTtO,-0.1238
UtOtOtOfT,-0.1238
OaRvVvRfT,-0.1238
OfTtOfTtOfO,-0.1238
RtOxRfT,-0.1228
OxRtOxRfT,-0.1228
RtOxRfTlL,-0.1228
VvRtOxRfT,-0.1228
OxRtOxRfTlL,-0.1228
TfTtOaOfTlL,-0.1228
RtOxRtOxRfT,-0.1228
RvVvRtOxRfT,-0.1228
VvRtOxRfTlL,-0.1228
UaOaRaOfT,-0.1228
UaOtRaOfT,-0.1228
UaOaRaOtRtO,-0.1228
UaOtRaOtRtO,-0.1228
OtOtOfTtOlL,-0.1218
OfOaO,-0.1208
RfOfOaO,-0.1208
RfOtOaO,-0.1208
TtOaOtO,-0.1208
OtOtOtRlL,-0.1208
OxRfOfOaO,-0.1208
OxRfOtOaO,-0.1208
VvRfOfOaO,-0.1208
VvRfOtOaO,-0.1208
TtOaO,-0.1198
UtOfOfT,-0.1198
OtOfOfOtO,-0.1198
OtOfOfOlL,-0.1198
OaOfTtOtT,-0.1198
OaOtTtOtO,-0.1198
OtOfOfOtOlL,-0.1198
OtOfOfTtOlL,-0.1198
OtOaOfTtOtT,-0.1198
OtOaOtTtOtO,-0.1198
OaOfTtOtTfT,-0.1198
RfOaOfTtOtT,-0.1198
RfOaOtTtOtO,-0.1198
UtOtOtOfOfT,-0.1198
OtUfRvVvRlL,-0.1198
RfOtO,-0.1187
TtOtO,-0.1187
OaOtOtOfRfT,-0.1187
OaOtOtOfRlL,-0.1187
OaOtOtOtRfT,-0.1187
OaOtOtOtRlL,-0.1187
RtTlL,-0.1187
TtOaOlL,-0.1177
OtTfTtOfTlL,-0.1177
TtTtOtTlL,-0.1177
OfTtTtOtTlL,-0.1177
OtOfOaO,-0.1167
RtOtRtOtRlL,-0.1167
RvVvRfOfOaO,-0.1167
RvVvRfOtOaO,-0.1167
UfRlL,-0.1167
UaOfTtTfTlL,-0.1167
RtOtRtOtRaO,-0.1167
OaOfOtOtU,-0.1157
OtRvVvRfOfO,-0.1157
OtRvVvRfOtO,-0.1157
TtOfTtOfTtO,-0.1157
OtOfTtO,-0.1146
OfOtOtOfR,-0.1146
OfOtOtOtR,-0.1146
OfOtOaOfR,-0.1146
OfOtOaOtR,-0.1146
TtOaOtOlL,-0.1146
OfOtOtOfRtO,-0.1146
OfOtOtOfRvV,-0.1146
OfOtOtOtRtO,-0.1146
OfOtOtOtRvV,-0.1146
OfOtOaOfRtO,-0.1146
OfOtOaOfRvV,-0.1146
OfOtOaOtRtO,-0.1146
OfOtOaOtRvV,-0.1146
OtOfOtOtOfR,-0.1146
OtOfOtOtOtR,-0.1146
OtOfOtOaOfR,-0.1146
OtOfOtOaOtR,-0.1146
RfOfOfTtOaO,-0.1146
RfOtOfTtOaO,-0.1146
UtOfOtOtOfO,-0.1146
UtOfOtOtOfR,-0.1146
UtOfOtOtOtR,-0.1146
UtOfOtOaOfO,-0.1146
UtOfOtOaOfR,-0.1146
UtOfOtOaOtR,-0.1146
UtOaOtOfOfT,-0.1146
TtTfTfRfTlL,-0.1146
TtTtUtRfTlL,-0.1146
TtOtTfTlL,-0.1136
OfTtOtTfTlL,-0.1136
OfOfTfTlL,-0.1126
OfOtOfTfTlL,-0.1126
OtOfOfTfTlL,-0.1126
OtOaRfOfTlL,-0.1126
OtOaRtOfTlL,-0.1126
OtOtRfOfTlL,-0.1126
OtOtRtOfTlL,-0.1126
OtOtRvVvRlL,-0.1126
RfOfOfTfTlL,-0.1126
RfOtOfTfTlL,-0.1126
TtTtOfOfTlL,-0.1126
OfTtOfO,-0.1116
OaRvVvRfO,-0.1116
OaRvVvRfOfO,-0.1116
OaRvVvRfOtO,-0.1116
OfOaOtO,-0.1105
OfOaOlL,-0.1105
RtOtRlL,-0.1105
OfOaOtOlL,-0.1105
RfOfOaOtO,-0.1105
RfOfOaOlL,-0.1105
RfOtOaOtO,-0.1105
RfOtOaOlL,-0.1105
UxRtOtRlL,-0.1105
TtOtOtOfO,-0.1105
TtOaRfOfT,-0.1105
TtOaRtOfT,-0.1105
TtOtRfOfT,-0.1105
TtOtRtOfT,-0.1105
OfTtOaRfOfT,-0.1105
OfTtOaRtOfT,-0.1105
OfTtOtRfOfT,-0.1105
OfTtOtRtOfT,-0.1105
OxRfOfOaOtO,-0.1105
OxRfOfOaOlL,-0.1105
OxRfOtOaOtO,-0.1105
OxRfOtOaOlL,-0.1105
RfOfOaOtOlL,-0.1105
RfOtOaOtOlL,-0.1105
RfOtRtOtRlL,-0.1105
RtOtRfOtRlL,-0.1105
TtOtTtOaOfT,-0.1105
TtOaRvVvRlL,-0.1105
TtOtRvVvRlL,-0.1105
VvRfOfOaOtO,-0.1105
VvRfOfOaOlL,-0.1105
VvRfOtOaOtO,-0.1105
VvRfOtOaOlL,-0.1105
UxRtTlL,-0.1105
RtOtRaO,-0.1105
RaOtRtOtR,-0.1105
RtOtRaOlL,-0.1105
RtOtRaOtR,-0.1105
UxRtOtRaO,-0.1105
RfOtRtOtRaO,-0.1105
TtTtOaRfOfT,-0.1105
TtTtOaRtOfT,-0.1105
TtTtOtRfOfT,-0.1105
TtTtOtRtOfT,-0.1105
RaOtRtOtRfO,-0.1105
RtOtRfOtRaO,-0.1105
RtOtRaOtRfO,-0.1105
UxRaOtRtOtR,-0.1105
UxRtOtRaOlL,-0.1105
UxRtOtRaOtR,-0.1105
TtOfOtOtOtO,-0.1095
OtT,0.1087
OtOfOaOtO,-0.1085
OtOfOaOlL,-0.1085
OtOfTtOlL,-0.1085
OtOfOaOtOlL,-0.1085
OtRtOtRtOtR,-0.1085
TtOfOfTtOfT,-0.1085
TtOfOfTtOaO,-0.1085
OaOtU,-0.1075
OtOaOtU,-0.1075
RfOaOtU,-0.1075
RfOtRlL,-0.1075
OfTtOfOtO,-0.1075
OfTtOfOlL,-0.1075
OxRfOaOtU,-0.1075
UxRfOtRlL,-0.1075
VvRfOaOtU,-0.1075
OfOfTtOtOtO,-0.1075
OfOfTtOtOlL,-0.1075
RfOaOfOtOtU,-0.1075
RfOtRfOtRlL,-0.1075
TtOfOtOtOlL,-0.1075
RvVvRfOaOtU,-0.1075
RaO,-0.1075
RaOlL,-0.1075
RaOtR,-0.1075
UxRaO,-0.1075
RfOtRaO,-0.1075
RaOtRfO,-0.1075
UxRaOlL,-0.1075
UxRaOtR,-0.1075
RfOtRaOlL,-0.1075
RfOtRaOtR,-0.1075
RaOtRfOlL,-0.1075
RaOtRfOtR,-0.1075
RaOtRtOlL,-0.1075
UxRfOtRaO,-0.1075
UxRaOtRfO,-0.1075
RfOtRfOtRaO,-0.1075
RfOtRaOtRfO,-0.1075
RaOtRfOtRfO,-0.1075
UxRfOtRaOlL,-0.1075
UxRfOtRaOtR,-0.1075
UxRaOtRfOlL,-0.1075
UxRaOtRfOtR,-0.1075
UxRaOtRtOlL,-0.1075
RvVvRlL,0.1066
OxRfOfT,-0.1064
VvRfOfT,-0.1064
OaOfOtOtT,-0.1064
OfOfOfTtOfT,-0.1064
OfOfOfTtOaO,-0.1064
OfOaOtOfTtO,-0.1064
OtOaOfOtOtT,-0.1064
OfOfOfOtOfT,-0.1054
TtOtOtOfOtO,-0.1054
TtOtOtOfOlL,-0.1054
OtOfRlL,-0.1044
OtRtOtR,-0.1044
OfOtOtRfT,-0.1044
OtOtOtOtU,-0.1044
OtOtTfTfO,-0.1044
UtOaOtOfT,-0.1044
OtTtOfTfO,-0.1044
OtRtOtRfO,-0.1044
TtOtOtOtO,-0.1044
RvVvRfOfT,-0.1044
OfOfOtOtTlL,-0.1044
OfOtTtOfTfO,-0.1044
OtOfTtOfTfT,-0.1044
OtOtOtOtOtU,-0.1044
OtOtOtTfTfO,-0.1044
OaOfOtOaRtO,-0.1044
OaOtOfOfTtO,-0.1044
OaOtOtTfTfO,-0.1044
UtOtOtOtTlL,-0.1044
OtRfOtRtOtR,-0.1044
OtRtOtRfOlL,-0.1044
OtRtOtRfOtR,-0.1044
OtRtOtRtOlL,-0.1044
TtOaOtOfTfT,-0.1044
TtOtTtOfTfO,-0.1044
UtOfTtTlL,-0.1044
RaOtRvV,-0.1044
RaOtRvVvR,-0.1044
UxRaOtRvV,-0.1044
RfOtRaOtRvV,-0.1044
RaOtRfOtRvV,-0.1044
RaOtRtOtRvV,-0.1044
RaOtRvVvRfT,-0.1044
RaOtRvVvRfO,-0.1044
RtOtRaOtRvV,-0.1044
UxRaOtRvVvR,-0.1044
UtRaOtRfT,-0.1044
UxRtO,-0.1034
OfTtOfOtOlL,-0.1034
TtTtOfTfT,-0.1034
OfTtTtOfTfT,-0.1034
UtOaR,-0.1024
OfOfOtO,-0.1024
OfOfOlL,-0.1024
RfOfOtO,-0.1024
RfOtOtO,-0.1024
OtRfOlL,-0.1024
OtRfOtR,-0.1024
OtRtOlL,-0.1024
OfOfOtOlL,-0.1024
OaOfOtOaR,-0.1024
OxRfOfOtO,-0.1024
OxRfOtOtO,-0.1024
OtRfOtRfO,-0.1024
VvRfOfOtO,-0.1024
VvRfOtOtO,-0.1024
UtOaOfOtOaR,-0.1024
OtRfOtRfOlL,-0.1024
OtRfOtRfOtR,-0.1024
OtRfOtRtOlL,-0.1024
UxRvVvRfOfT,-0.1024
OaOtT,-0.1013
UtOtO,-0.1013
OtOfRfT,-0.1013
OtOaOtT,-0.1013
OaOtTfT,-0.1013
RfOaOtT,-0.1013
OtOaOtTfT,-0.1013
OaOtOtOtT,-0.1013
OxRfOaOtT,-0.1013
RfOaOtTfT,-0.1013
VvRfOaOtT,-0.1013
OtOaOtOtOtT,-0.1013
OaOfOtOtTfT,-0.1013
OaOtOtOtTfT,-0.1013
OxRfOaOtTfT,-0.1013
RfOaOfOtOtT,-0.1013
RfOaOtOtOtT,-0.1013
RvVvRfOaOtT,-0.1013
VvRfOaOtTfT,-0.1013
OaOfTtTfTlL,-0.1013
OaOtTtTfTlL,-0.1013
UtOaRtO,-0.1003
UtOtRtO,-0.1003
OfTtOfTtO,-0.1003
UtOtOtOtO,-0.1003
OaRfOtRtO,-0.1003
OaRtOtRtO,-0.1003
OtRfOtRvV,-0.1003
OtRtOtRvV,-0.1003
UtOaRfOtRtO,-0.1003
UtOaRtOtRtO,-0.1003
UtOtRfOtRtO,-0.1003
UtOtRtOtRtO,-0.1003
OtRfOtRvVvR,-0.1003
OtRtOtRvVvR,-0.1003
RvVvRfOfOtO,-0.1003
RvVvRfOtOtO,-0.1003
OxUfT,-0.1003
UtTtTfTlL,-0.1003
UfRvVvRfTlL,-0.1003
OaOfOtOaRvV,-0.0993
TtOtTtTtOfT,-0.0993
OfRvVvRfTlL,-0.0988
UtOtOaR,-0.0983
UtOtOaRtO,-0.0983
OtOfOfOfTfO,-0.0983
OtOfOtOfRfT,-0.0983
OtOfOtOfRlL,-0.0983
OtOfOtOtRfT,-0.0983
OtOfOtOtRlL,-0.0983
OaOaOfOtOaO,-0.0983
UtOtOfOtOaR,-0.0983
TtTtUfTlL,-0.0983
UfTtTtUfTlL,-0.0983
UtTtTtUfTlL,-0.0983
UaOaRlL,-0.0983
OtOtT,0.0977
OtTfTlL,-0.0972
OfOtOtT,-0.0962
OfOtOtOtOtT,-0.0962
OfTtOfTtOlL,-0.0962
OtOaOfOtOaR,-0.0962
UtTfTlL,-0.0962
OtOtOtOaOfO,-0.0952
OaOfTfTtOfT,-0.0952
UtOfTtOtTlL,-0.0952
UtOaOfOtOaO,-0.0952
UtOtOaO,-0.0942
OaOtOfRfT,-0.0942
OaOtOfRlL,-0.0942
OaOtOtRfT,-0.0942
OaOtOtRlL,-0.0942
UtOtOaOtO,-0.0942
UtOtOaOlL,-0.0942
UtOtOfOtOaO,-0.0942
UtOtOaOtOfO,-0.0942
UtOtOaOtOtO,-0.0942
UtOtOaOtOfR,-0.0942
UtOtOaOtOlL,-0.0942
UtOtOaOtOtR,-0.0942
UfT,-0.0934
OtUtRlL,-0.0931
UtTtUtRfTlL,-0.0931
OtTtTtOfT,-0.0931
TfO,-0.0929
OaOaR,-0.0921
OaOaRtO,-0.0921
UtOaOaR,-0.0921
UtOtOaRvV,-0.0921
UtOaOaRtO,-0.0921
OtOtOtOfOfO,-0.0921
OtOfRvVvRlL,-0.0921
OaOfOtOtRlL,-0.0921
UtOtOaRvVvR,-0.0921
OtOaRaOtRaO,-0.0921
OtOaRaOtRlL,-0.0921
OtOtRaOtRaO,-0.0921
OtOtRaOtRlL,-0.0921
OaRtTlL,-0.0921
OaRaOtRtT,-0.0921
UtOaRtTlL,-0.0921
UtOtRtTlL,-0.0921
OtTtTtTtOfT,-0.0921
OaRfOtRtTlL,-0.0921
OaRtOtRtTlL,-0.0921
UtOaRaOtRtT,-0.0921
UtOtRaOtRtT,-0.0921
OaOfTtTfTfO,-0.0921
OaOtTtTfTfO,-0.0921
UtRaOtRaOfT,-0.0921
TtOfTtO,-0.0911
OtOtOaOfOfT,-0.0911
OtOfTfT,-0.0901
UtOaOaO,-0.0901
UtOaRvV,-0.0901
OtOtOfTfT,-0.0901
OtOtOfRfT,-0.0901
OtOtOfRlL,-0.0901
OtOtTtOaO,-0.0901
OaOtOfTfT,-0.0901
OaOaOtOfR,-0.0901
OaOaOtOtR,-0.0901
UtOaOaOtO,-0.0901
UtOaOaOlL,-0.0901
UtOaRvVvR,-0.0901
OtTtOaOfT,-0.0901
OfOaOtOfTfT,-0.0901
OfOtTtOaOfT,-0.0901
OtOfOtOfTfT,-0.0901
OtOtOtOfTfT,-0.0901
OtOtOtOtRtO,-0.0901
OtOtOtTtOaO,-0.0901
OtOaOtOaOfO,-0.0901
OtOaOtOtTtO,-0.0901
OtOtTtOfOfT,-0.0901
OtOtTtOtOfT,-0.0901
OtOtTtOaOtO,-0.0901
OtOtTtOaOlL,-0.0901
OtOtTtOtTlL,-0.0901
OaOtOtTtOaO,-0.0901
OaOaOtOfRtO,-0.0901
OaOaOtOtRtO,-0.0901
UtOaOaOtOfO,-0.0901
UtOaOaOtOtO,-0.0901
UtOaOaOtOfR,-0.0901
UtOaOaOtOlL,-0.0901
UtOaOaOtOtR,-0.0901
UtOaRvVvRfT,-0.0901
OtTtOaOtOaO,-0.0901
OaOaRvV,-0.089
OaOaRvVvR,-0.089
UtOaOaRvV,-0.089
TtOfTtOtT,-0.089
TtOfTtOlL,-0.089
OfOtOtOfTtO,-0.089
OfTtOfTtOtT,-0.089
OaOaRvVvRfT,-0.089
OaOaRvVvRfO,-0.089
UtOaOaRvVvR,-0.089
OfTtO,-0.088
TtOaRtO,-0.088
TtOtRtO,-0.088
OfTtOaRtO,-0.088
OfTtOtRtO,-0.088
OtOtOtOtR,-0.088
UtOaOtOtO,-0.088
TtOfTtOfO,-0.088
OfOtOaOtOtU,-0.088
OaOtOtOtOtU,-0.088
OaOaOtOfRvV,-0.088
OaOaOtOtRvV,-0.088
UtOfTtOaRtO,-0.088
UtOfTtOtRtO,-0.088
TtOfTtOaRtO,-0.088
TtOfTtOtRtO,-0.088
TtOaRfOtRtO,-0.088
TtOaRtOtRtO,-0.088
TtOtRfOtRtO,-0.088
TtOtRtOtRtO,-0.088
OxUfTtUfT,-0.088
TtTtOaRtO,-0.088
TtTtOtRtO,-0.088
OfTtTtOaRtO,-0.088
OfTtTtOtRtO,-0.088
OtOtOtT,-0.087
OtOtOtOtT,-0.087
OfOfTtOfTtO,-0.087
OtOtOtOtOtT,-0.087
TtOfOtOfTtO,-0.087
OtOaOaR,-0.086
OtOtOaOaO,-0.086
OtOtOaOaR,-0.086
OtOaOaRtO,-0.086
OtOaOaRvV,-0.086
OaOtOaOaO,-0.086
OaOtOaOaR,-0.086
OtOtOtOaOaO,-0.086
OtOtOtOaOaR,-0.086
OtOtOaOaOtO,-0.086
OtOtOaOaOlL,-0.086
OtOtOaOaRtO,-0.086
OtOtOaOaRvV,-0.086
OtOaOtOaOaO,-0.086
OtOaOtOaOaR,-0.086
OtOaOaOtOfR,-0.086
OtOaOaOtOtR,-0.086
OtOaOaRvVvR,-0.086
OaOfOfOtOaO,-0.086
OaOtOaOaOtO,-0.086
OaOtOaOaOlL,-0.086
OaOtOaOaRtO,-0.086
OaOtOaOaRvV,-0.086
OaOaOfOfTlL,-0.086
OaOaOfOtOtO,-0.086
UtOtOtOaOaO,-0.086
UtOtOtOaOaR,-0.086
UtOaOtOaOaO,-0.086
UtOaOtOaOaR,-0.086
UtOaOtOtTlL,-0.086
TtOfTtOfOtO,-0.086
TtOfTtOfOlL,-0.086
UxTfRfTfRfO,-0.086
OxUtRfOfTlL,-0.086
OxUtRtOfTlL,-0.086
UfTfRfOfTlL,-0.086
UfTfRfTfRlL,-0.086
UfTfRtOfTlL,-0.086
TfTfRfOfTlL,-0.086
TfTfRtOfTlL,-0.086
TtUtRfOfTlL,-0.086
TtUtRtOfTlL,-0.086
TfTfO,-0.085
OtOtOtOtRvV,-0.085
OfTtOlL,-0.0839
RfOfOfO,-0.0839
RfOtOfO,-0.0839
OxRfOfOfO,-0.0839
OxRfOtOfO,-0.0839
VvRfOfOfO,-0.0839
VvRfOtOfO,-0.0839
OtOtOtOtOtR,-0.0839
RfOfOfTtOtO,-0.0839
RfOtOfTtOtO,-0.0839
OtUfRlL,-0.0839
OfTfTfO,-0.0829
UxRfOfT,-0.0829
UxRtOfT,-0.0829
OfOfTfTfO,-0.0829
OaOfTtOtU,-0.0829
TtOfTfTfO,-0.0829
OfOtOfTfTfO,-0.0829
OfTtOfTfTfO,-0.0829
OtOfOfTfTfO,-0.0829
OtOaOfTtOtU,-0.0829
OaOfTtOtTtO,-0.0829
OaOtTtOfTtO,-0.0829
RfOfOfTfTfO,-0.0829
RfOtOfTfTfO,-0.0829
RfOaOfTtOtU,-0.0829
OaOtOtT,-0.0819
UtOfTfT,-0.0819
OfOtOfTtO,-0.0819
OaOtOtOtOtT,-0.0819
UtOfTtOfTfT,-0.0819
TtTtOtOtOfT,-0.0819
TtUfT,-0.0811
UfTtUfT,-0.0811
TtUfTtUfT,-0.0811
UfTtUfTtUfT,-0.0811
UtOtOtOtOtO,-0.0809
UtOtOtOtOlL,-0.0809
RvVvRfOfOfO,-0.0809
RvVvRfOtOfO,-0.0809
UxRvVvRfTfO,0.0804
OtOtU,-0.0798
OtOtOtU,-0.0798
OtOfOtOtU,-0.0798
OtOfTtOtT,-0.0798
OtOtTtOtO,-0.0798
TtOaOtOtT,-0.0798
OfOfTtOtTlL,-0.0798
OfOtOfTtOlL,-0.0798
OfTtOaOtOtT,-0.0798
OtOfTtOtTfT,-0.0798
OtOtOfOtOtU,-0.0798
OtOtOfTtOtT,-0.0798
OtOtOtTtOtO,-0.0798
OtOaOfOfTtO,-0.0798
OtOaOtOfOfO,-0.0798
OaOfOfOtOtO,-0.0798
OaOtOfTtOtT,-0.0798
OaOtOtTtOtO,-0.0798
OtTtOaOtOtO,-0.0798
TtOfOtOtTlL,-0.0798
TtOtOtOtTlL,-0.0798
TtOaOfOfTlL,-0.0798
TtOaOfTtOfT,-0.0798
TtOaOfTtOaO,-0.0798
TtOaOtOtTfT,-0.0798
UxRfTfRtO,-0.0798
OxUtRfTfRlL,-0.0798
TtTtTtOtTlL,-0.0798
TtOtTtTfTlL,-0.0798
OfOtTfTlL,-0.0788
OfOtOtTfTlL,-0.0788
OtOfOtTfTlL,-0.0788
RfOfOtTfTlL,-0.0788
RfOtOtTfTlL,-0.0788
TtOtOtOtOtO,-0.0788
OxUtTfTlL,-0.0788
TtUtTfTlL,-0.0788
UfTtUtTfTlL,-0.0788
UtOtR,-0.0778
OtOtOtOfR,-0.0778
OtOtOtOfRtO,-0.0778
OaOtOaOfOfT,-0.0778
UtT,-0.0778
UaOfT,-0.0778
OfOfTtTtOfT,-0.0778
TtTtOfOtOfT,-0.0778
OfOtTtTtOfT,-0.0778
TtOfO,-0.0768
TtOtT,-0.0768
TtOlL,-0.0768
OfTtOtT,-0.0768
OfTtOtOtO,-0.0768
OfTtOtOlL,-0.0768
OaOtTfTtOfT,-0.0768
TtOtOtOtOlL,-0.0768
TtOaOfTtOfO,-0.0768
UtRfOfT,-0.0768
UtRtOfT,-0.0768
OtTtTfTlL,-0.0768
TtOfOtO,-0.0757
OaOfOfTtO,-0.0757
OtOtOfOfTtO,-0.0757
OaOfOfTtOlL,-0.0757
RfOfOfTtOfO,-0.0757
RfOtOfTtOfO,-0.0757
OfOfTtO,-0.0747
TtOfOlL,-0.0747
OtOtOtOfRvV,-0.0747
TfOfTfOfO,0.0738
RfTfOfTfOfO,0.0738
UtOtRvV,-0.0737
RfOfOfOtO,-0.0737
RfOfOfOlL,-0.0737
RfOtOfOtO,-0.0737
RfOtOfOlL,-0.0737
UtOtRvVvR,-0.0737
RtOtRfOfT,-0.0737
RtOtRtOfT,-0.0737
TtOfOtOlL,-0.0737
OfOfOtOfTtO,-0.0737
OtOtOtOtOfR,-0.0737
OtOaOfOfTfO,-0.0737
OaOfOfOfTfO,-0.0737
OaOtOtOfOfO,-0.0737
OaOaOfOfTfO,-0.0737
OaOaOfTtOtO,-0.0737
OxRfOfOfOtO,-0.0737
OxRfOfOfOlL,-0.0737
OxRfOtOfOtO,-0.0737
OxRfOtOfOlL,-0.0737
RfOfOfOtOlL,-0.0737
RfOtOfOtOlL,-0.0737
RfOaOfOfTtO,-0.0737
RfOaOtOfTfO,-0.0737
UtOaOtOtOtO,-0.0737
UtOaOtOtOlL,-0.0737
UtOtRvVvRfT,-0.0737
UxRtOtRfOfT,-0.0737
UxRtOtRtOfT,-0.0737
TtOtOfOfTlL,-0.0737
TtOaOaRfTlL,-0.0737
VvRfOfOfOtO,-0.0737
VvRfOfOfOlL,-0.0737
VvRfOtOfOtO,-0.0737
VvRfOtOfOlL,-0.0737
UfTfRvVvRfO,-0.0737
TfTfRfTfRlL,-0.0737
UtTtTtTfTlL,-0.0737
TtUtRfTfRlL,-0.0737
UaOtRlL,-0.0737
OfOfTtOlL,-0.0727
OfTtOtOtOlL,-0.0727
TtOfTtOtOtO,-0.0727
TtOfTtOtOlL,-0.0727
RlL,-0.0718
OaOtOtU,-0.0716
OfOaOtOtU,-0.0716
RfOtRfOfT,-0.0716
RfOtRtOfT,-0.0716
OtOfOaOtOtU,-0.0716
OtOaRfOtRfT,-0.0716
OtOaRtOtRfT,-0.0716
OtOtRfOtRfT,-0.0716
OtOtRtOtRfT,-0.0716
OaOtOfOtOtU,-0.0716
RfOfOaOtOtU,-0.0716
RfOtOaOtOtU,-0.0716
UtOtOtOaRfT,-0.0716
UtOtOtOtRfT,-0.0716
UxRfOtRfOfT,-0.0716
UxRfOtRtOfT,-0.0716
UtRfO,-0.0716
TtT,-0.0716
TtTfT,-0.0716
TtTtTtOaRtO,-0.0716
TtTtTtOtRtO,-0.0716
UtOtOfOfT,-0.0706
TtOfTtOtTfT,-0.0706
UtTtUfTfTlL,-0.0706
UtTtUtTfTlL,-0.0706
TtTtTtOfTfT,-0.0706
RfOtRvVvRlL,-0.0696
RtOtRvVvRlL,-0.0696
TtOtOtOfTtO,-0.0696
OtOfOfOtOtU,-0.0686
OfOtTlL,-0.0676
OtOtTfT,-0.0676
OaOtTtO,-0.0676
OfOaOtOtT,-0.0676
OtOfOtTlL,-0.0676
OtOtOtTfT,-0.0676
OtOaOtTtO,-0.0676
OaOtOtTfT,-0.0676
OaOtTtOfO,-0.0676
OaOtTtOtT,-0.0676
OaOtTtOlL,-0.0676
RfOfOtTlL,-0.0676
RfOtOtTlL,-0.0676
RfOaOtTtO,-0.0676
OfOtOtOtTlL,-0.0676
OfOtOaOfTtO,-0.0676
OfOaOtOtTfT,-0.0676
OtOfOtOtTfT,-0.0676
OtOfOaOtOtT,-0.0676
OtOtOtOtTfT,-0.0676
OtOaOtTtOfO,-0.0676
OtOaOtTtOtT,-0.0676
OtOaOtTtOlL,-0.0676
OaOfOtOtTtO,-0.0676
OaOtOtOtTtO,-0.0676
OaOtOaOfTtO,-0.0676
OaOaOfOtOfO,-0.0676
OaOtTtOfOtO,-0.0676
OaOtTtOfOlL,-0.0676
OaOtTtOfTfT,-0.0676
OaOtTtOtOtO,-0.0676
OaOtTtOtOlL,-0.0676
OaOtTtOtTfT,-0.0676
OaOtTtOtTtO,-0.0676
OxRfOfOtTlL,-0.0676
OxRfOtOtTlL,-0.0676
OxRfOaOtTtO,-0.0676
RfOfOaOtOtT,-0.0676
RfOtOaOtOtT,-0.0676
RfOaOtTtOfO,-0.0676
RfOaOtTtOtT,-0.0676
RfOaOtTtOlL,-0.0676
OtTtOfTfTlL,-0.0676
OtTtOtTfTlL,-0.0676
VvRfOfOtTlL,-0.0676
VvRfOtOtTlL,-0.0676
VvRfOaOtTtO,-0.0676
OxUtRlL,-0.0676
OxUtRvVvRlL,-0.0676
OtOfTtTfTlL,-0.0676
OaOfTtTlL,-0.0676
RfOaOfTtTlL,-0.0676
OtOaOfTtTlL,-0.0676
OaOfTtTtOaO,-0.0676
OaOaOtOfTtT,-0.0676
UtTtOtOfTlL,-0.0676
TtOaRtTlL,-0.0676
TtOtRtTlL,-0.0676
OaOtTtTlL,-0.0676
OfTtOaRtTlL,-0.0676
OfTtOtRtTlL,-0.0676
TtTtOaRtTlL,-0.0676
TtTtOtRtTlL,-0.0676
TtOaRaOtRtT,-0.0676
TtOtRaOtRtT,-0.0676
OtOtTtTfTlL,-0.0676
OtOaOtTtTlL,-0.0676
RfOaOtTtTlL,-0.0676
OaOtTtTtOaO,-0.0676
OaOaOtOtTtT,-0.0676
RtOtO,-0.0665
RfOfOtOtO,-0.0665
RfOtOtOtO,-0.0665
UtOaOfOfT,-0.0665
OxRfOfOtOtO,-0.0665
OxRfOtOtOtO,-0.0665
RfOfOtOtOlL,-0.0665
RfOtOtOtOlL,-0.0665
UtOtOtOtOfO,-0.0665
VvRfOfOtOtO,-0.0665
VvRfOtOtOtO,-0.0665
UtRfOtO,-0.0665
UtRtOtO,-0.0665
UtRtTlL,-0.0665
TtOfTtOfTtT,-0.0665
TtO,-0.0658
UtOlL,-0.0655
OaRfO,-0.0655
UtOaRfO,-0.0655
UtOtRfO,-0.0655
OaRfOlL,-0.0655
OaRfOtR,-0.0655
OaRtOlL,-0.0655
OaRtOtR,-0.0655
UtOtOfRfT,-0.0655
UtOtOfRlL,-0.0655
UtOtOtRfT,-0.0655
UtOtOtRlL,-0.0655
UtOaRfOlL,-0.0655
UtOaRfOtR,-0.0655
UtOaRtOlL,-0.0655
UtOaRtOtR,-0.0655
UtOtRfOlL,-0.0655
UtOtRfOtR,-0.0655
UtOtRtOlL,-0.0655
UtOtRtOtR,-0.0655
OaRfOtRfO,-0.0655
OaRfOtRvV,-0.0655
OaRtOtRfO,-0.0655
OaRtOtRvV,-0.0655
UtOaRfOtRfO,-0.0655
UtOaRfOtRvV,-0.0655
UtOaRtOtRfO,-0.0655
UtOaRtOtRvV,-0.0655
UtOaRvVvRfO,-0.0655
UtOtRfOtRfO,-0.0655
UtOtRfOtRvV,-0.0655
UtOtRtOtRfO,-0.0655
UtOtRtOtRvV,-0.0655
UtOtRvVvRfO,-0.0655
OaRfOtRfOlL,-0.0655
OaRfOtRfOtR,-0.0655
OaRfOtRtOlL,-0.0655
OaRfOtRtOtR,-0.0655
OaRfOtRvVvR,-0.0655
OaRtOtRfOlL,-0.0655
OaRtOtRfOtR,-0.0655
OaRtOtRtOlL,-0.0655
OaRtOtRtOtR,-0.0655
OaRtOtRvVvR,-0.0655
TtTtUfTfTlL,-0.0655
UaOaRvVvRlL,-0.0655
UxRfT,0.0647
OxRtO,-0.0645
VvRtO,-0.0645
RvVvRtO,-0.0645
OtOtOfOfO,-0.0645
RfOfOtOlL,-0.0645
RfOtOtOlL,-0.0645
OtOtOfOfOfO,-0.0645
OtOtOfOfOfT,-0.0645
OtOtOfOfOtO,-0.0645
OtOtOfOfOlL,-0.0645
OxRfOfOtOlL,-0.0645
OxRfOtOtOlL,-0.0645
VvRfOfOtOlL,-0.0645
VvRfOtOtOlL,-0.0645
TfRfO,-0.0645
OfTfR,-0.0645
RfOfTfR,-0.0645
TfRfOfT,-0.0645
TfRfOtO,-0.0645
TfRtOfT,-0.0645
TfRtOtO,-0.0645
OfTfRfO,-0.0645
OfTfRvV,-0.0645
RtOfTfR,-0.0645
RfOfTfRfO,-0.0645
RfOfTfRvV,-0.0645
TfRfOfTfR,-0.0645
TfRtOfTfR,-0.0645
OfTfRfOfT,-0.0645
OfTfRfOtO,-0.0645
OfTfRtOfT,-0.0645
OfTfRtOtO,-0.0645
OfTfRvVvR,-0.0645
UtRfOfTfR,-0.0645
UtRtOfTfR,-0.0645
RtOfTfRfO,-0.0645
RtOfTfRvV,-0.0645
RfOfTfRfOfT,-0.0645
RfOfTfRfOtO,-0.0645
RfOfTfRtOfT,-0.0645
RfOfTfRtOtO,-0.0645
RfOfTfRvVvR,-0.0645
TfRfOfTfRfO,-0.0645
TfRfOfTfRvV,-0.0645
TfRtOfTfRfO,-0.0645
TfRtOfTfRvV,-0.0645
OfTfRfOfTfR,-0.0645
OfTfRtOfTfR,-0.0645
OfTfRvVvRfT,-0.0645
OfTfRvVvRtU,-0.0645
UtRfOfTfRfO,-0.0645
UtRfOfTfRvV,-0.0645
UtRtOfTfRfO,-0.0645
UtRtOfTfRvV,-0.0645
RtOfTfRfOfT,-0.0645
RtOfTfRfOtO,-0.0645
RtOfTfRtOfT,-0.0645
RtOfTfRtOtO,-0.0645
RtOfTfRvVvR,-0.0645
TtOfTtT,-0.0645
OfTtOfTtT,-0.0645
TtOfTtTfT,-0.0645
OfTtOfTtTfT,-0.0645
OaOfTtTtOtO,-0.0645
OaOtTtTtOtO,-0.0645
OfOtOtRlL,-0.0635
OfOfOfOtOtO,-0.0635
OtOfTfTtOfT,-0.0635
TfTtOfTtOfT,-0.0635
TfTtOaOtOfT,-0.0635
TtOfTfTtOfT,-0.0635
OfTtT,-0.0635
OfTtTfT,-0.0635
TtTtOfTtT,-0.0635
OfTtTtOfTtT,-0.0635
TtTtOfTtTfT,-0.0635
UtOfO,-0.0624
TtOtOtO,-0.0624
OtOtOaOfO,-0.0624
UtOtOtOfO,-0.0624
OtRvVvRtO,-0.0624
OfOfOfOtOaO,-0.0624
OtOtOaOfOtO,-0.0624
OtOtOaOfOlL,-0.0624
OxUaRfTlL,-0.0624
RtOtRtTlL,-0.0624
UxRtOtRtTlL,-0.0624
RtOxR,-0.0614
OtOtRtO,-0.0614
OaOfRfT,-0.0614
OaOfRlL,-0.0614
OaOtRfT,-0.0614
OaOtRlL,-0.0614
OxRtOxR,-0.0614
RtOxRtO,-0.0614
RtOxRlL,-0.0614
TtOtOlL,-0.0614
VvRtOxR,-0.0614
OfOtOaRtO,-0.0614
OxRtOxRtO,-0.0614
OxRtOxRlL,-0.0614
UtOaOfRfT,-0.0614
UtOaOfRlL,-0.0614
UtOaOtRfT,-0.0614
UtOaOtRlL,-0.0614
RtOxRtOxR,-0.0614
RvVvRtOxR,-0.0614
VvRtOxRtO,-0.0614
VvRtOxRlL,-0.0614
OfOfOtOaRlL,-0.0614
OfOfOtOtRlL,-0.0614
OfOaOfTtOfO,-0.0614
OaOfOtOfRfT,-0.0614
OaOfOtOfRlL,-0.0614
OaOtOtOaOfO,-0.0614
OaOaOtOaOfO,-0.0614
OxRtOxRtOxR,-0.0614
TfTtOfOfTlL,-0.0614
TfTtOtOfTlL,-0.0614
UtOtOtOtOfR,-0.0614
UtOtOtOtOtR,-0.0614
OtRvVvRtOxR,-0.0614
RtOxRtOxRtO,-0.0614
RtOxRtOxRlL,-0.0614
RvVvRtOxRtO,-0.0614
RvVvRtOxRlL,-0.0614
VvRtOxRtOxR,-0.0614
OxUtRvVvRfO,-0.0614
OtOfTtTfTfO,-0.0614
UaOaRaO,-0.0614
UaOtRaO,-0.0614
OtOaRaOfT,-0.0614
OtOtRaOfT,-0.0614
UaOaRaOlL,-0.0614
UaOaRaOtR,-0.0614
UaOtRaOlL,-0.0614
UaOtRaOtR,-0.0614
OfOfOtOaRaO,-0.0614
OfOfOtOtRaO,-0.0614
OfOtOaRaOfT,-0.0614
OfOtOtRaOfT,-0.0614
OtOtOaRaOfT,-0.0614
OtOtOtRaOfT,-0.0614
UaOfTtOaRaO,-0.0614
UaOfTtOaRlL,-0.0614
UaOfTtOtRaO,-0.0614
UaOfTtOtRlL,-0.0614
UaOaRfOtRaO,-0.0614
UaOaRfOtRlL,-0.0614
UaOaRaOtRfO,-0.0614
UaOaRaOtRvV,-0.0614
UaOaRtOtRaO,-0.0614
UaOaRtOtRlL,-0.0614
UaOtRfOtRaO,-0.0614
UaOtRfOtRlL,-0.0614
UaOtRaOtRfO,-0.0614
UaOtRaOtRvV,-0.0614
UaOtRtOtRaO,-0.0614
UaOtRtOtRlL,-0.0614
TtOtTtTlL,-0.0614
OfTtOtTtTlL,-0.0614
TtTtOfTfO,-0.0614
OtOtTtTfTfO,-0.0614
OfTtTtOfTfO,-0.0614
OtTtTtOfTfO,-0.0614
UtO,-0.0609
OtOaOfOfO,-0.0604
TtOtOtOlL,-0.0604
OfOtOtOtOtU,-0.0604
OtOaOfOfOfO,-0.0604
OtOaOfOfOfT,-0.0604
RtOtRtOtRtO,-0.0604
OtOtR,-0.0594
OfOtOaR,-0.0594
OaOtOtOfR,-0.0594
OaOtOtOtR,-0.0594
OfOtOtOtOaR,-0.0594
OaOtOtOfRtO,-0.0594
OaOtOtOtRtO,-0.0594
OaOfRvVvRlL,-0.0594
OaOtRvVvRlL,-0.0594
UtOaOtOtOfO,-0.0594
UtOaOtOtOfR,-0.0594
UtOaOtOtOtR,-0.0594
UaOfTtOfT,-0.0594
UaOfTtTtOfT,-0.0594
OtTtTlL,-0.0594
TtTtOtTtTlL,-0.0594
TtOtTfT,-0.0583
OfTtOtTfT,-0.0583
OaOfOfOtOfO,-0.0583
OaOtOtOfRvV,-0.0583
OaOtOtOtRvV,-0.0583
UfR,-0.0583
UfRfT,-0.0583
OxUfRfTlL,-0.0583
RaOtRtOtRtT,-0.0583
RtOtRaOtRtT,-0.0583
UtOfOtO,-0.0573
UtOfOlL,-0.0573
OtOtOtRtO,-0.0573
OtOaOfRfT,-0.0573
OtOaOfRlL,-0.0573
OtOaOtRfT,-0.0573
OtOaOtRlL,-0.0573
UtOfOtOtT,-0.0573
UtOfOtOlL,-0.0573
UtOaOtOfO,-0.0573
OtOtOaOfRfT,-0.0573
OtOtOaOfRlL,-0.0573
OtOtOaOtRfT,-0.0573
OtOtOaOtRlL,-0.0573
OtOaOtOtOfR,-0.0573
OtOaOtOtOtR,-0.0573
OaOtOaOfRfT,-0.0573
OaOtOaOfRlL,-0.0573
OaOtOaOtRfT,-0.0573
OaOtOaOtRlL,-0.0573
UtOtOtOfOtO,-0.0573
UtOtOtOfOlL,-0.0573
UtOaOtOfOtO,-0.0573
UtOaOtOfOlL,-0.0573
OxUtTlL,-0.0573
TtUtTlL,-0.0573
TtUtRlL,-0.0573
UfTtTfTlL,-0.0573
UfTtUtTlL,-0.0573
UfTtUtRlL,-0.0573
OxUfTtTfTlL,-0.0573
OxUfTtUtTlL,-0.0573
OxUfTtUtRlL,-0.0573
OxUtTtTfTlL,-0.0573
UtTfTfRfTlL,-0.0573
TtUfTtTfTlL,-0.0573
TtUfTtUtTlL,-0.0573
TtUfTtUtRlL,-0.0573
TtUtTtTfTlL,-0.0573
UtOtT,-0.0563
OtOtRvV,-0.0563
RtOtRtO,-0.0563
OfOtOaRvV,-0.0563
OtOtRvVvR,-0.0563
OxRfTfOfO,0.0563
UxRtOtRtO,-0.0563
VvRfTfOfO,0.0563
OfOtOaRvVvR,-0.0563
OtOtRvVvRfT,-0.0563
OtOtRvVvRfO,-0.0563
OxRfTfOfTfO,0.0563
RfOtRtOtRtO,-0.0563
RtOtRfOtRtO,-0.0563
OtUtOfRfTlL,0.0563
RvVvRfTfOfO,0.0563
VvRfTfOfTfO,0.0563
TtUaRfTlL,-0.0563
UfTtUaRfTlL,-0.0563
UtTtUaRfTlL,-0.0563
UxOfRfTlL,0.0563
OtUxOfRfTlL,0.0563
TtOaR,-0.0553
TtOtR,-0.0553
OfTtOaR,-0.0553
OfTtOtR,-0.0553
OtOtOtR,-0.0553
TtOaRfO,-0.0553
TtOaRvV,-0.0553
TtOtRfO,-0.0553
TtOtRvV,-0.0553
OfTtOaRfO,-0.0553
OfTtOaRvV,-0.0553
OfTtOtRfO,-0.0553
OfTtOtRvV,-0.0553
OtOfOfOfO,-0.0553
OtOfTtOtU,-0.0553
UtOfTtOaR,-0.0553
UtOfTtOtR,-0.0553
TtOfTtOaR,-0.0553
TtOfTtOtR,-0.0553
TtOaOtOtU,-0.0553
TtOtTtOaO,-0.0553
TtOaRfOlL,-0.0553
TtOaRfOtR,-0.0553
TtOaRtOlL,-0.0553
TtOaRtOtR,-0.0553
TtOaRvVvR,-0.0553
TtOtRfOlL,-0.0553
TtOtRfOtR,-0.0553
TtOtRtOlL,-0.0553
TtOtRtOtR,-0.0553
TtOtRvVvR,-0.0553
OfTtOfTtOaR,-0.0553
OfTtOfTtOtR,-0.0553
OfTtOaOtOtU,-0.0553
OfTtOtTtOaO,-0.0553
OfTtOaRfOlL,-0.0553
OfTtOaRfOtR,-0.0553
OfTtOaRtOlL,-0.0553
OfTtOaRtOtR,-0.0553
OfTtOaRvVvR,-0.0553
OfTtOtRfOlL,-0.0553
OfTtOtRfOtR,-0.0553
OfTtOtRtOlL,-0.0553
OfTtOtRtOtR,-0.0553
OfTtOtRvVvR,-0.0553
OtOfOfOfOfO,-0.0553
OtOfOfOfOfT,-0.0553
OtOfTtOtTtO,-0.0553
OtOtOfTtOtU,-0.0553
OtOtTtOfTtO,-0.0553
OaOtOfTtOtU,-0.0553
OaOaOtOfOfO,-0.0553
OaOaOtOtOfO,-0.0553
UtOfTtOaRfO,-0.0553
UtOfTtOaRvV,-0.0553
UtOfTtOtRfO,-0.0553
UtOfTtOtRvV,-0.0553
OtTtOfTtOaO,-0.0553
TtOfTtOaRfO,-0.0553
TtOfTtOaRvV,-0.0553
TtOfTtOtRfO,-0.0553
TtOfTtOtRvV,-0.0553
TtOaOtOtTtO,-0.0553
TtOtTtOfOfT,-0.0553
TtOtTtOtOfT,-0.0553
TtOtTtOaOtO,-0.0553
TtOtTtOaOlL,-0.0553
TtOtTtOtTlL,-0.0553
TtOaRfOtRfO,-0.0553
TtOaRfOtRvV,-0.0553
TtOaRtOtRfO,-0.0553
TtOaRtOtRvV,-0.0553
TtOaRvVvRfT,-0.0553
TtOaRvVvRfO,-0.0553
TtOtRfOtRfO,-0.0553
TtOtRfOtRvV,-0.0553
TtOtRtOtRfO,-0.0553
TtOtRtOtRvV,-0.0553
TtOtRvVvRfT,-0.0553
TtOtRvVvRfO,-0.0553
UtTtUfT,-0.0553
OxUtTtUfT,-0.0553
TtUtTtUfT,-0.0553
UfTfRfTfRfT,-0.0553
UfTfRfTfRtO,-0.0553
UfTtUtTtUfT,-0.0553
UtTtUfTtUfT,-0.0553
UtTtUtTtUfT,-0.0553
TtUtRvVvRlL,-0.0553
TtTtOaR,-0.0553
TtTtOtR,-0.0553
OfTtTtOaR,-0.0553
OfTtTtOtR,-0.0553
TtTtOaRfO,-0.0553
TtTtOaRvV,-0.0553
TtTtOtRfO,-0.0553
TtTtOtRvV,-0.0553
OfTtTtOaRfO,-0.0553
OfTtTtOaRvV,-0.0553
OfTtTtOtRfO,-0.0553
OfTtTtOtRvV,-0.0553
TtOfTtTtOaR,-0.0553
TtOfTtTtOtR,-0.0553
TtTtOfTtOaR,-0.0553
TtTtOfTtOtR,-0.0553
TtTtOaRfOlL,-0.0553
TtTtOaRfOtR,-0.0553
TtTtOaRtOlL,-0.0553
TtTtOaRtOtR,-0.0553
TtTtOaRvVvR,-0.0553
TtTtOtRfOlL,-0.0553
TtTtOtRfOtR,-0.0553
TtTtOtRtOlL,-0.0553
TtTtOtRtOtR,-0.0553
TtTtOtRvVvR,-0.0553
UtOfTtTtOaR,-0.0553
UtOfTtTtOtR,-0.0553
RaOtRtT,-0.0553
RfOtRtTlL,-0.0553
UxRaOtRtT,-0.0553
RfOtRaOtRtT,-0.0553
RaOtRfOtRtT,-0.0553
UxRfOtRtTlL,-0.0553
OxRfTlL,-0.0545
OtUtRvVvRfT,-0.0542
RfOtRtO,-0.0542
OtOtOtRvV,-0.0542
UxRfOtRtO,-0.0542
OtOtOtRvVvR,-0.0542
RfOtRfOtRtO,-0.0542
OtUtR,-0.0532
OtUtRvV,-0.0532
OtUtRvVvR,-0.0532
RfOfO,-0.0532
OxRfOfO,-0.0532
VvRfOfO,-0.0532
VvRfOlL,-0.0532
RvVvRfOlL,-0.0532
OfOfOfTtOtO,-0.0532
OfTtOfOfTtO,-0.0532
TtOfOfTtOtO,-0.0532
TtOfTtTtOtO,-0.0532
TtTtOfTtOtO,-0.0532
UaRfOtRfTlL,-0.0532
UaRtOtRfTlL,-0.0532
OtOfR,-0.0522
OtTfT,-0.0522
OfOfOfO,-0.0522
OxRfOtO,-0.0522
OxRfOlL,-0.0522
UtOtOtO,-0.0522
UtOtOlL,-0.0522
OtTfTfO,-0.0522
VvRfOtO,-0.0522
OfOfOfOfO,-0.0522
OfOfOfOfT,-0.0522
OfOfOtOtU,-0.0522
OfOtTfTfO,-0.0522
OaOtTtOtU,-0.0522
UtOtOtOlL,-0.0522
TtOtTfTfO,-0.0522
RvVvRfOfO,-0.0522
OfOfOfOfOfO,-0.0522
OfOfOfOfOfT,-0.0522
OfOfTtOfTfT,-0.0522
OfOtOtTfTfO,-0.0522
OfTtOtTfTfO,-0.0522
OtOfOtTfTfO,-0.0522
OtOaOtTtOtU,-0.0522
RfOfOtTfTfO,-0.0522
RfOtOtTfTfO,-0.0522
RfOaOtTtOtU,-0.0522
OtTtOfTfTfO,-0.0522
OtTtOtTfTfO,-0.0522
TtOfOtOfTfT,-0.0522
TtOtOtOfTfT,-0.0522
UxRfTfR,-0.0522
UxRfTfRvV,-0.0522
UxRfTfRvVvR,-0.0522
UtOfTtT,-0.0522
UtOfTtTfT,-0.0522
OxUtRfTfRfT,-0.0522
OxUtRfTfRtO,-0.0522
TtTtOtO,-0.0522
OfTtTtOtO,-0.0522
UtOfTtOfTtT,-0.0522
OxUaRvVvRlL,-0.0522
OtRtOtRtT,-0.0522
RfOfOlL,-0.0512
RfOtOlL,-0.0512
OxRfOfOlL,-0.0512
OxRfOtOlL,-0.0512
RvVvRfOtO,-0.0512
VvRfOfOlL,-0.0512
VvRfOtOlL,-0.0512
OtOtTfTtOfT,-0.0512
TtOtTfTtOfT,-0.0512
UtOaO,-0.0502
UxRvVvRfOfO,-0.0502
UxRvVvRfOtO,-0.0502
RvVvRfOfOlL,-0.0502
RvVvRfOtOlL,-0.0502
UfRvV,-0.0502
UfRvVvR,-0.0502
UfRvVvRfT,-0.0502
TtTtOaOfT,-0.0502
OfTtTtOaOfT,-0.0502
OtRtT,-0.0502
OtRfOtRtT,-0.0502
OtOfRtO,-0.0491
OfOfOfTfO,-0.0491
OtOfOtOfR,-0.0491
OtOfOtOtR,-0.0491
OaOtOaOfO,-0.0491
RfOfOfTtO,-0.0491
RfOtOfTtO,-0.0491
OfOfOfOfTfO,-0.0491
OfOtOfOtOaR,-0.0491
OfOaOfOtOfT,-0.0491
OfOaOfTtOfT,-0.0491
OfOaOfTtOaO,-0.0491
OtOfOtOfRtO,-0.0491
OtOfOtOtRtO,-0.0491
OaOtOaOfOtO,-0.0491
OaOtOaOfOlL,-0.0491
OxRfOfOfTtO,-0.0491
OxRfOtOfTtO,-0.0491
TtOtOfRfTlL,-0.0491
TtOtOaOtOfT,-0.0491
TtOtOtRfTlL,-0.0491
VvRfOfOfTtO,-0.0491
VvRfOtOfTtO,-0.0491
UfTfRlL,-0.0491
OxUfTfRlL,-0.0491
TfTfRfTfRfT,-0.0491
TfTfRfTfRtO,-0.0491
TfTfRvVvRfO,-0.0491
TtUtRfTfRfT,-0.0491
TtUtRfTfRtO,-0.0491
TtUtRvVvRfO,-0.0491
UtTtTtOfTlL,-0.0491
UtTtTtTtOfT,-0.0491
UaOtRvVvRlL,-0.0491
UlL,-0.0491
TtTtOfTtOtT,-0.0491
TtOfTtTtOtT,-0.0491
UaRaOfTlL,-0.0491
UtRvVvRtU,0.049
UtOtOtOaO,-0.0481
OaOfOtOaOfO,-0.0481
TtUfRfTlL,-0.0481
UfTtUfRfTlL,-0.0481
UtTtUfRfTlL,-0.0481
TtTtOtT,-0.0481
OfTtTtOtT,-0.0481
OaOtOfR,-0.0471
OaOtOtR,-0.0471
OaOtOfRtO,-0.0471
OaOtOtRtO,-0.0471
OfOtOaOtOfR,-0.0471
OfOtOaOtOtR,-0.0471
OaOtOfOtOfR,-0.0471
OaOtOfOtOtR,-0.0471
OaOtOtOtOfR,-0.0471
OaOtOtOtOtR,-0.0471
RfOfOfTtOlL,-0.0471
RfOtOfTtOlL,-0.0471
TtTtTlL,-0.0471
OfTtTtTlL,-0.0471
UtOfTtTtTlL,-0.0471
TtOfTtTtTlL,-0.0471
TtTtTtOfTtT,-0.0471
OtOfRvV,-0.0461
OtOfRvVvR,-0.0461
OaOtOfOfO,-0.0461
OtOfOtOfRvV,-0.0461
OtOfOtOtRvV,-0.0461
OtOfRvVvRfT,-0.0461
OtOfRvVvRfO,-0.0461
OfRvVvRfOaO,-0.0461
OaOtOfOfOfO,-0.0461
OaOtOfOfOfT,-0.0461
OaOtOfOfOtO,-0.0461
OaOtOfOfOlL,-0.0461
UtOfOfOfTlL,-0.0461
TtUaRvVvRlL,-0.0461
UtRaOtRlL,-0.0461
UtRaOtRaO,-0.0461
UtRaOtRaOlL,-0.0461
UtRaOtRaOtR,-0.0461
TfOfO,0.0451
RfTfOfO,0.0451
OfOfTfT,-0.045
OtOtOfR,-0.045
OtOtTtO,-0.045
UtOaOtO,-0.045
UtOaOlL,-0.045
OtTtOaO,-0.045
OfOtOfTfT,-0.045
OfOtTtOaO,-0.045
OtOfOfTfT,-0.045
OtOtOfRtO,-0.045
OtOtOtTtO,-0.045
OtOtTtOfO,-0.045
OtOtTtOtT,-0.045
OtOtTtOlL,-0.045
OaOtOfRvV,-0.045
OaOtOtTtO,-0.045
OaOtOtRvV,-0.045
RfOfOfTfT,-0.045
RfOtOfTfT,-0.045
UtOaOtOlL,-0.045
OtTtOfOfT,-0.045
OtTtOtOfT,-0.045
OtTtOaOtO,-0.045
OtTtOaOlL,-0.045
OtTtOtTlL,-0.045
TtOtTtOtO,-0.045
OfOfOtOfTfT,-0.045
OfOtOtOfTfT,-0.045
OfOtOtTtOaO,-0.045
OfOaOtOtTtO,-0.045
OfOtTtOfOfT,-0.045
OfOtTtOtOfT,-0.045
OfOtTtOaOtO,-0.045
OfOtTtOaOlL,-0.045
OfOtTtOtTlL,-0.045
OfTtOtTtOtO,-0.045
OtOfOtOtTtO,-0.045
OtOfOtTtOaO,-0.045
OtOtOfOtOfR,-0.045
OtOtOfOtOtR,-0.045
OtOtOtOtTtO,-0.045
OtOtOtTtOfO,-0.045
OtOtOtTtOtT,-0.045
OtOtOtTtOlL,-0.045
OtOtTtOfOtO,-0.045
OtOtTtOfOlL,-0.045
OtOtTtOfTfT,-0.045
OtOtTtOtOtO,-0.045
OtOtTtOtOlL,-0.045
OtOtTtOtTfT,-0.045
OtOtTtOtTtO,-0.045
OaOtOfRvVvR,-0.045
OaOtOtTtOfO,-0.045
OaOtOtTtOtT,-0.045
OaOtOtTtOlL,-0.045
OaOtOtRvVvR,-0.045
OxRfOfOfTfT,-0.045
OxRfOtOfTfT,-0.045
RfOfOtTtOaO,-0.045
RfOtOtTtOaO,-0.045
OtTtOfOtOaO,-0.045
OtTtOfTtOtO,-0.045
OtTtOtOtOaO,-0.045
OtTtOaOtOfO,-0.045
OtTtOaOtOtT,-0.045
OtTtOaOtOlL,-0.045
OtTtOtTtOaO,-0.045
TtOaOaOtOfT,-0.045
VvRfOfOfTfT,-0.045
VvRfOtOfTfT,-0.045
OtOfTtTlL,-0.045
UtRvVvRfOlL,-0.045
OtOtOfTtTlL,-0.045
TtTtTtOaR,-0.045
TtTtTtOtR,-0.045
OfTtTtTtOaR,-0.045
OfTtTtTtOtR,-0.045
OtOfTtTtOaO,-0.045
OtOaOtOfTtT,-0.045
OaOtOfTtTlL,-0.045
TtTtOaOtOaO,-0.045
TtTtTtOaRfO,-0.045
TtTtTtOaRvV,-0.045
TtTtTtOtRfO,-0.045
TtTtTtOtRvV,-0.045
OtOtTtTlL,-0.045
OtTtTtOaOfT,-0.045
OtOtTtTtOaO,-0.045
OtOtOtTtTlL,-0.045
OtOaOtOtTtT,-0.045
OaOtOtTtTlL,-0.045
OfOtOtU,-0.044
OfOfOtOtT,-0.044
OfOtOtOtU,-0.044
OtOtOfRvV,-0.044
OfOfOfOtOfO,-0.044
OfOtOfOtOtU,-0.044
OtOfOfOtOtT,-0.044
OtOfOtOtOtU,-0.044
OtOtOfRvVvR,-0.044
RfOfOtOtOtU,-0.044
RfOtOtOtOtU,-0.044
TtTtOaOtOtO,-0.044
OaOfOfO,-0.043
OaOfOfOfO,-0.043
OaOfOfOfT,-0.043
UtOaOtOaO,-0.043
OtOtOaOfTtO,-0.043
OaOfOfOfOfO,-0.043
OaOfOfOfOfT,-0.043
OaOfOtOfOfO,-0.043
OaOfOtOtOfO,-0.043
OaOfOtOtRtO,-0.043
UtOtOtOaOtO,-0.043
UtOtOtOaOlL,-0.043
UtOaOtOaOtO,-0.043
UtOaOtOaOlL,-0.043
UxTfRfO,-0.043
UxTfRfOfT,-0.043
UxTfRfOtO,-0.043
UxTfRtOfT,-0.043
UxTfRtOtO,-0.043
UxTfRfOfTfR,-0.043
UxTfRtOfTfR,-0.043
OtOfTtTtOtO,-0.043
OtTtTtOaRfT,-0.043
OtTtTtOtRfT,-0.043
OtOtTtTtOtO,-0.043
UtOtTtTfTlL,-0.043
UaRaOtRfT,-0.043
OfOtOtOfOfO,-0.042
OtUfR,-0.042
OtUfRfT,-0.042
OxRfTfO,0.0412
UaRvVvRfTfO,0.0412
OaOfOtOtR,-0.0409
OfOfOtOaOfO,-0.0409
UtOaOfOtOtO,-0.0409
UtOaOfOtOtR,-0.0409
OxUfRlL,-0.0409
UtTtUtTlL,-0.0409
OxUtTtUtTlL,-0.0409
TtUtTtUtTlL,-0.0409
UaOaRtO,-0.0409
UaOtRtO,-0.0409
TtOfTtTtO,-0.0409
UaOaRfOfT,-0.0409
UaOaRtOfT,-0.0409
UaOtRfOfT,-0.0409
UaOtRtOfT,-0.0409
TtTtOfTtO,-0.0409
OfTtOfTtTtO,-0.0409
OfTtTtOfTtO,-0.0409
TtOfTtTtOlL,-0.0409
UaOfTtOaRtO,-0.0409
UaOfTtOtRtO,-0.0409
UaOaRfOtRtO,-0.0409
UaOaRtOtRtO,-0.0409
UaOtRfOtRtO,-0.0409
UaOtRtOtRtO,-0.0409
TtTtOfTtOlL,-0.0409
UtRtOtRfT,-0.0409
OtUtRfT,-0.0399
OtTtOtO,-0.0399
OfOfTtOtT,-0.0399
OfOtTtOtO,-0.0399
TtOfOtOtT,-0.0399
TtOtOtOtT,-0.0399
OfOfTtOtTfT,-0.0399
OfOtOfTtOtT,-0.0399
OfOtOtTtOtO,-0.0399
OfTtOfOtOtT,-0.0399
OfTtOtOtOtT,-0.0399
OtOfOfTtOtT,-0.0399
OtOfOtTtOtO,-0.0399
OaOfOtOtRvV,-0.0399
RfOfOfTtOtT,-0.0399
RfOfOtTtOtO,-0.0399
RfOtOfTtOtT,-0.0399
RfOtOtTtOtO,-0.0399
RfOaOtOfOfT,-0.0399
OtTtOfOtOtO,-0.0399
OtTtOtOtOtO,-0.0399
OtTtOtTtOtO,-0.0399
TtOfOtOtTfT,-0.0399
TtOtOtOtTfT,-0.0399
UtTfT,-0.0399
OxUtRfT,-0.0399
OtUfRvV,-0.0399
OtUfRvVvR,-0.0399
OtUfRvVvRfT,-0.0399
TtTtO,-0.0399
OfTtTtO,-0.0399
TtTtOlL,-0.0399
OfTtTtOlL,-0.0399
TtTtOfTtTtO,-0.0399
RtOtRtOtR,-0.0389
OtOaOfOtOtR,-0.0389
RtOtRtOtRfO,-0.0389
UxRtOtRtOtR,-0.0389
TtOtOfTtOfO,-0.0389
TtOtOfTtOfT,-0.0389
TtOtOfTtOaO,-0.0389
RtT,-0.0389
UaOaR,-0.0389
UtOtOfO,-0.0379
OfOfOtOfOfO,-0.0379
OfOfOtOtOfO,-0.0379
TtOfTtOtTtO,-0.0379
TtOtTtOfTtO,-0.0379
OtUtT,-0.0379
OtTtTtOtTlL,-0.0379
RtOtR,-0.0368
RtOtRfO,-0.0368
UxRtOtR,-0.0368
OaOaOfTtO,-0.0368
RfOtRtOtR,-0.0368
UtOfTtOtT,-0.0368
RtOtRfOlL,-0.0368
RtOtRfOtR,-0.0368
RtOtRtOlL,-0.0368
UxRtOtRfO,-0.0368
OfTtOaOfTtO,-0.0368
OtOaOaOfTtO,-0.0368
OaOfTfTtOaO,-0.0368
OaOaOfTtOlL,-0.0368
RfOaOtOaOfT,-0.0368
RfOaOaOfTtO,-0.0368
RfOtRtOtRfO,-0.0368
RtOtRfOtRfO,-0.0368
UxRfOtRtOtR,-0.0368
UxRtOtRfOlL,-0.0368
UxRtOtRfOtR,-0.0368
UxRtOtRtOlL,-0.0368
TtOaOfTtOtO,-0.0368
UfTfT,-0.0368
OxUfTfT,-0.0368
TfTfRlL,-0.0368
UtTtTlL,-0.0368
TtUfTfT,-0.0368
UfTfTfRlL,-0.0368
UfTtUfTfT,-0.0368
TtUfTfRlL,-0.0368
OxUfRvVvRlL,-0.0368
OxUfTfTfRlL,-0.0368
OxUfTtUfTfT,-0.0368
UfTfRvVvRlL,-0.0368
UfTtUfTfRlL,-0.0368
TtUfTfTfRlL,-0.0368
TtUfTtUfTfT,-0.0368
UxRtT,-0.0368
UaOfTtTlL,-0.0368
OtOaRaOtRtO,-0.0368
OtOtRaOtRtO,-0.0368
OaOfTtOfTtT,-0.0368
OtUlL,-0.0368
RfUlL,-0.0368
OxRfUlL,-0.0368
VvRfUlL,-0.0368
RvVvRfUlL,-0.0368
UfRvVvRfUlL,-0.0368
UtRvVvRfUlL,-0.0368
UtOtTtTlL,-0.0368
OaOfTtOtTtT,-0.0368
UtOfTtTtOtT,-0.0368
UtRtOtRaOfT,-0.0368
UaRaOtRaOfT,-0.0368
UaOfRfTlL,-0.0368
RvVvRfT,-0.0364
OfOtU,-0.0358
RfOtR,-0.0358
RtOlL,-0.0358
OtOfOtU,-0.0358
RfOfOtU,-0.0358
RfOtOtU,-0.0358
RfOtRfO,-0.0358
UtOaOfO,-0.0358
UxRfOtR,-0.0358
UxRtOlL,-0.0358
OxRfOfOtU,-0.0358
OxRfOtOtU,-0.0358
RfOtRfOlL,-0.0358
RfOtRfOtR,-0.0358
RfOtRtOlL,-0.0358
UtOaOfOtO,-0.0358
UtOaOfOlL,-0.0358
UxRfOtRfO,-0.0358
VvRfOfOtU,-0.0358
VvRfOtOtU,-0.0358
OtOfOtOfOfO,-0.0358
RfOfOfOtOtU,-0.0358
RfOtOfOtOtU,-0.0358
RfOtRfOtRfO,-0.0358
UtOaOfOtOfO,-0.0358
UtOaOfOtOlL,-0.0358
UxRfOtRfOlL,-0.0358
UxRfOtRfOtR,-0.0358
UxRfOtRtOlL,-0.0358
RvVvRfOfOtU,-0.0358
RvVvRfOtOtU,-0.0358
OxU,-0.0358
OfTfOfTfOfO,0.0349
RfOtRvV,-0.0348
RtOtRvV,-0.0348
OtOtTtOtU,-0.0348
RfOtRvVvR,-0.0348
RtOtRvVvR,-0.0348
UxRfOtRvV,-0.0348
UxRtOtRvV,-0.0348
OtOtOtTtOtU,-0.0348
OaOtOtTtOtU,-0.0348
RfOtRfOtRvV,-0.0348
RfOtRtOtRvV,-0.0348
RfOtRvVvRfT,-0.0348
RfOtRvVvRfO,-0.0348
OtTtOaOtOtU,-0.0348
RtOtRfOtRvV,-0.0348
RtOtRtOtRvV,-0.0348
RtOtRvVvRfT,-0.0348
RtOtRvVvRfO,-0.0348
UxRfOtRvVvR,-0.0348
UxRtOtRvVvR,-0.0348
TtUtRfT,-0.0348
UfTtUtRfT,-0.0348
OxUfTtUtRfT,-0.0348
TtUfTtUtRfT,-0.0348
OxUaRlL,-0.0348
UtRfOtRfT,-0.0348
VvRfTfO,0.0341
RvVvRfTfO,0.0341
UtRvVvRfTfO,0.0341
OfOtT,-0.0338
OfOtTfT,-0.0338
OfTfOfO,0.0338
OtOfOtT,-0.0338
RfOfOtT,-0.0338
RfOtOtT,-0.0338
OfOtOtOtT,-0.0338
OfOtOtTfT,-0.0338
OtOfOtTfT,-0.0338
OxRfOfOtT,-0.0338
OxRfOtOtT,-0.0338
RfOfOtTfT,-0.0338
RfOtOtTfT,-0.0338
RfOaOtOfO,-0.0338
UtOfTtOtO,-0.0338
VvRfOfOtT,-0.0338
VvRfOtOtT,-0.0338
OfOfOtOtTfT,-0.0338
OfOtOtOtTfT,-0.0338
OtOfOtOtOtT,-0.0338
OtOtOaOfOfO,-0.0338
OxRfOfOtTfT,-0.0338
OxRfOtOtTfT,-0.0338
OxRfOaOtOfO,-0.0338
RfOfOfOtOtT,-0.0338
RfOfOtOtOtT,-0.0338
RfOtOfOtOtT,-0.0338
RfOtOtOtOtT,-0.0338
UtOtOtOaOfO,-0.0338
RvVvRfOfOtT,-0.0338
RvVvRfOtOtT,-0.0338
VvRfOfOtTfT,-0.0338
VvRfOtOtTfT,-0.0338
VvRfOaOtOfO,-0.0338
OaOfTtT,-0.0338
RfOaOfTtT,-0.0338
OtOaOfTtT,-0.0338
OaOfTtTtO,-0.0338
OaOfTtTfT,-0.0338
OxRfOaOfTtT,-0.0338
RfOaOfTtTtO,-0.0338
RfOaOfTtTfT,-0.0338
OfOfTtTfTlL,-0.0338
OtOaOfTtTtO,-0.0338
OtOaOfTtTfT,-0.0338
OaOfTtTtOfO,-0.0338
OaOfTtTtOlL,-0.0338
OaOfOtOfTtT,-0.0338
OaOtOtOfTtT,-0.0338
UtTtOaOfTlL,-0.0338
VvRfOaOfTtT,-0.0338
OaOtTtT,-0.0338
OtOaOtTtT,-0.0338
RfOaOtTtT,-0.0338
OaOtTtTtO,-0.0338
OaOtTtTfT,-0.0338
OtOaOtTtTtO,-0.0338
OtOaOtTtTfT,-0.0338
OxRfOaOtTtT,-0.0338
RfOaOtTtTtO,-0.0338
RfOaOtTtTfT,-0.0338
OfOtTtTfTlL,-0.0338
OaOfTtTtOtT,-0.0338
OaOtTtTtOtT,-0.0338
OaOtTtTtOlL,-0.0338
OaOtTtTtOfO,-0.0338
OaOtOtOtTtT,-0.0338
OaOfOtOtTtT,-0.0338
VvRfOaOtTtT,-0.0338
UtRaOtRtTlL,-0.0338
OfTfOfTfOfT,-0.0337
UtOtOfR,-0.0328
UtOtOtR,-0.0328
OfOtOfOfO,-0.0328
OfOtOfRfT,-0.0328
OfOtOfRlL,-0.0328
UtOtOfOtO,-0.0328
UtOtOfOlL,-0.0328
UtOtOfRtO,-0.0328
UtOtOtRtO,-0.0328
OfOtOfOfOfO,-0.0328
OfOtOfOfOfT,-0.0328
OfOtOfOfOtO,-0.0328
OfOtOfOfOlL,-0.0328
OfOaOfOtOaO,-0.0328
UtOtOfOtOfO,-0.0328
UtOtOfOtOtO,-0.0328
UtOtOfOtOfR,-0.0328
UtOtOfOtOlL,-0.0328
UtOtOfOtOtR,-0.0328
TtOfOaOfTlL,-0.0328
TtOaOaOtOaO,-0.0328
UfRfO,-0.0328
OxUfRfO,-0.0328
TtTtUfT,-0.0328
TtUfRlL,-0.0328
RtUfRfO,-0.0328
UfRtUfRfO,-0.0328
UfTtTtUfT,-0.0328
UfTtUfRlL,-0.0328
UtTtTtUfT,-0.0328
UtTtUfRlL,-0.0328
UtTtUtRlL,-0.0328
VvRtUfRfO,-0.0328
OxUfRtUfRfO,-0.0328
OxUfTtTtUfT,-0.0328
OxUfTtUfRlL,-0.0328
OxUtTtTtUfT,-0.0328
OxUtTtUfRlL,-0.0328
OxUtTtUtRlL,-0.0328
TtTtUfTtUfT,-0.0328
TtUfTtTtUfT,-0.0328
TtUfTtUfRlL,-0.0328
TtUtTtTtUfT,-0.0328
TtUtTtUfRlL,-0.0328
TtUtTtUtRlL,-0.0328
RtUfRtUfRfO,-0.0328
RvVvRtUfRfO,-0.0328
UaOaRvV,-0.0328
UaOaRvVvR,-0.0328
TtTtOtOfT,-0.0328
OfTtTtOtOfT,-0.0328
UaOaRvVvRfT,-0.0328
TtOfTtOtTtT,-0.0328
RfOlL,-0.0327
TfOfTfO,0.0318
RfTfOfTfO,0.0318
TfTtOfT,-0.0317
OfTfTtOfT,-0.0317
OfOfTfTtOfT,-0.0317
TfTtOfOtOfT,-0.0317
TfTtOtOtOfT,-0.0317
TfOfTfOfTfO,0.0308
OaOfR,-0.0307
OaOtR,-0.0307
OaOfRtO,-0.0307
OaOaOfO,-0.0307
OaOtRtO,-0.0307
UtOaOfR,-0.0307
UtOaOtR,-0.0307
OaOfOtOfR,-0.0307
OaOaOfOfO,-0.0307
OaOaOfOfT,-0.0307
OaOaOfOtO,-0.0307
OaOaOfOlL,-0.0307
RfOaOaOfO,-0.0307
UtOtOfRvV,-0.0307
UtOtOtRvV,-0.0307
UtOaOfRtO,-0.0307
UtOaOtRtO,-0.0307
OtOaRfOtRlL,-0.0307
OtOaRtOtRlL,-0.0307
OtOtRfOtRlL,-0.0307
OtOtRtOtRlL,-0.0307
OfRvVvRfOfT,-0.0307
OaOfOtOfRtO,-0.0307
OaOaOfOfOfO,-0.0307
OaOaOfOfOfT,-0.0307
OaOaOfOtOlL,-0.0307
OaOtTfTtOaO,-0.0307
OxRfOaOaOfO,-0.0307
RfOaOaOfOfO,-0.0307
RfOaOaOfOfT,-0.0307
RfOaOaOfOtO,-0.0307
RfOaOaOfOlL,-0.0307
UtOtOtOaRlL,-0.0307
UtOtOtOtRlL,-0.0307
UtOtOfRvVvR,-0.0307
UtOtOtRvVvR,-0.0307
UtOaOfOtOfR,-0.0307
TtOaOfOtOfT,-0.0307
VvRfOaOaOfO,-0.0307
UfTfRfT,-0.0307
UfTfRtO,-0.0307
TtTfTfO,-0.0307
OxUfTfRfT,-0.0307
OxUfTfRtO,-0.0307
UfTfRfTfR,-0.0307
OfTtTfTfO,-0.0307
OxUfTfRfTfR,-0.0307
UfTfRfTfRvV,-0.0307
TtUfRvVvRlL,-0.0307
OtOaRaO,-0.0307
OtOtRaO,-0.0307
OfOtOaRaO,-0.0307
OfOtOtRaO,-0.0307
OtOtOaRaO,-0.0307
OtOtOtRaO,-0.0307
OtOaRaOlL,-0.0307
OtOaRaOtR,-0.0307
OtOtRaOlL,-0.0307
OtOtRaOtR,-0.0307
OfOtOaRaOlL,-0.0307
OfOtOaRaOtR,-0.0307
OfOtOtRaOlL,-0.0307
OfOtOtRaOtR,-0.0307
OtOtOtOaRaO,-0.0307
OtOtOtOtRaO,-0.0307
OtOtOaRaOlL,-0.0307
OtOtOaRaOtR,-0.0307
OtOtOtRaOlL,-0.0307
OtOtOtRaOtR,-0.0307
OtOaRfOtRaO,-0.0307
OtOaRaOtRfO,-0.0307
OtOaRaOtRvV,-0.0307
OtOaRtOtRaO,-0.0307
OtOtRfOtRaO,-0.0307
OtOtRaOtRfO,-0.0307
OtOtRaOtRvV,-0.0307
OtOtRtOtRaO,-0.0307
OaOfOtOaRaO,-0.0307
OaOfOtOtRaO,-0.0307
UtOfTtTtOtO,-0.0307
UtOtOtOaRaO,-0.0307
UtOtOtOtRaO,-0.0307
TtUaRlL,-0.0307
UfTtUaRlL,-0.0307
UtTtUaRlL,-0.0307
OxUfTtUaRlL,-0.0307
OxUtTtUaRlL,-0.0307
TtUfTtUaRlL,-0.0307
TtUtTtUaRlL,-0.0307
OaRtT,-0.0307
TtOtTtT,-0.0307
UtOaRtT,-0.0307
UtOtRtT,-0.0307
OfTtOtTtT,-0.0307
OtTtTtTlL,-0.0307
TtTtTtOtT,-0.0307
TtOtTtTfT,-0.0307
OaRfOtRtT,-0.0307
OaRtOtRtT,-0.0307
OfTtTtTtOtT,-0.0307
OfTtOtTtTfT,-0.0307
OtTtTtTtOtT,-0.0307
TtOtTtTtTlL,-0.0307
UtOtTtTtTlL,-0.0307
UtOaRfOtRtT,-0.0307
UtOaRtOtRtT,-0.0307
UtOtRfOtRtT,-0.0307
UtOtRtOtRtT,-0.0307
OtTtTfTfO,-0.0307
TtTtOfTfTfO,-0.0307
TtOfTtTfTfO,-0.0307
TtOtTtTfTfO,-0.0307
OfOfTtTfTfO,-0.0307
OfOtTtTfTfO,-0.0307
OaOfTtTtOtU,-0.0307
OaOtTtTtOtU,-0.0307
UtRaOfT,-0.0307
UtRfOtRaOfT,-0.0307
UtRaOtRfOfT,-0.0307
UtRaOtRtOfT,-0.0307
OxRfTtUfTlL,0.03
OxRtUfTlL,0.03
OxRfUfTlL,0.03
OaOfRvV,-0.0297
OaOtRvV,-0.0297
UtOfTtO,-0.0297
OaOfRvVvR,-0.0297
OaOtRvVvR,-0.0297
UtOfTtOlL,-0.0297
UtOaOfRvV,-0.0297
UtOaOtRvV,-0.0297
OaOfOtOfRvV,-0.0297
OaOfRvVvRfT,-0.0297
OaOfRvVvRfO,-0.0297
OaOtRvVvRfT,-0.0297
OaOtRvVvRfO,-0.0297
UtOfTtOfTtO,-0.0297
UtOaOfRvVvR,-0.0297
UtOaOtRvVvR,-0.0297
OtTtT,-0.0297
OtTtTfT,-0.0297
TtTtOtTtT,-0.0297
TtTtOtTfT,-0.0297
OfTtTtOtTtT,-0.0297
OfTtTtOtTfT,-0.0297
TtTtOtTtTfT,-0.0297
TtTtOtTfTlL,-0.0297
OtOaOfR,-0.0287
OtOaOtR,-0.0287
OfOtOtRtO,-0.0287
OtOtOaOfR,-0.0287
OtOtOaOtR,-0.0287
OtOaOfRtO,-0.0287
OtOaOfRvV,-0.0287
OtOaOtRtO,-0.0287
OtOaOtRvV,-0.0287
OaOtOaOfR,-0.0287
OaOtOaOtR,-0.0287
OfOfOfOfOtO,-0.0287
OfOfOfOfOlL,-0.0287
OfOaOfOfTlL,-0.0287
OfOaOfOtOtO,-0.0287
OtOfOfOfTtO,-0.0287
OtOtOtOaOfR,-0.0287
OtOtOtOaOtR,-0.0287
OtOtOaOfRtO,-0.0287
OtOtOaOfRvV,-0.0287
OtOtOaOtRtO,-0.0287
OtOtOaOtRvV,-0.0287
OtOaOfOtOfR,-0.0287
OtOaOtOaOfR,-0.0287
OtOaOtOaOtR,-0.0287
OtOaOfRvVvR,-0.0287
OtOaOtRvVvR,-0.0287
OaOtOaOfRtO,-0.0287
OaOtOaOfRvV,-0.0287
OaOtOaOtRtO,-0.0287
OaOtOaOtRvV,-0.0287
UtOtOtOaOfR,-0.0287
UtOtOtOaOtR,-0.0287
UtOaOtOaOfO,-0.0287
UtOaOtOaOfR,-0.0287
UtOaOtOaOtR,-0.0287
TtOaOtOtOaO,-0.0287
OxUtT,-0.0287
TtUtT,-0.0287
OxUfTtU,-0.0287
OxUtTfT,-0.0287
UfTtUtT,-0.0287
TtUtTfT,-0.0287
OxUfTtUtT,-0.0287
UfRtUfTlL,-0.0287
UfTtUtTfT,-0.0287
TtUfTtUtT,-0.0287
OxUfRtUfTlL,-0.0287
OxUfTtUfTtU,-0.0287
OxUfTtUtTfT,-0.0287
UfTtUfTtUtT,-0.0287
TtUfTtUtTfT,-0.0287
RtUfRtUfTlL,-0.0287
UaOfTfT,-0.0287
UtOfTtTtO,-0.0287
UtTtTtOaRfT,-0.0287
UtTtTtOtRfT,-0.0287
UaOfTtOfTfT,-0.0287
UtOfTtTtOlL,-0.0287
OtTtTtTtOaR,-0.0287
OtTtTtTtOtR,-0.0287
OtTtTtOfTfT,-0.0287
OtUtOfR,0.0282
OxRfTfOfT,0.0282
UtOtUtOfR,0.0282
OtUtOfRfT,0.0282
OtUtOfRlL,0.0282
OtUtOfRvV,0.0282
VvRfTfOfT,0.0282
OxRfTfOfTlL,0.0282
UtOtUtOfRfT,0.0282
UtOtUtOfRlL,0.0282
UtOtUtOfRvV,0.0282
OtUtOfRvVvR,0.0282
OtUtOtUtOfR,0.0282
RvVvRfTfOfT,0.0282
VvRfTfOfTlL,0.0282
UxO,0.0282
UxOtU,0.0282
UxOfR,0.0282
OtUxO,0.0282
UxOtUxO,0.0282
UxOtUtO,0.0282
UxOfRlL,0.0282
UxOfRfT,0.0282
UxOfRvV,0.0282
UtOtUxO,0.0282
OtUxOtU,0.0282
OtUxOfR,0.0282
UxOtUxOtU,0.0282
UxOtUxOfR,0.0282
UxOtUtOtU,0.0282
UxOtUtOfR,0.0282
UxOfRvVvR,0.0282
UtOtUxOtU,0.0282
UtOtUxOfR,0.0282
OtUxOtUxO,0.0282
OtUxOtUtO,0.0282
OtUxOfRlL,0.0282
OtUxOfRfT,0.0282
OtUxOfRvV,0.0282
OtUtOtUxO,0.0282
UxOtUxOtUxO,0.0282
UxOtUxOtUtO,0.0282
UxOtUxOfRlL,0.0282
UxOtUxOfRfT,0.0282
UxOtUxOfRvV,0.0282
UxOtUtOtUxO,0.0282
UxOtUtOtUtO,0.0282
UxOtUtOfRlL,0.0282
UxOtUtOfRfT,0.0282
UxOtUtOfRvV,0.0282
UxOfRvVvRlL,0.0282
UxOfRvVvRfT,0.0282
UtOtUxOtUxO,0.0282
UtOtUxOtUtO,0.0282
UtOtUxOfRlL,0.0282
UtOtUxOfRfT,0.0282
UtOtUxOfRvV,0.0282
UtOtUtOtUxO,0.0282
OtUxOtUxOtU,0.0282
OtUxOtUxOfR,0.0282
OtUxOtUtOtU,0.0282
OtUxOtUtOfR,0.0282
OtUxOfRvVvR,0.0282
OtUtOtUxOtU,0.0282
OtUtOtUxOfR,0.0282
OfTtOtU,-0.0276
TtOtTtO,-0.0276
OfOfTtOtU,-0.0276
OfTtOtTtO,-0.0276
OaOfOfOtO,-0.0276
OaOfOfOlL,-0.0276
RfOaOfOfO,-0.0276
OtTtOfTtO,-0.0276
TtOfOfTtO,-0.0276
TtOfOtOtU,-0.0276
TtOfTtOtU,-0.0276
TtOtOtOtU,-0.0276
TtOtTtOfO,-0.0276
TtOtTtOtT,-0.0276
TtOtTtOlL,-0.0276
OfOfTtOtTtO,-0.0276
OfOtOfTtOtU,-0.0276
OfOtTtOfTtO,-0.0276
OfTtOfOtOtU,-0.0276
OfTtOfTtOtU,-0.0276
OfTtOtOtOtU,-0.0276
OfTtOtTtOfO,-0.0276
OfTtOtTtOtT,-0.0276
OfTtOtTtOlL,-0.0276
OtOfOfTtOtU,-0.0276
OaOfOfOtOlL,-0.0276
OxRfOaOfOfO,-0.0276
RfOfOfTtOtU,-0.0276
RfOtOfTtOtU,-0.0276
RfOaOfOfOfO,-0.0276
RfOaOfOfOfT,-0.0276
RfOaOfOfOtO,-0.0276
RfOaOfOfOlL,-0.0276
RfOaOtOfOfO,-0.0276
RfOaOtOfTtO,-0.0276
OtTtOfTtOfO,-0.0276
OtTtOfTtOtT,-0.0276
OtTtOfTtOlL,-0.0276
TtOfOtOtTtO,-0.0276
TtOtOtOtTtO,-0.0276
TtOtTtOfOtO,-0.0276
TtOtTtOfOlL,-0.0276
TtOtTtOfTfT,-0.0276
TtOtTtOtOtO,-0.0276
TtOtTtOtOlL,-0.0276
TtOtTtOtTfT,-0.0276
TtOtTtOtTtO,-0.0276
VvRfOaOfOfO,-0.0276
UxRfTfRfO,-0.0276
OxUtR,-0.0276
OxUtRtO,-0.0276
OxUtRvV,-0.0276
OxUtRfTfR,-0.0276
OxUtRvVvR,-0.0276
OxUtRfTfRvV,-0.0276
OxUtRvVvRfT,-0.0276
UxRfTfRfOfT,-0.0276
UxRfTfRfOtO,-0.0276
UxRfTfRtOfT,-0.0276
UxRfTfRtOtO,-0.0276
UxRfOfTfRfT,-0.0276
UxRfOfTfRlL,-0.0276
UxRtOfTfRfT,-0.0276
UxRtOfTfRlL,-0.0276
UaRfOfTlL,-0.0276
UaRtOfTlL,-0.0276
OfOtOtR,-0.0266
OfOfOfTtO,-0.0266
TtOaOaOfT,-0.0266
OfOfOfTtOlL,-0.0266
OfOtOtOtOtR,-0.0266
RfOfTtOfTlL,-0.0266
UaOtR,-0.0266
OfOtOtRvV,-0.0256
OtTfTtOfT,-0.0256
OfOtOaOfOfO,-0.0256
OfOtOtRvVvR,-0.0256
OfOtTfTtOfT,-0.0256
TfTtOtTtOfT,-0.0256
TtOfOfTtOlL,-0.0256
TtTtTtOtO,-0.0256
OfTtTtTtOtO,-0.0256
TtOfTtTtOaO,-0.0256
TtTtOfTtOaO,-0.0256
TtTfTtOfTlL,-0.0256
TtOtTtTtOtO,-0.0256
VvRfT,-0.0253
OtOaOaOfO,-0.0246
OaOfOfTfO,-0.0246
OxRvVvRfO,-0.0246
TfTtOaOfT,-0.0246
TtOtOaRfT,-0.0246
TtOtOaRlL,-0.0246
OfOfOtOaRtO,-0.0246
OfOfOtOtRtO,-0.0246
OfOaOfOfTfO,-0.0246
OfOaOfTtOtO,-0.0246
OfTfTtOaOfT,-0.0246
OfTtOtOaRfT,-0.0246
OfTtOtOaRlL,-0.0246
OtOfTfTtOaO,-0.0246
OtOaOfOfOtO,-0.0246
OtOaOfOfOlL,-0.0246
OtOaOaOfOfO,-0.0246
OtOaOaOfOfT,-0.0246
OtOaOaOfOtO,-0.0246
OtOaOaOfOlL,-0.0246
OaOfOfOtOtU,-0.0246
OaOaOfOtOtU,-0.0246
RfOfOfOfTtO,-0.0246
RfOfOtOfTfO,-0.0246
RfOtOfOfTtO,-0.0246
RfOtOtOfTfO,-0.0246
TfTtOfTtOaO,-0.0246
TfTtOaOtOaO,-0.0246
UxRfTfOfTfO,-0.0246
TtOfTfTtOaO,-0.0246
TtOtOfOtOfT,-0.0246
TtOtOaOtOaO,-0.0246
TtOtOaOtOaR,-0.0246
TtOaOfOtOaO,-0.0246
TtOaOfRfTlL,-0.0246
TtOaOtRfTlL,-0.0246
TfTfRfT,-0.0246
TfTfRtO,-0.0246
TtUfRfO,-0.0246
TtUtRtO,-0.0246
UfTfTfRfT,-0.0246
UfTfTfRtO,-0.0246
UfTtUfRfO,-0.0246
UfTtUtRtO,-0.0246
TfTfRfTfR,-0.0246
UtTtUfRfO,-0.0246
TtTfTfRlL,-0.0246
TtTtUtRlL,-0.0246
TtUfTfRfT,-0.0246
TtUfTfRtO,-0.0246
TtUtRfTfR,-0.0246
OxUfTfTfRfT,-0.0246
OxUfTfTfRtO,-0.0246
OxUfTtUfRfO,-0.0246
OxUfTtUtRtO,-0.0246
OxUtTtUfRfO,-0.0246
OxUtRfTfRfO,-0.0246
UfTfTfRfTfR,-0.0246
UfTfRfTfRfO,-0.0246
UfTtTfTfRlL,-0.0246
UfTtTtUtRlL,-0.0246
UfTtUfTfRfT,-0.0246
UfTtUfTfRtO,-0.0246
UfTtUtRfTfR,-0.0246
TfTfRfTfRfO,-0.0246
TfTfRfTfRvV,-0.0246
TfTfRvVvRlL,-0.0246
UtTtTfTfRlL,-0.0246
UtTtTtUtRlL,-0.0246
TtTtUfTfRlL,-0.0246
TtUfRtUfRfO,-0.0246
TtUfRtUfTlL,-0.0246
TtUfTfTfRfT,-0.0246
TtUfTfTfRtO,-0.0246
TtUfTfRfTfR,-0.0246
TtUfTtUfRfO,-0.0246
TtUfTtUtRtO,-0.0246
TtUtTtUfRfO,-0.0246
TtUtRfTfRfO,-0.0246
TtUtRfTfRvV,-0.0246
UtRfTfOfTfO,-0.0246
RtUfTtUfRfO,-0.0246
RtUtTtUfRfO,-0.0246
RtUtTtUfTlL,-0.0246
UaOtRvV,-0.0246
UaOtRvVvR,-0.0246
TtOaOtOfTtT,-0.0246
OtOfTtOfTtT,-0.0246
UaOtRvVvRfT,-0.0246
OtTtTtOtO,-0.0246
OtOaRtTlL,-0.0246
OtOtRtTlL,-0.0246
TtOtTtTtOaO,-0.0246
TtOaOtOtTtT,-0.0246
OtOfTtOtTtT,-0.0246
OtOtOaRtTlL,-0.0246
OtOtOtRtTlL,-0.0246
OtOaRaOtRtT,-0.0246
OtOtRaOtRtT,-0.0246
OfOtOaRtTlL,-0.0246
OfOtOtRtTlL,-0.0246
UtOaRvVvRtU,-0.0246
UtOtU,0.0241
OtUtO,0.0241
UtOtUtO,0.0241
OtUtOtU,0.0241
UtOtUtOtU,0.0241
OtUtOtUtO,0.0241
UtOtUtOtUtO,0.0241
OtUtOtUtOtU,0.0241
OfOfOfOtO,-0.0235
OfOfOfOlL,-0.0235
OfOfOfOtOlL,-0.0235
TtTtT,-0.0235
OfTtTtT,-0.0235
TtTtTfT,-0.0235
OfTtTtTfT,-0.0235
UtOfTtTtT,-0.0235
UtOfTtTtTfT,-0.0235
UtRtT,-0.0235
TtTtOaO,-0.0235
TtTtTtO,-0.0235
OfTtTtOaO,-0.0235
OfTtTtTtO,-0.0235
TtOfTtTtT,-0.0235
TtTtOaOtO,-0.0235
TtTtOaOlL,-0.0235
TtTtTtOlL,-0.0235
OfTtOfTtTtT,-0.0235
OfTtTtOaOtO,-0.0235
OfTtTtOaOlL,-0.0235
OfTtTtTtOlL,-0.0235
TtOfTtTtTtO,-0.0235
TtOfTtTtTfT,-0.0235
TtTtOfTtTtT,-0.0235
TtTtOtOtOtO,-0.0235
TtTtOaOtOlL,-0.0235
TtTtTtOfTtO,-0.0235
UtOfTtTtTtO,-0.0235
UxOfRvVvRtU,0.0235
OfRlL,-0.023
OtTtO,-0.0225
OfOtTtO,-0.0225
OtTtOfO,-0.0225
OtTtOtT,-0.0225
OtTtOlL,-0.0225
OfOtOtTtO,-0.0225
OfOtTtOfO,-0.0225
OfOtTtOtT,-0.0225
OfOtTtOlL,-0.0225
OtOfOtTtO,-0.0225
RfOfOtTtO,-0.0225
RfOtOtTtO,-0.0225
OtTtOfOtO,-0.0225
OtTtOfOlL,-0.0225
OtTtOfTfT,-0.0225
OtTtOtOtO,-0.0225
OtTtOtOlL,-0.0225
OtTtOtTfT,-0.0225
OtTtOtTtO,-0.0225
TtOtOaOfT,-0.0225
OfOfOtOtTtO,-0.0225
OfOtOtOtTtO,-0.0225
OfOtOtTtOfO,-0.0225
OfOtOtTtOtT,-0.0225
OfOtOtTtOlL,-0.0225
OfOaOfOtOfO,-0.0225
OfOtTtOfOtO,-0.0225
OfOtTtOfOlL,-0.0225
OfOtTtOfTfT,-0.0225
OfOtTtOtOtO,-0.0225
OfOtTtOtOlL,-0.0225
OfOtTtOtTfT,-0.0225
OfOtTtOtTtO,-0.0225
OtOfOtTtOfO,-0.0225
OtOfOtTtOtT,-0.0225
OtOfOtTtOlL,-0.0225
OxRfOfOtTtO,-0.0225
OxRfOtOtTtO,-0.0225
RfOfOtTtOfO,-0.0225
RfOfOtTtOtT,-0.0225
RfOfOtTtOlL,-0.0225
RfOtOtTtOfO,-0.0225
RfOtOtTtOtT,-0.0225
RfOtOtTtOlL,-0.0225
OtTtOfOtOfO,-0.0225
OtTtOfOtOtT,-0.0225
OtTtOfOtOlL,-0.0225
OtTtOtOtOfO,-0.0225
OtTtOtOtOtT,-0.0225
OtTtOtOtOlL,-0.0225
OtTtOtTtOfO,-0.0225
OtTtOtTtOtT,-0.0225
OtTtOtTtOlL,-0.0225
UxRfTfOfTlL,-0.0225
TtOaOtOtOfO,-0.0225
TtOaOaOtOfO,-0.0225
VvRfOfOtTtO,-0.0225
VvRfOtOtTtO,-0.0225
TtUtR,-0.0225
UfTtUtR,-0.0225
TtUtRvV,-0.0225
OtOfTtT,-0.0225
OxUfTtUtR,-0.0225
UfTtUtRvV,-0.0225
TtUfTtUtR,-0.0225
TtUtRvVvR,-0.0225
OtOfTtTfT,-0.0225
OtOtOfTtT,-0.0225
OxUfTtUtRvV,-0.0225
RfOtOfTtTlL,-0.0225
UfTtUfTtUtR,-0.0225
UfTtUtRvVvR,-0.0225
TtUfTtUtRvV,-0.0225
TtUtRvVvRfT,-0.0225
UtRfTfOfTlL,-0.0225
OtOtOfTtTfT,-0.0225
OtOtOtOfTtT,-0.0225
OfOfTtTlL,-0.0225
OtOfTtTtO,-0.0225
OaOtOfTtT,-0.0225
TtTtOfOfT,-0.0225
RfOfOfTtTlL,-0.0225
OfTtTtOfOfT,-0.0225
OfOfTtTtOaO,-0.0225
OfOtOfTtTlL,-0.0225
OfOaOtOfTtT,-0.0225
OtOfTtTtOfO,-0.0225
OtOfTtTtOlL,-0.0225
OtOfOfTtTlL,-0.0225
OtOfOtOfTtT,-0.0225
OtOtOfTtTtO,-0.0225
OaOtOfTtTtO,-0.0225
OaOtOfTtTfT,-0.0225
TtTtOfOtOaO,-0.0225
TtTtOtOtOaO,-0.0225
TtTtOaOtOfO,-0.0225
TtOaRtT,-0.0225
TtOtRtT,-0.0225
OtOtTtT,-0.0225
OfTtOaRtT,-0.0225
OfTtOtRtT,-0.0225
OtTtTtOaO,-0.0225
TtTtOaRtT,-0.0225
TtTtOtRtT,-0.0225
OtOtTtTtO,-0.0225
OtOtTtTfT,-0.0225
OtOtOtTtT,-0.0225
OfOtTtTlL,-0.0225
OaOtOtTtT,-0.0225
OfTtTtOaRtT,-0.0225
OfTtTtOtRtT,-0.0225
OtTtTtOtOfT,-0.0225
OtTtTtOfOfT,-0.0225
OtTtTtOaOtO,-0.0225
OtTtTtOaOlL,-0.0225
TtTtOaOtOtT,-0.0225
TtOfTtOaRtT,-0.0225
TtOfTtOtRtT,-0.0225
TtOaRfOtRtT,-0.0225
TtOaRtOtRtT,-0.0225
TtOtRfOtRtT,-0.0225
TtOtRtOtRtT,-0.0225
OtOfTtTtOtT,-0.0225
OtOtTtTtOtT,-0.0225
OtOtTtTtOlL,-0.0225
OtOtTtTtOfO,-0.0225
OtOtOtTtTtO,-0.0225
OtOtOtTtTfT,-0.0225
OtOtOtOtTtT,-0.0225
OtOfOtTtTlL,-0.0225
OtOfOtOtTtT,-0.0225
RfOtOtTtTlL,-0.0225
RfOfOtTtTlL,-0.0225
OfOtTtTtOaO,-0.0225
OfOtOtTtTlL,-0.0225
OfOaOtOtTtT,-0.0225
OaOtOtTtTtO,-0.0225
OaOtOtTtTfT,-0.0225
UtOfTtOaRtT,-0.0225
UtOfTtOtRtT,-0.0225
UfTtU,-0.0217
TtUfTtU,-0.0217
UfTtUfTtU,-0.0217
TtUfTtUfTtU,-0.0217
TtOaOfTtO,-0.0215
TfOfTfOfTlL,-0.0215
OfOfTtTtOtO,-0.0215
TtTtOfOtOtO,-0.0215
OfOtTtTtOtO,-0.0215
RtOtRtOtRtT,-0.0215
UxRfOlL,0.0205
OfOfOtOaR,-0.0205
OfOfOtOtR,-0.0205
OtOaRfOfT,-0.0205
OtOaRtOfT,-0.0205
OtOtRfOfT,-0.0205
OtOtRtOfT,-0.0205
OfOfOtOaRfO,-0.0205
OfOfOtOaRvV,-0.0205
OfOfOtOtRfO,-0.0205
OfOfOtOtRvV,-0.0205
OfOtOtOaOfO,-0.0205
OfOtOaRfOfT,-0.0205
OfOtOaRtOfT,-0.0205
OfOtOtRfOfT,-0.0205
OfOtOtRtOfT,-0.0205
OfOaOtOaOfO,-0.0205
OtOfOfOtOaR,-0.0205
OtOfOfOtOtR,-0.0205
OtOtOaRfOfT,-0.0205
OtOtOaRtOfT,-0.0205
OtOtOtRfOfT,-0.0205
OtOtOtRtOfT,-0.0205
OtOtTfTtOaO,-0.0205
OaOtOaOfOfO,-0.0205
UtOfTtOtOfT,-0.0205
OtTfTtOaOfT,-0.0205
TtOtTfTtOaO,-0.0205
OxUfR,-0.0205
UtTtU,-0.0205
OxUfRfT,-0.0205
OxUtTtU,-0.0205
UtTtUtT,-0.0205
TtUtTtU,-0.0205
OxUtTtUtT,-0.0205
UfTtUtTtU,-0.0205
UtTtUfTfT,-0.0205
UtTtUfTtU,-0.0205
UtTtUtTfT,-0.0205
UtTtUtTtU,-0.0205
TtUtTtUtT,-0.0205
UtOxUfTlL,-0.0205
OxUfTtUtTtU,-0.0205
OxUtTtUfTfT,-0.0205
OxUtTtUfTtU,-0.0205
OxUtTtUtTfT,-0.0205
OxUtTtUtTtU,-0.0205
OxUtOxUfTlL,-0.0205
UfTtUtTtUtT,-0.0205
UtTtUfTtUtT,-0.0205
UtTtUtTtUtT,-0.0205
TtUfTtUtTtU,-0.0205
TtUtTtUfTfT,-0.0205
TtUtTtUfTtU,-0.0205
TtUtTtUtTfT,-0.0205
TtUtTtUtTtU,-0.0205
UaRvVvRtUxR,-0.0205
OtRtU,-0.0205
UaOaRfO,-0.0205
UaOtRfO,-0.0205
UaOfTtOaR,-0.0205
UaOfTtOtR,-0.0205
UaOaRfOlL,-0.0205
UaOaRfOtR,-0.0205
UaOaRtOlL,-0.0205
UaOaRtOtR,-0.0205
UaOtRfOlL,-0.0205
UaOtRfOtR,-0.0205
UaOtRtOlL,-0.0205
UaOtRtOtR,-0.0205
UaOfTtOaRfO,-0.0205
UaOfTtOaRvV,-0.0205
UaOfTtOtRfO,-0.0205
UaOfTtOtRvV,-0.0205
UaOfTtTtOaR,-0.0205
UaOfTtTtOtR,-0.0205
UaOaRfOtRfO,-0.0205
UaOaRfOtRvV,-0.0205
UaOaRtOtRfO,-0.0205
UaOaRtOtRvV,-0.0205
UaOaRvVvRfO,-0.0205
UaOtRfOtRfO,-0.0205
UaOtRfOtRvV,-0.0205
UaOtRtOtRfO,-0.0205
UaOtRtOtRvV,-0.0205
UaOtRvVvRfO,-0.0205
TtTtOaOtOtU,-0.0205
OtOfTtTtOtU,-0.0205
OtOtTtTtOtU,-0.0205
UtOfRvV,0.02
UtOfRvVvR,0.02
UtOfRvVvRfT,0.02
UtOtOtOtT,-0.0194
TfTtOfTfTlL,-0.0194
UtTtOfTlL,-0.0194
RtOtRtT,-0.0194
UxRtOtRtT,-0.0194
RfOtRtOtRtT,-0.0194
RtOtRfOtRtT,-0.0194
OfRvVvRtU,0.0194
UtOtTfT,-0.0184
UxRfTfO,-0.0184
OaOfTfTtO,-0.0184
RfOaOtOaO,-0.0184
UtOtTfTlL,-0.0184
OfOaOtOfOfO,-0.0184
OfOaOtOtOfO,-0.0184
OfTtOtOfTtO,-0.0184
OtOaOfTfTtO,-0.0184
OaOfTfTtOfO,-0.0184
OaOfTfTtOtO,-0.0184
OaOfTfTtOtT,-0.0184
OaOfTfTtOlL,-0.0184
OxRfOaOtOaO,-0.0184
RfOaOfTfTtO,-0.0184
RfOaOtOaOtO,-0.0184
RfOaOtOaOlL,-0.0184
UtOfTtOtTfT,-0.0184
TtOfOfOfTlL,-0.0184
TtOtOfTtOtO,-0.0184
VvRfOaOtOaO,-0.0184
UfTfR,-0.0184
UtTtT,-0.0184
OxUfTfR,-0.0184
UfTfRvV,-0.0184
UtTtTfT,-0.0184
UtRfTfO,-0.0184
OxUfTfRvV,-0.0184
UfTfRvVvR,-0.0184
UtTtUtRfT,-0.0184
OxUfTfRvVvR,-0.0184
OxUtTtUtRfT,-0.0184
UfTfRvVvRfT,-0.0184
UfTfRvVvRtU,-0.0184
TtUtTtUtRfT,-0.0184
UxRfOfTfRtO,-0.0184
UxRtOfTfRtO,-0.0184
UaOfTtT,-0.0184
UaOfTtTfT,-0.0184
UaOfTtOfTtT,-0.0184
RfOtRtT,-0.0184
UtOtTtT,-0.0184
UtOtTtTfT,-0.0184
UxRfOtRtT,-0.0184
OtTtTtOaRlL,-0.0184
OtTtTtOaRaO,-0.0184
OtTtTtOtRlL,-0.0184
OtTtTtOtRaO,-0.0184
TtTtTtOaRtT,-0.0184
TtTtTtOtRtT,-0.0184
TtOtTtTtOtT,-0.0184
RfOtRfOtRtT,-0.0184
UtOfTtOtTtT,-0.0184
UtRaOtRtO,-0.0184
UtRtOtRlL,-0.0184
UtRtOtRaO,-0.0184
UaRaOtRlL,-0.0184
UaRaOtRaO,-0.0184
UtRaOtRtOtR,-0.0184
UtRtOtRaOlL,-0.0184
UtRtOtRaOtR,-0.0184
UtRtOtRtTlL,-0.0184
UaRaOtRaOlL,-0.0184
UaRaOtRaOtR,-0.0184
RfTtUfTlL,0.0177
VvRfTtUfTlL,0.0177
RfUfTlL,0.0177
VvRfUfTlL,0.0177
RfUfTtUfTlL,0.0177
RvVvRfUfTlL,0.0177
OxRvVvRlL,-0.0174
OtTtOtU,-0.0174
OfOtTtOtU,-0.0174
UtOfRfTlL,-0.0174
TtOtTtOtU,-0.0174
OfOtOtTtOtU,-0.0174
OfTtOtTtOtU,-0.0174
OtOfOtTtOtU,-0.0174
RfOfOtTtOtU,-0.0174
RfOtOtTtOtU,-0.0174
OtTtOfOtOtU,-0.0174
OtTtOfTtOtU,-0.0174
OtTtOtOtOtU,-0.0174
OtTtOtTtOtU,-0.0174
TtOaOfOtOfO,-0.0174
OxUaR,-0.0174
OxUaRfT,-0.0174
OxUaRvV,-0.0174
OxUaRvVvR,-0.0174
OxUaRvVvRfT,-0.0174
OtTtTtOtT,-0.0174
OtTtTtTtOtO,-0.0174
OfTfOfTlL,-0.0169
OtUxRlL,-0.0164
OtUxRfTlL,-0.0164
OfRtO,-0.0164
OfOtOfR,-0.0164
TtOaOaO,-0.0164
OfOtOfRtO,-0.0164
OfOfOfOtOtU,-0.0164
OfOtOfOtOfR,-0.0164
OfOtOfOtOtR,-0.0164
OfOtOtOtOfR,-0.0164
OfTtOtOaOfT,-0.0164
TfTtOtTfTlL,-0.0164
TtOtOtOtOaO,-0.0164
TtOaOaOtOtO,-0.0164
TtUfR,-0.0164
UfTtTlL,-0.0164
UfTtUfR,-0.0164
UtTtUfR,-0.0164
TtUfRfT,-0.0164
RtUfRlL,-0.0164
OxUfTtTlL,-0.0164
OxUfTtUfR,-0.0164
OxUtTtTlL,-0.0164
OxUtTtUfR,-0.0164
UfRtUfRlL,-0.0164
UfTtUfRfT,-0.0164
UtTtTtTlL,-0.0164
UtTtUfRfT,-0.0164
TtTfTfRfT,-0.0164
TtTfTfRtO,-0.0164
TtTtUfTfT,-0.0164
TtTtUtTlL,-0.0164
TtTtUtRfT,-0.0164
TtTtUtRtO,-0.0164
TtUfTtTlL,-0.0164
TtUfTtUfR,-0.0164
TtUtTtTlL,-0.0164
TtUtTtUfR,-0.0164
RtUfRfTlL,-0.0164
VvRtUfRlL,-0.0164
OxUfRtUfRlL,-0.0164
OxUfTtUfRfT,-0.0164
OxUtTtUfRfT,-0.0164
UfRtUfRfTlL,-0.0164
UfTtTfTfRfT,-0.0164
UfTtTfTfRtO,-0.0164
UfTtTtUfTfT,-0.0164
UfTtTtUtTlL,-0.0164
UfTtTtUtRfT,-0.0164
UfTtTtUtRtO,-0.0164
UfTtUfTtTlL,-0.0164
UfTtUfTtUfR,-0.0164
UfTtUtTtTlL,-0.0164
UfTtUtTtUfR,-0.0164
UtTtTfTfRfT,-0.0164
UtTtTfTfRtO,-0.0164
UtTtTtUfTfT,-0.0164
UtTtTtUtTlL,-0.0164
UtTtTtUtRfT,-0.0164
UtTtTtUtRtO,-0.0164
UtTtUfTtUfR,-0.0164
UtTtUtTtUfR,-0.0164
TtTfTfRfTfR,-0.0164
TtTtUfTfRfT,-0.0164
TtTtUfTfRtO,-0.0164
TtTtUfTtTlL,-0.0164
TtTtUtTtTlL,-0.0164
TtTtUtRfTfR,-0.0164
TtUfTtUfRfT,-0.0164
TtUtTtUfRfT,-0.0164
RtUfRtUfRlL,-0.0164
RvVvRtUfRlL,-0.0164
VvRtUfRfTlL,-0.0164
UaO,-0.0164
UaOlL,-0.0164
UtTtTtTtOaR,-0.0164
UtTtTtTtOtR,-0.0164
UaOfTtTtTlL,-0.0164
OfOfOtOaRtT,-0.0164
OfOfOtOtRtT,-0.0164
UaRfTfOfTfO,-0.0164
UaRfTfOfTlL,-0.0164
UtOfR,0.0159
UtOfRfT,0.0159
RfTfO,0.0156
OfOtOfRvV,-0.0154
OfRvVvRfO,-0.0154
OaOtTfTtO,-0.0154
TtOaOfOfT,-0.0154
OfOtOfRvVvR,-0.0154
OtOaOtTfTtO,-0.0154
OfRvVvRfOfO,-0.0154
OfRvVvRfOtO,-0.0154
OaOfOfOfOtO,-0.0154
OaOfOfOfOlL,-0.0154
OaOtTfTtOfO,-0.0154
OaOtTfTtOtO,-0.0154
OaOtTfTtOtT,-0.0154
OaOtTfTtOlL,-0.0154
RfOaOtTfTtO,-0.0154
UtOfOfOtOfT,-0.0154
TtOaOfTtOlL,-0.0154
OxUtRvVvRtU,-0.0154
TtUaR,-0.0154
UfTtUaR,-0.0154
UtTtUaR,-0.0154
TtUaRfT,-0.0154
TtUaRvV,-0.0154
OxUfTtUaR,-0.0154
OxUtTtUaR,-0.0154
UfTtUaRfT,-0.0154
UfTtUaRvV,-0.0154
UtTtUaRfT,-0.0154
UtTtUaRvV,-0.0154
TtUfTtUaR,-0.0154
TtUtTtUaR,-0.0154
TtUaRvVvR,-0.0154
OxUfTtUaRfT,-0.0154
OxUfTtUaRvV,-0.0154
OxUtTtUaRfT,-0.0154
OxUtTtUaRvV,-0.0154
UfTtUfTtUaR,-0.0154
UfTtUtTtUaR,-0.0154
UfTtUaRvVvR,-0.0154
UtTtUfTtUaR,-0.0154
UtTtUtTtUaR,-0.0154
UtTtUaRvVvR,-0.0154
TtUfTtUaRfT,-0.0154
TtUfTtUaRvV,-0.0154
TtUtTtUaRfT,-0.0154
TtUtTtUaRvV,-0.0154
TtUaRvVvRfT,-0.0154
OtTtTtT,-0.0154
OtTtTtTtO,-0.0154
OtTtTtTfT,-0.0154
TtOtTtTtT,-0.0154
TtOtTtTtO,-0.0154
UtOtTtTtT,-0.0154
OfTtOtTtTtT,-0.0154
OfTtOtTtTtO,-0.0154
OtTtTtTtOlL,-0.0154
OtTtTtOfTtO,-0.0154
TtTtTtOtTtT,-0.0154
TtTtTtOtTfT,-0.0154
TtTtOtTtTtT,-0.0154
TtOtTtTtTtO,-0.0154
TtOtTtTtTfT,-0.0154
TtOtTtTtOlL,-0.0154
UtOtTtTtTtO,-0.0154
UtOtTtTtTfT,-0.0154
UtOtTtTtOfT,-0.0154
UtRaO,-0.0154
UtRaOlL,-0.0154
UtRaOtR,-0.0154
UtRfOtRlL,-0.0154
UtRfOtRaO,-0.0154
UtRaOtRfO,-0.0154
UtRaOtRtT,-0.0154
UtRfOtRaOlL,-0.0154
UtRfOtRaOtR,-0.0154
UtRaOtRfOlL,-0.0154
UtRaOtRfOtR,-0.0154
UtRaOtRtOlL,-0.0154
UtOfRvVvRtU,0.0153
OtUxRfT,-0.0143
UtOaOtOtT,-0.0143
UxRfTfOfT,-0.0143
TtOtOaOtOfO,-0.0143
UfRtUfT,-0.0143
UtTtUtR,-0.0143
OxUfRtUfT,-0.0143
OxUtTtUtR,-0.0143
UtTtUtRvV,-0.0143
TtUtTtUtR,-0.0143
UtRfTfOfT,-0.0143
RtUfRtUfT,-0.0143
OxUtTtUtRvV,-0.0143
UfRtUfRtUfT,-0.0143
UfTtUtTtUtR,-0.0143
UtTtUfTtUtR,-0.0143
UtTtUtTtUtR,-0.0143
UtTtUtRvVvR,-0.0143
TtUtTtUtRvV,-0.0143
VvRtUfRtUfT,-0.0143
OtTtTtO,-0.0143
OtTtTtOlL,-0.0143
OtTtTtOfTtT,-0.0143
OtTtTtOtTtT,-0.0143
OtTtTtOtTfT,-0.0143
TtTtOtTtTtO,-0.0143
UaRfOtRfT,-0.0143
UaRtOtRfT,-0.0143
RfTtO,0.0141
RfTtOtU,0.0141
VvRfTtO,0.0141
RvVvRfTtO,0.0141
VvRfTtOtU,0.0141
RvVvRfTtOtU,0.0141
TtR,0.0141
RfTtR,0.0141
TtRlL,0.0141
TtRfT,0.0141
TtRtU,0.0141
RfTtRlL,0.0141
RfTtRfT,0.0141
RfTtRtU,0.0141
OxRfTtR,0.0141
TtRfTtR,0.0141
TtRfTlL,0.0141
VvRfTtR,0.0141
RfTtRfTtR,0.0141
RfTtRfTlL,0.0141
OxRfTtRlL,0.0141
OxRfTtRfT,0.0141
OxRfTtRtU,0.0141
TtRfTtRlL,0.0141
TtRfTtRfT,0.0141
TtRfTtRtU,0.0141
RvVvRfTtR,0.0141
VvRfTtRlL,0.0141
VvRfTtRfT,0.0141
VvRfTtRtU,0.0141
RfTtRfTtRlL,0.0141
RfTtRfTtRfT,0.0141
RfTtRfTtRtU,0.0141
OxRfTtRfTtR,0.0141
OxRfTtRfTlL,0.0141
TtRfTtRfTtR,0.0141
TtRfTtRfTlL,0.0141
RvVvRfTtRlL,0.0141
RvVvRfTtRfT,0.0141
RvVvRfTtRtU,0.0141
VvRfTtRfTtR,0.0141
VvRfTtRfTlL,0.0141
OfRfT,-0.0138
TfOfT,0.0138
RfTfOfT,0.0138
TtOtU,-0.0136
TtOaOfO,-0.0133
RfOfOtOfOfT,-0.0133
RfOtOtOfOfT,-0.0133
OtUtRvVvRtU,-0.0133
TtTtOtOtO,-0.0133
TtTtOtOlL,-0.0133
OfTtTtOtOtO,-0.0133
OfTtTtOtOlL,-0.0133
TtTtOtOtOlL,-0.0133
OfRfO,-0.0123
OtOfRfO,-0.0123
TfTtOaO,-0.0123
TtOtOaO,-0.0123
TtOtOaR,-0.0123
OfOaOfTtO,-0.0123
OfTfTtOaO,-0.0123
OfTtOtOaR,-0.0123
OtOfTfTtO,-0.0123
TfTtOfOfT,-0.0123
TfTtOfTtO,-0.0123
TfTtOtOfT,-0.0123
TfTtOaOtO,-0.0123
TfTtOaOlL,-0.0123
TfTtOtTlL,-0.0123
TtOfTfTtO,-0.0123
TtOtOfOfT,-0.0123
TtOtOaRtO,-0.0123
TtOaOaRfT,-0.0123
TtOaOaRlL,-0.0123
OfOfTfTtOaO,-0.0123
OfOaOfTtOlL,-0.0123
OfTfTtOfOfT,-0.0123
OfTfTtOfTtO,-0.0123
OfTfTtOtOfT,-0.0123
OfTfTtOaOtO,-0.0123
OfTfTtOaOlL,-0.0123
OfTfTtOtTlL,-0.0123
OfTtOfTfTtO,-0.0123
OfTtOtOaRtO,-0.0123
OfTtOaOaRfT,-0.0123
OfTtOaOaRlL,-0.0123
OtOfOaOfTtO,-0.0123
OtOfTfTtOfO,-0.0123
OtOfTfTtOtO,-0.0123
OtOfTfTtOtT,-0.0123
OtOfTfTtOlL,-0.0123
OtOtOfTfTtO,-0.0123
OtOaRfOtRtO,-0.0123
OtOaRtOtRtO,-0.0123
OtOtRfOtRtO,-0.0123
OtOtRtOtRtO,-0.0123
OaOtOfTfTtO,-0.0123
RfOfOtOaOfT,-0.0123
RfOfOaOfTtO,-0.0123
RfOfTtOaOfT,-0.0123
RfOtOtOaOfT,-0.0123
RfOtOaOfTtO,-0.0123
TfTtOfOtOaO,-0.0123
TfTtOfTtOfO,-0.0123
TfTtOfTtOtO,-0.0123
TfTtOfTtOtT,-0.0123
TfTtOfTtOlL,-0.0123
TfTtOtOtOaO,-0.0123
TfTtOaOtOfO,-0.0123
TfTtOaOtOtO,-0.0123
TfTtOaOtOtT,-0.0123
TfTtOaOtOlL,-0.0123
UtOfTtOtOaR,-0.0123
UtOtOtOaRtO,-0.0123
UtOtOtOtRtO,-0.0123
TtOfTfTtOfO,-0.0123
TtOfTfTtOtO,-0.0123
TtOfTfTtOtT,-0.0123
TtOfTfTtOlL,-0.0123
TtOfTtOtOaR,-0.0123
TtOtOfOtOaO,-0.0123
TtOtOfOtOaR,-0.0123
TtOtOtOtOfO,-0.0123
TtOtOtOtOaR,-0.0123
TtOtOaOtOtO,-0.0123
TtOaOfOtOtO,-0.0123
TtOaOaOtOaR,-0.0123
TfTfR,-0.0123
OxUfRvV,-0.0123
OxUtRfO,-0.0123
UfTfTfR,-0.0123
UfTfRfO,-0.0123
TfTfRfO,-0.0123
TfTfRvV,-0.0123
TtUfTfR,-0.0123
TtUtRfO,-0.0123
OfUfTlL,-0.0123
RtUtTlL,-0.0123
OtUfTlL,-0.0123
OxUfRvVvR,-0.0123
OxUfTfTfR,-0.0123
OxUfTfRfO,-0.0123
OxUtRfOfT,-0.0123
OxUtRfOtO,-0.0123
OxUtRtOfT,-0.0123
OxUtRtOtO,-0.0123
UfRtUtTlL,-0.0123
UfTfTfRfO,-0.0123
UfTfTfRvV,-0.0123
UfTfRfOfT,-0.0123
UfTfRfOtO,-0.0123
UfTfRtOfT,-0.0123
UfTfRtOtO,-0.0123
UfTtUfTfR,-0.0123
UfTtUtRfO,-0.0123
TfTfRfOfT,-0.0123
TfTfRfOtO,-0.0123
TfTfRtOfT,-0.0123
TfTfRtOtO,-0.0123
TfTfRvVvR,-0.0123
UtTfTfRlL,-0.0123
TtUfRtUfT,-0.0123
TtUfTfTfR,-0.0123
TtUfTfRfO,-0.0123
TtUfTfRvV,-0.0123
TtUtRfOfT,-0.0123
TtUtRfOtO,-0.0123
TtUtRtOfT,-0.0123
TtUtRtOtO,-0.0123
UfOfUfTlL,-0.0123
UfOtUfTlL,-0.0123
RtUtTtUfT,-0.0123
UtOfUfTlL,-0.0123
UtOtUfTlL,-0.0123
VvRtUtTlL,-0.0123
OxUfRtUtTlL,-0.0123
OxUfRvVvRfT,-0.0123
OxUfTfTfRfO,-0.0123
OxUfTfTfRvV,-0.0123
OxUfTfRfOfT,-0.0123
OxUfTfRfOtO,-0.0123
OxUfTfRtOfT,-0.0123
OxUfTfRtOtO,-0.0123
OxUfTtUfTfR,-0.0123
OxUfTtUtRfO,-0.0123
OxUtTfTfRlL,-0.0123
OxUtRfOfTfR,-0.0123
OxUtRtOfTfR,-0.0123
OxUfOfUfTlL,-0.0123
OxUfOtUfTlL,-0.0123
OxUtOfUfTlL,-0.0123
OxUtOtUfTlL,-0.0123
UfRtUfTtUfT,-0.0123
UfRtUtTtUfT,-0.0123
UfTfTfRfOfT,-0.0123
UfTfTfRfOtO,-0.0123
UfTfTfRtOfT,-0.0123
UfTfTfRtOtO,-0.0123
UfTfTfRvVvR,-0.0123
UfTfRfOfTfR,-0.0123
UfTfRtOfTfR,-0.0123
UfTtUfRtUfT,-0.0123
UfTtUfTfTfR,-0.0123
UfTtUfTfRfO,-0.0123
UfTtUfTfRvV,-0.0123
UfTtUtRfOfT,-0.0123
UfTtUtRfOtO,-0.0123
UfTtUtRtOfT,-0.0123
UfTtUtRtOtO,-0.0123
TfTfRfOfTfR,-0.0123
TfTfRtOfTfR,-0.0123
TfTfRvVvRfT,-0.0123
TfTfRvVvRtU,-0.0123
UtTtUfRtUfT,-0.0123
UtTtUfTfRlL,-0.0123
TtUfRtUfRlL,-0.0123
TtUfRtUtTlL,-0.0123
TtUfTfTfRfO,-0.0123
TtUfTfTfRvV,-0.0123
TtUfTfRfOfT,-0.0123
TtUfTfRfOtO,-0.0123
TtUfTfRtOfT,-0.0123
TtUfTfRtOtO,-0.0123
TtUfTfRvVvR,-0.0123
TtUfTtUfTfR,-0.0123
TtUfTtUtRfO,-0.0123
TtUtTfTfRlL,-0.0123
TtUtRfOfTfR,-0.0123
TtUtRtOfTfR,-0.0123
TtUtRvVvRtU,-0.0123
UtRvVvRfOfT,-0.0123
OfUfOfUfTlL,-0.0123
OfUfOtUfTlL,-0.0123
OfUtOfUfTlL,-0.0123
OfUtOtUfTlL,-0.0123
RtUfRtUtTlL,-0.0123
RtUfTtUfRlL,-0.0123
RtUfTtUtTlL,-0.0123
RtUtTtUfRlL,-0.0123
RtUtTtUtTlL,-0.0123
OtUfOfUfTlL,-0.0123
OtUfOtUfTlL,-0.0123
OtUtOfUfTlL,-0.0123
OtUtOtUfTlL,-0.0123
RvVvRtUtTlL,-0.0123
VvRtUtTtUfT,-0.0123
OfOfTtOfTtT,-0.0123
TtOfTtTtOfO,-0.0123
TtOfOtOfTtT,-0.0123
TtOtOtOfTtT,-0.0123
UtTtOtOaRfT,-0.0123
UtTtOtOaRlL,-0.0123
UtTtTtOaRaO,-0.0123
UtTtTtOaRlL,-0.0123
UtTtTtOtRaO,-0.0123
UtTtTtOtRlL,-0.0123
TtTtOfTtOfO,-0.0123
TtTtOtOaRfT,-0.0123
TtTtOtOaRlL,-0.0123
TtOtTtTtOfO,-0.0123
TtOtOtOtTtT,-0.0123
TtOfOtOtTtT,-0.0123
OfOfTtOtTtT,-0.0123
OxUlL,-0.0123
OfRfUfTlL,-0.0123
OfRtUfTlL,-0.0123
OtOfRfUfTlL,-0.0123
OtOfRtUfTlL,-0.0123
OfRfTtUfTlL,-0.0123
UaRaOfT,-0.0123
UtRaOtRvV,-0.0123
UtRvVvRfOaO,-0.0123
UtRaOtRvVvR,-0.0123
UtRtOtRfOfT,-0.0123
UtRtOtRtOfT,-0.0123
UaRfOtRaOfT,-0.0123
UaRaOtRfOfT,-0.0123
UaRaOtRtOfT,-0.0123
UaRtOtRaOfT,-0.0123
UaOfRlL,-0.0123
OaRvVvRtU,-0.0123
UaOaRvVvRtU,-0.0123
UtOfRvVvRlL,0.0118
UxRfOtO,-0.0113
UxRtOtO,-0.0113
RfOfOtOfO,-0.0113
RfOtOtOfO,-0.0113
TfOfTfOfT,0.0113
UxRfTfOfO,-0.0113
RfTfOfTfOfT,0.0113
OxRfOfOtOfO,-0.0113
OxRfOtOtOfO,-0.0113
VvRfOfOtOfO,-0.0113
VvRfOtOtOfO,-0.0113
RfOtOfTtT,-0.0113
RfOtOfTtTfT,-0.0113
VvRfOtOfTtT,-0.0113
UaRvVvRfO,-0.0113
OfOfTtT,-0.0113
TtTtOfO,-0.0113
RfOfOfTtT,-0.0113
OfTtTtOfO,-0.0113
OfOfTtTtO,-0.0113
OfOfTtTfT,-0.0113
OfOtOfTtT,-0.0113
OtOfOfTtT,-0.0113
TtTtOfOtO,-0.0113
TtTtOfOlL,-0.0113
OxRfOfOfTtT,-0.0113
OxRfOtOfTtT,-0.0113
RfOfOfTtTtO,-0.0113
RfOfOfTtTfT,-0.0113
RfOtOfTtTtO,-0.0113
OfTtTtOfOtO,-0.0113
OfTtTtOfOlL,-0.0113
OfOfTtTtOfO,-0.0113
OfOfTtTtOlL,-0.0113
OfOfOtOfTtT,-0.0113
OfOtOfTtTtO,-0.0113
OfOtOfTtTfT,-0.0113
OfOtOtOfTtT,-0.0113
OtOfOfTtTtO,-0.0113
OtOfOfTtTfT,-0.0113
TtTtOfOtOfO,-0.0113
TtTtOfOtOlL,-0.0113
TtTtOtOtOfO,-0.0113
VvRfOfOfTtT,-0.0113
OfOtTtT,-0.0113
OtTtTtOfO,-0.0113
OtOfOtTtT,-0.0113
RfOtOtTtT,-0.0113
RfOfOtTtT,-0.0113
OfOtTtTtO,-0.0113
OfOtTtTfT,-0.0113
OfOtOtTtT,-0.0113
OtTtTtOtOtO,-0.0113
OtTtTtOtOlL,-0.0113
OtTtTtOfOtO,-0.0113
OtTtTtOfOlL,-0.0113
TtTtOtOtOtT,-0.0113
TtTtOfOtOtT,-0.0113
OtOfOtTtTtO,-0.0113
OtOfOtTtTfT,-0.0113
OxRfOtOtTtT,-0.0113
OxRfOfOtTtT,-0.0113
RfOtOtTtTtO,-0.0113
RfOtOtTtTfT,-0.0113
RfOfOtTtTtO,-0.0113
RfOfOtTtTfT,-0.0113
OfOfTtTtOtT,-0.0113
OfOtTtTtOtT,-0.0113
OfOtTtTtOlL,-0.0113
OfOtTtTtOfO,-0.0113
OfOtOtTtTtO,-0.0113
OfOtOtTtTfT,-0.0113
OfOtOtOtTtT,-0.0113
OfOfOtOtTtT,-0.0113
VvRfOtOtTtT,-0.0113
VvRfOfOtTtT,-0.0113
UtRfTfOfO,-0.0113
UtRfOtRtTlL,-0.0113
RtUfTlL,-0.011
VvRtUfTlL,-0.011
RvVvRtUfTlL,-0.011
OfRvVvRlL,-0.0107
OfOaOfO,-0.0102
OtOaRfO,-0.0102
OtOtRfO,-0.0102
OfOtOaRfO,-0.0102
OfOtOtRfO,-0.0102
OfOaOfOfO,-0.0102
OfOaOfOfT,-0.0102
OfOaOfOtO,-0.0102
OfOaOfOlL,-0.0102
OtOtOaRfO,-0.0102
OtOtOtRfO,-0.0102
OtOtTfTtO,-0.0102
OtOaRfOlL,-0.0102
OtOaRfOtR,-0.0102
OtOaRtOlL,-0.0102
OtOaRtOtR,-0.0102
OtOtRfOlL,-0.0102
OtOtRfOtR,-0.0102
OtOtRtOlL,-0.0102
OtOtRtOtR,-0.0102
RfOfOaOfO,-0.0102
RfOtOaOfO,-0.0102
UtOtOtOaR,-0.0102
UtOtOtOtR,-0.0102
OtTfTtOaO,-0.0102
TtOtOfTtO,-0.0102
TtOtOaOtO,-0.0102
TtOtOaOlL,-0.0102
TtOaOaOtO,-0.0102
TtOaOaOlL,-0.0102
TtOtTfTtO,-0.0102
OfOfOfOtOaR,-0.0102
OfOfOfOtOtR,-0.0102
OfOtOaRfOlL,-0.0102
OfOtOaRfOtR,-0.0102
OfOtOaRtOlL,-0.0102
OfOtOaRtOtR,-0.0102
OfOtOtRfOlL,-0.0102
OfOtOtRfOtR,-0.0102
OfOtOtRtOlL,-0.0102
OfOtOtRtOtR,-0.0102
OfOaOfOfOfO,-0.0102
OfOaOfOfOfT,-0.0102
OfOaOfOtOlL,-0.0102
OfOtTfTtOaO,-0.0102
OfTtOtOfOfT,-0.0102
OfTtOtTfTtO,-0.0102
OtOtOtOaRfO,-0.0102
OtOtOtOtRfO,-0.0102
OtOtOtTfTtO,-0.0102
OtOtOaRfOlL,-0.0102
OtOtOaRfOtR,-0.0102
OtOtOaRtOlL,-0.0102
OtOtOaRtOtR,-0.0102
OtOtOtRfOlL,-0.0102
OtOtOtRfOtR,-0.0102
OtOtOtRtOlL,-0.0102
OtOtOtRtOtR,-0.0102
OtOtTfTtOfO,-0.0102
OtOtTfTtOtO,-0.0102
OtOtTfTtOtT,-0.0102
OtOtTfTtOlL,-0.0102
OtOaRfOtRfO,-0.0102
OtOaRfOtRvV,-0.0102
OtOaRtOtRfO,-0.0102
OtOaRtOtRvV,-0.0102
OtOtRfOtRfO,-0.0102
OtOtRfOtRvV,-0.0102
OtOtRtOtRfO,-0.0102
OtOtRtOtRvV,-0.0102
OaOfOtOaRfO,-0.0102
OaOfOtOtRfO,-0.0102
OaOtOtTfTtO,-0.0102
OxRfOfOaOfO,-0.0102
OxRfOtOaOfO,-0.0102
RfOfOaOfOfO,-0.0102
RfOfOaOfOfT,-0.0102
RfOfOaOfOtO,-0.0102
RfOfOaOfOlL,-0.0102
RfOtOaOfOfO,-0.0102
RfOtOaOfOfT,-0.0102
RfOtOaOfOtO,-0.0102
RfOtOaOfOlL,-0.0102
TfTtOtTtOaO,-0.0102
UtOfOfOtOtO,-0.0102
UtOfOfOtOaR,-0.0102
UtOfOfOtOtR,-0.0102
UtOfTtOaOfT,-0.0102
UtOtOtOaRfO,-0.0102
UtOtOtOaRvV,-0.0102
UtOtOtOtRfO,-0.0102
UtOtOtOtRvV,-0.0102
OtTfTtOfOfT,-0.0102
OtTfTtOfTtO,-0.0102
OtTfTtOtOfT,-0.0102
OtTfTtOaOtO,-0.0102
OtTfTtOaOlL,-0.0102
OtTfTtOtTlL,-0.0102
TtOtOaOtOlL,-0.0102
TtOaOaOtOlL,-0.0102
TtOtTfTtOfO,-0.0102
TtOtTfTtOtO,-0.0102
TtOtTfTtOtT,-0.0102
TtOtTfTtOlL,-0.0102
VvRfOfOaOfO,-0.0102
VvRfOtOaOfO,-0.0102
TtUfRvV,-0.0102
UfTtUfRvV,-0.0102
UtTtUfRvV,-0.0102
TtUfRvVvR,-0.0102
OfUfRfTlL,-0.0102
OxUfTtUfRvV,-0.0102
OxUtTtUfRvV,-0.0102
UfTtUfRvVvR,-0.0102
UtTtUfRvVvR,-0.0102
TtUfRvVvRfT,-0.0102
TtUfTtUfRvV,-0.0102
TtUtTtUfRvV,-0.0102
UfOfUfRfTlL,-0.0102
UfOtUfRfTlL,-0.0102
UtOxUtRfTlL,-0.0102
UtOfUfRfTlL,-0.0102
UtOtUfRfTlL,-0.0102
UaOtO,-0.0102
UaOfTtO,-0.0102
UtTtOtOfT,-0.0102
UtTtTtOfT,-0.0102
UaOfTtOtO,-0.0102
UaOfTtOlL,-0.0102
UaOfTtTtO,-0.0102
UaOfTtOfTtO,-0.0102
UaOfTtTtOtO,-0.0102
UaOfTtTtOlL,-0.0102
TtTtTtOtOfT,-0.0102
TtTtOtU,-0.0102
OfTtTtOtU,-0.0102
OtTtTtOtU,-0.0102
TtTtOtOtOtU,-0.0102
TtTtOfTtOtU,-0.0102
TtTtOfOtOtU,-0.0102
TtOfTtTtOtU,-0.0102
TtOtTtTtOtU,-0.0102
OfOfTtTtOtU,-0.0102
OfOtTtTtOtU,-0.0102
UtRfOtRfOfT,-0.0102
UtRfOtRtOfT,-0.0102
RvV,-0.01
RvVvR,-0.01
OxRfTtUfT,0.01
OxRfTtUfTtU,0.01
OxRtUfT,0.01
OxRtUfTtU,0.01
OxRtUfTtUfT,0.01
OxRfUfT,0.01
OxRfUfTtU,0.01
UxTfRvVvRfU,0.01
OxRfUfTtUfT,0.01
OxRfTtO,0.0094
OxRfTtOtU,0.0094
UxRvVvRfTtO,0.0094
UtRvVvRfTtO,0.0094
OxRvV,-0.0092
OxRvVvR,-0.0092
RfOfOfOfO,-0.0092
RfOtOfOfO,-0.0092
OxRfOfOfOfO,-0.0092
OxRfOtOfOfO,-0.0092
RfOfOfOfOfO,-0.0092
RfOfOfOfOfT,-0.0092
RfOfOfOfOtO,-0.0092
RfOfOfOfOlL,-0.0092
RfOfOtOfOfO,-0.0092
RfOfOtOfTtO,-0.0092
RfOtOfOfOfO,-0.0092
RfOtOfOfOfT,-0.0092
RfOtOfOfOtO,-0.0092
RfOtOfOfOlL,-0.0092
RfOtOtOfOfO,-0.0092
RfOtOtOfTtO,-0.0092
VvRfOfOfOfO,-0.0092
VvRfOtOfOfO,-0.0092
UxRfOfTfR,-0.0092
UxRtOfTfR,-0.0092
UxRfOfTfRfO,-0.0092
UxRfOfTfRvV,-0.0092
UxRtOfTfRfO,-0.0092
UxRtOfTfRvV,-0.0092
UfRvVvRfU,-0.0092
OtUfRvVvRfU,-0.0092
OtUtRvVvRfU,-0.0092
UaRfTfO,-0.0092
OxRfTtU,0.009
OfRvV,0.0087
OfRvVvR,0.0087
OfRvVvRfT,0.0087
OtUxR,-0.0082
TtOtOfO,-0.0082
OtUxRfO,-0.0082
OfTtOtOaO,-0.0082
OtOfOaOfO,-0.0082
TtOtOfRfT,-0.0082
TtOtOfRlL,-0.0082
TtOtOtRfT,-0.0082
TtOtOtRlL,-0.0082
OtUtOfTlL,-0.0082
OfOaOfOtOtU,-0.0082
OfTtOtOfRfT,-0.0082
OfTtOtOfRlL,-0.0082
OfTtOtOaOtO,-0.0082
OfTtOtOaOlL,-0.0082
OfTtOtOtRfT,-0.0082
OfTtOtOtRlL,-0.0082
OfTtOaOfOfT,-0.0082
OfTtOaOaOfT,-0.0082
OtOfOfOfOtO,-0.0082
OtOfOfOfOlL,-0.0082
OtOfOaOfOfO,-0.0082
OtOfOaOfOfT,-0.0082
OtOfOaOfOtO,-0.0082
OtOfOaOfOlL,-0.0082
OtOfTtOaOfO,-0.0082
OxRvVvRfOlL,-0.0082
UtOfTtOtOaO,-0.0082
UtOtUtOfTlL,-0.0082
OtRvVvRfOlL,-0.0082
TtOfOfOtOfT,-0.0082
TtOfOfOtOaO,-0.0082
TtOfOtOtOaO,-0.0082
TtOfOaOtOfT,-0.0082
TtOfOaOtOaO,-0.0082
TtOfTtOtOaO,-0.0082
TtOtOfTtOlL,-0.0082
TtOtOaOtOfR,-0.0082
TtOtOaOtOtR,-0.0082
UfRtU,-0.0082
UfTtT,-0.0082
UfTfO,-0.0082
TtTtU,-0.0082
RtUfR,-0.0082
OxUfRtU,-0.0082
OxUfTtT,-0.0082
OxUfTfO,-0.0082
OxUtTtT,-0.0082
UfRfTfO,-0.0082
UfRtUfR,-0.0082
UfTtTfT,-0.0082
UfTtTtU,-0.0082
UtTtTtT,-0.0082
UtTtTtU,-0.0082
TtTfTfR,-0.0082
TtTtUtT,-0.0082
TtTtUtR,-0.0082
TtUfTtT,-0.0082
TtUtTtT,-0.0082
UfOfTlL,-0.0082
OfUfRfO,-0.0082
OfUfRlL,-0.0082
RtUfRfT,-0.0082
RtUfRtU,-0.0082
OtUfRfO,-0.0082
VvRtUfR,-0.0082
OxUfRfTfO,-0.0082
OxUfRtUfR,-0.0082
OxUfTtTfT,-0.0082
OxUfTtTtU,-0.0082
OxUtTtTfT,-0.0082
OxUtTtTtU,-0.0082
OxUfOfTlL,-0.0082
OxUtOfTlL,-0.0082
UfRtUfRfT,-0.0082
UfRtUfRtU,-0.0082
UfTtTfTfR,-0.0082
UfTtTtUtT,-0.0082
UfTtTtUtR,-0.0082
UfTtUfTtT,-0.0082
UfTtUtTtT,-0.0082
UtTfTfRfT,-0.0082
UtTfTfRtO,-0.0082
UtTtTfTfR,-0.0082
UtTtTtTfT,-0.0082
UtTtTtUtT,-0.0082
UtTtTtUtR,-0.0082
UtTtUtRtO,-0.0082
TtTfTfRfO,-0.0082
TtTfTfRvV,-0.0082
TtTtUfTfR,-0.0082
TtTtUfTtT,-0.0082
TtTtUfTtU,-0.0082
TtTtUtTfT,-0.0082
TtTtUtTtT,-0.0082
TtTtUtRfO,-0.0082
TtTtUtRvV,-0.0082
TtUfTtTfT,-0.0082
TtUfTtTtU,-0.0082
TtUtTtTfT,-0.0082
TtUtTtTtU,-0.0082
UfOfUfRfO,-0.0082
UfOfUfRlL,-0.0082
UfOtUfRfO,-0.0082
UfOtUfRlL,-0.0082
OfUfOfTlL,-0.0082
OfUtOfTlL,-0.0082
RtUfRtUfR,-0.0082
OtUfOfTlL,-0.0082
UtOfUfRfO,-0.0082
UtOfUfRlL,-0.0082
UtOtUfRfO,-0.0082
UtOtUfRlL,-0.0082
RvVvRtUfR,-0.0082
VvRtUfRfT,-0.0082
VvRtUfRtU,-0.0082
OxUfRtUfRfT,-0.0082
OxUfRtUfRtU,-0.0082
OxUfTtTfTfR,-0.0082
OxUfTtTtUtT,-0.0082
OxUfTtTtUtR,-0.0082
OxUfTtUfTtT,-0.0082
OxUfTtUtTtT,-0.0082
OxUtTfTfRfT,-0.0082
OxUtTfTfRtO,-0.0082
OxUtTtTfTfR,-0.0082
OxUtTtTtUtT,-0.0082
OxUtTtTtUtR,-0.0082
OxUtTtUtRtO,-0.0082
OxUfOfUfRfO,-0.0082
OxUfOfUfRlL,-0.0082
OxUfOtUfRfO,-0.0082
OxUfOtUfRlL,-0.0082
OxUtOfUfRfO,-0.0082
OxUtOfUfRlL,-0.0082
OxUtOtUfRfO,-0.0082
OxUtOtUfRlL,-0.0082
UfRtUfRtUfR,-0.0082
UfTtTfTfRfO,-0.0082
UfTtTfTfRvV,-0.0082
UfTtTtUfTfR,-0.0082
UfTtTtUfTtT,-0.0082
UfTtTtUfTtU,-0.0082
UfTtTtUtTfT,-0.0082
UfTtTtUtTtT,-0.0082
UfTtTtUtRfO,-0.0082
UfTtTtUtRvV,-0.0082
UfTtUfTtTfT,-0.0082
UfTtUfTtTtU,-0.0082
UfTtUtTtTfT,-0.0082
UfTtUtTtTtU,-0.0082
TfRvVvRtUfR,-0.0082
UtTfTfRfTfR,-0.0082
UtTtTfTfRfO,-0.0082
UtTtTfTfRvV,-0.0082
UtTtTtUfTfR,-0.0082
UtTtTtUfTtT,-0.0082
UtTtTtUfTtU,-0.0082
UtTtTtUtTfT,-0.0082
UtTtTtUtTtT,-0.0082
UtTtTtUtRfO,-0.0082
UtTtTtUtRvV,-0.0082
UtTtUfTfRfT,-0.0082
UtTtUfTfRtO,-0.0082
UtTtUtRfTfR,-0.0082
TtTfTfRfOfT,-0.0082
TtTfTfRfOtO,-0.0082
TtTfTfRtOfT,-0.0082
TtTfTfRtOtO,-0.0082
TtTfTfRvVvR,-0.0082
TtTtUfTfTfR,-0.0082
TtTtUfTfRfO,-0.0082
TtTtUfTfRvV,-0.0082
TtTtUfTtTfT,-0.0082
TtTtUfTtTtU,-0.0082
TtTtUfTtUtT,-0.0082
TtTtUfTtUtR,-0.0082
TtTtUtTfTlL,-0.0082
TtTtUtTtTfT,-0.0082
TtTtUtTtTtU,-0.0082
TtTtUtRfOfT,-0.0082
TtTtUtRfOtO,-0.0082
TtTtUtRtOfT,-0.0082
TtTtUtRtOtO,-0.0082
TtTtUtRvVvR,-0.0082
TtUfTtTfTfR,-0.0082
TtUfTtTtUtT,-0.0082
TtUfTtTtUtR,-0.0082
TtUfTtUfTtT,-0.0082
TtUfTtUtTtT,-0.0082
TtUtTfTfRfT,-0.0082
TtUtTfTfRtO,-0.0082
TtUtTtTfTfR,-0.0082
TtUtTtTtUtT,-0.0082
TtUtTtTtUtR,-0.0082
TtUtTtUtRtO,-0.0082
UtRvVvRtUfR,-0.0082
UfOfUfOfTlL,-0.0082
UfOfUtOfTlL,-0.0082
UfOtUfOfTlL,-0.0082
UfOtUtOfTlL,-0.0082
OfUfRtUfRfO,-0.0082
OfUfOfUfRfO,-0.0082
OfUfOfUfRlL,-0.0082
OfUfOtUfRfO,-0.0082
OfUfOtUfRlL,-0.0082
OfUtOfUfRfO,-0.0082
OfUtOfUfRlL,-0.0082
OfUtOtUfRfO,-0.0082
OfUtOtUfRlL,-0.0082
RtUfRtUfRfT,-0.0082
RtUfRtUfRtU,-0.0082
RtUfOfUfRfO,-0.0082
RtUfOtUfRfO,-0.0082
RtUtOfUfRfO,-0.0082
RtUtOtUfRfO,-0.0082
OtUfRtUfRfO,-0.0082
OtUfOfUfRfO,-0.0082
OtUfOfUfRlL,-0.0082
OtUfOtUfRfO,-0.0082
OtUfOtUfRlL,-0.0082
OtUtOfUfRfO,-0.0082
OtUtOfUfRlL,-0.0082
OtUtOtUfRfO,-0.0082
OtUtOtUfRlL,-0.0082
UtOxUfTfRlL,-0.0082
UtOfUfOfTlL,-0.0082
UtOfUtOfTlL,-0.0082
UtOtUfOfTlL,-0.0082
RvVvRtUfRfT,-0.0082
RvVvRtUfRtU,-0.0082
VvRtUfRtUfR,-0.0082
OxRtTlL,-0.0082
VvRtTlL,-0.0082
RvVvRtTlL,-0.0082
UtRvVvRtTlL,-0.0082
UxRvVvRtTlL,-0.0082
UtTtTtTtO,-0.0082
UaOfTtTtT,-0.0082
UtTtOtOaOfT,-0.0082
UtTtTtOaRtO,-0.0082
UtTtTtOtRtO,-0.0082
UtTtTtTtOtO,-0.0082
UtTtTtTtOlL,-0.0082
UaOfTtTtTtO,-0.0082
UaOfTtTtTfT,-0.0082
TtTtOtOaOfT,-0.0082
OtOaRtT,-0.0082
OtOtRtT,-0.0082
OtOtOaRtT,-0.0082
OtOtOtRtT,-0.0082
OfOtOaRtT,-0.0082
OfOtOtRtT,-0.0082
OtTtTtOaRtO,-0.0082
OtTtTtOtRtO,-0.0082
OtOtOtOaRtT,-0.0082
OtOtOtOtRtT,-0.0082
OtOaRfOtRtT,-0.0082
OtOaRtOtRtT,-0.0082
OtOtRfOtRtT,-0.0082
OtOtRtOtRtT,-0.0082
OaOfOtOaRtT,-0.0082
OaOfOtOtRtT,-0.0082
UtOtOtOaRtT,-0.0082
UtOtOtOtRtT,-0.0082
UaRfTfOfO,-0.0082
UaRfTfOfT,-0.0082
UtOxUlL,-0.0082
OxUtOxUlL,-0.0082
UtOxUtOxUlL,-0.0082
UtRtOtRtO,-0.0082
UtRtOtRtOtR,-0.0082
UtOtRvVvRtU,-0.0082
UaOfRvVvRlL,-0.0082
RtUfT,-0.0074
VvRtUfT,-0.0074
RvVvRtUfT,-0.0074
TfRvVvRtUfT,-0.0074
UtRvVvRtUfT,-0.0074
OfTfOfTfO,0.0072
TfTtOfTfT,-0.0072
TtOaOfOtO,-0.0072
TtOaOfOlL,-0.0072
OfTfTtOfTfT,-0.0072
TtOfOtOtOfO,-0.0072
TtOtOfOtOfO,-0.0072
TtOaOfOtOlL,-0.0072
OxUtO,-0.0072
TfRvVvRfTfO,-0.0072
UtTtOfTfTlL,-0.0072
RfTtUfT,0.0069
RfTtUfTtU,0.0069
VvRfTtUfT,0.0069
RfTtUfTtUfT,0.0069
TfRvVvRfTtU,0.0069
RtUfTtUfTlL,-0.0069
RvVvRfTtUfT,0.0069
VvRfTtUfTtU,0.0069
RfUfT,0.0069
RfUfTtU,0.0069
VvRfUfT,0.0069
RfUfTtUfT,0.0069
TfRvVvRfU,0.0069
RvVvRfUfT,0.0069
VvRfUfTtU,0.0069
RfTfRvVvRfU,0.0069
RfUfTtUfTtU,0.0069
TfRvVvRfUfT,0.0069
UtRvVvRfUfT,0.0069
RvVvRfUfTtU,0.0069
VvRfUfTtUfT,0.0069
TfTtO,-0.0061
OfTfTtO,-0.0061
TfTtOfO,-0.0061
TfTtOtO,-0.0061
TfTtOtT,-0.0061
TfTtOlL,-0.0061
TtOaOaR,-0.0061
OfOfTfTtO,-0.0061
OfTfTtOfO,-0.0061
OfTfTtOtO,-0.0061
OfTfTtOtT,-0.0061
OfTfTtOlL,-0.0061
OfTtOtOfO,-0.0061
OfTtOaOfO,-0.0061
OfTtOaOaR,-0.0061
RfOfOtOaO,-0.0061
RfOfTtOfT,-0.0061
RfOfTtOaO,-0.0061
RfOtOtOaO,-0.0061
TfTtOfOtO,-0.0061
TfTtOfOlL,-0.0061
TfTtOtOtO,-0.0061
TfTtOtOlL,-0.0061
TfTtOtTfT,-0.0061
TtOfOaOfT,-0.0061
TtOtOaRvV,-0.0061
TtOaOaOfO,-0.0061
TtOaOaRtO,-0.0061
OfOfTfTtOfO,-0.0061
OfOfTfTtOtO,-0.0061
OfOfTfTtOtT,-0.0061
OfOfTfTtOlL,-0.0061
OfOtOfTfTtO,-0.0061
OfTfTtOfOtO,-0.0061
OfTfTtOfOlL,-0.0061
OfTfTtOtOtO,-0.0061
OfTfTtOtOlL,-0.0061
OfTfTtOtTfT,-0.0061
OfTtOtOaRvV,-0.0061
OfTtOaOfOtO,-0.0061
OfTtOaOfOlL,-0.0061
OfTtOaOaRtO,-0.0061
OtOfOfTfTtO,-0.0061
OaOfTtOaOfO,-0.0061
OaOaOfOfTtO,-0.0061
OxRfOfOtOaO,-0.0061
OxRfOfTtOfT,-0.0061
OxRfOfTtOaO,-0.0061
OxRfOtOtOaO,-0.0061
RfOfOfTfTtO,-0.0061
RfOfOtOaOtO,-0.0061
RfOfOtOaOlL,-0.0061
RfOfTtOaOtO,-0.0061
RfOfTtOaOlL,-0.0061
RfOtOfTfTtO,-0.0061
RfOtOtOaOtO,-0.0061
RfOtOtOaOlL,-0.0061
RfOaOtOfOtO,-0.0061
RfOaOtOfOlL,-0.0061
TfTtOfOtOfO,-0.0061
TfTtOfOtOtO,-0.0061
TfTtOfOtOtT,-0.0061
TfTtOfOtOlL,-0.0061
TfTtOfTfTtO,-0.0061
TfTtOtOtOfO,-0.0061
TfTtOtOtOtO,-0.0061
TfTtOtOtOtT,-0.0061
TfTtOtOtOlL,-0.0061
UtOfTtOaOaR,-0.0061
TtOfOfOtOfO,-0.0061
TtOfOaOtOfO,-0.0061
TtOfTtOaOaR,-0.0061
TtOtOfOtOtO,-0.0061
TtOtOaRvVvR,-0.0061
TtOaOfOtOaR,-0.0061
TtOaOtOtOaR,-0.0061
TtOaOaOfOfO,-0.0061
TtOaOaOfOfT,-0.0061
TtOaOaOfOtO,-0.0061
TtOaOaOfOlL,-0.0061
VvRfOfOtOaO,-0.0061
VvRfOfTtOfT,-0.0061
VvRfOfTtOaO,-0.0061
VvRfOtOtOaO,-0.0061
OtUaRfTlL,-0.0061
OtUaRvVvRlL,-0.0061
OfUfT,-0.0061
RtUtT,-0.0061
OtUfT,-0.0061
UfRtUtT,-0.0061
TtUfRtU,-0.0061
UfOfUfT,-0.0061
UfOtUfT,-0.0061
OfUfTfO,-0.0061
RtUfTfT,-0.0061
RtUtTfT,-0.0061
RtUtTtU,-0.0061
OtUfTfO,-0.0061
UtOfUfT,-0.0061
UtOtUfT,-0.0061
VvRtUtT,-0.0061
OxUfRtUtT,-0.0061
OxUfOfUfT,-0.0061
OxUfOtUfT,-0.0061
OxUtOfUfT,-0.0061
OxUtOtUfT,-0.0061
UfRtUfTfT,-0.0061
UfRtUfTtU,-0.0061
UfRtUtTfT,-0.0061
UfRtUtTtU,-0.0061
UfTtUfRtU,-0.0061
UtTtUfRtU,-0.0061
TtUfRtUfR,-0.0061
TtUfRtUtT,-0.0061
OtOtOtOfU,-0.0061
UfOfUfTfO,-0.0061
UfOtUfTfO,-0.0061
OfUfRfTfO,-0.0061
OfUtRfTlL,-0.0061
OfUfOfUfT,-0.0061
OfUfOtUfT,-0.0061
OfUtOfUfT,-0.0061
OfUtOtUfT,-0.0061
RtUfRtUtT,-0.0061
RtUfTfTlL,-0.0061
RtUfTtUfR,-0.0061
RtUfTtUtT,-0.0061
RtUtTfTlL,-0.0061
RtUtTtUfR,-0.0061
RtUtTtUtT,-0.0061
OtUfRfTfO,-0.0061
OtUfOfUfT,-0.0061
OtUfOtUfT,-0.0061
OtUtOfUfT,-0.0061
OtUtOtUfT,-0.0061
UtOfUfTfO,-0.0061
UtOtUfTfO,-0.0061
RvVvRtUtT,-0.0061
VvRtUfTfT,-0.0061
VvRtUtTfT,-0.0061
VvRtUtTtU,-0.0061
OxUfRtUfTfT,-0.0061
OxUfRtUfTtU,-0.0061
OxUfRtUtTfT,-0.0061
OxUfRtUtTtU,-0.0061
OxUfTtUfRtU,-0.0061
OxUtTtUfRtU,-0.0061
OxUfOfUfTfO,-0.0061
OxUfOtUfTfO,-0.0061
OxUtOfUfTfO,-0.0061
OxUtOtUfTfO,-0.0061
UfRtUfRtUtT,-0.0061
UfRtUfTfTlL,-0.0061
UfRtUfTtUfR,-0.0061
UfRtUfTtUtT,-0.0061
UfRtUtTfTlL,-0.0061
UfRtUtTtUfR,-0.0061
UfRtUtTtUtT,-0.0061
UfTtUfRtUfR,-0.0061
UfTtUfRtUtT,-0.0061
TfRvVvRtUtT,-0.0061
UtTtUfRtUfR,-0.0061
UtTtUfRtUtT,-0.0061
TtUfRtUfRfT,-0.0061
TtUfRtUfRtU,-0.0061
TtUfRtUfTfT,-0.0061
TtUfRtUfTtU,-0.0061
TtUfRtUtTfT,-0.0061
TtUfRtUtTtU,-0.0061
TtUfTtUfRtU,-0.0061
TtUtTtUfRtU,-0.0061
UtRvVvRtUtT,-0.0061
UfOfUfRfTfO,-0.0061
UfOfUtRfTlL,-0.0061
UfOfUfOfUfT,-0.0061
UfOfUfOtUfT,-0.0061
UfOfUtOfUfT,-0.0061
UfOfUtOtUfT,-0.0061
UfOtUfRfTfO,-0.0061
UfOtUtRfTlL,-0.0061
UfOtUfOfUfT,-0.0061
UfOtUfOtUfT,-0.0061
UfOtUtOfUfT,-0.0061
UfOtUtOtUfT,-0.0061
OfUfRvVvRlL,-0.0061
OfUtRvVvRlL,-0.0061
OfUfOfUfTfO,-0.0061
OfUfOtUfTfO,-0.0061
OfUtOfUfTfO,-0.0061
OfUtOtUfTfO,-0.0061
RtUfRtUfTfT,-0.0061
RtUfRtUfTtU,-0.0061
RtUfRtUtTfT,-0.0061
RtUfRtUtTtU,-0.0061
RtUfTtUfRfT,-0.0061
RtUfTtUfRtU,-0.0061
RtUfTtUfTfT,-0.0061
RtUfTtUtTfT,-0.0061
RtUfTtUtTtU,-0.0061
RtUtTtUfRfT,-0.0061
RtUtTtUfRtU,-0.0061
RtUtTtUfTfT,-0.0061
RtUtTtUfTtU,-0.0061
RtUtTtUtTfT,-0.0061
RtUtTtUtTtU,-0.0061
OtUfOfUfTfO,-0.0061
OtUfOtUfTfO,-0.0061
OtUtOfUfTfO,-0.0061
OtUtOtUfTfO,-0.0061
UtOfUfRfTfO,-0.0061
UtOfUtRfTlL,-0.0061
UtOfUfOfUfT,-0.0061
UtOfUfOtUfT,-0.0061
UtOfUtOfUfT,-0.0061
UtOfUtOtUfT,-0.0061
UtOtUfRfTfO,-0.0061
UtOtUtRfTlL,-0.0061
UtOtUfOfUfT,-0.0061
UtOtUfOtUfT,-0.0061
UtOtUtOfUfT,-0.0061
UtOtUtOtUfT,-0.0061
RvVvRtUfTfT,-0.0061
RvVvRtUtTfT,-0.0061
RvVvRtUtTtU,-0.0061
VvRtUfRtUtT,-0.0061
VvRtUfTfTlL,-0.0061
VvRtUfTtUfR,-0.0061
VvRtUfTtUtT,-0.0061
VvRtUtTfTlL,-0.0061
VvRtUtTtUfR,-0.0061
VvRtUtTtUtT,-0.0061
UaRfOfT,-0.0061
UaRtOfT,-0.0061
UtTtOtOaR,-0.0061
TtTtOtOaR,-0.0061
TtTfTtOfT,-0.0061
OfTtTtOtOaR,-0.0061
OfTtTfTtOfT,-0.0061
UtTtOtOaRtO,-0.0061
UtTtOaOaRfT,-0.0061
UtTtOaOaRlL,-0.0061
TtTtOtOaRtO,-0.0061
TtTtOtOaRvV,-0.0061
TtTtOaOaRfT,-0.0061
TtTtOaOaRlL,-0.0061
TtTtTtOtOaR,-0.0061
OtTtTtOaR,-0.0061
OtTtTtOtR,-0.0061
OtTtTtOaRfO,-0.0061
OtTtTtOaRvV,-0.0061
OtTtTtOtRfO,-0.0061
OtTtTtOtRvV,-0.0061
OtTtTfTtOfT,-0.0061
TtOtTtTtOaR,-0.0061
TtOtTtTtOtR,-0.0061
UtOtTtTtOtT,-0.0061
UtOtTtTtOaR,-0.0061
UtOtTtTtOtR,-0.0061
OtUxRtUxRlL,-0.0061
OtUxRtUxRfT,-0.0061
UfTfRvVvRfU,-0.0061
UaRaO,-0.0061
UtRtOtR,-0.0061
UaRaOlL,-0.0061
UaRaOtR,-0.0061
UtRfOtRtO,-0.0061
UtRtOtRfO,-0.0061
UtRtOtRtT,-0.0061
UaRfOtRlL,-0.0061
UaRfOtRaO,-0.0061
UaRaOtRfO,-0.0061
UaRaOtRvV,-0.0061
UaRaOtRtO,-0.0061
UaRaOtRtT,-0.0061
UaRtOtRlL,-0.0061
UaRtOtRaO,-0.0061
UtRfOtRtOtR,-0.0061
UtRvVvRfOfO,-0.0061
UtRtOtRfOlL,-0.0061
UtRtOtRfOtR,-0.0061
UtRtOtRtOlL,-0.0061
UaRfOtRaOlL,-0.0061
UaRfOtRaOtR,-0.0061
UaRvVvRfOaO,-0.0061
UaRaOtRfOlL,-0.0061
UaRaOtRfOtR,-0.0061
UaRaOtRvVvR,-0.0061
UaRaOtRtOlL,-0.0061
UaRaOtRtOtR,-0.0061
UaRaOtRtTlL,-0.0061
UaRtOtRaOlL,-0.0061
UaRtOtRaOtR,-0.0061
UaOfR,-0.0061
UaOfRfT,-0.0061
OaRvVvRtUxR,-0.0061
OfUaRfTlL,-0.0061
UfOfUaRfTlL,-0.0061
UfOtUaRfTlL,-0.0061
OfUaRvVvRlL,-0.0061
UtOfUaRfTlL,-0.0061
UtOtUaRfTlL,-0.0061
OtOaOtOfU,-0.0061
OaOtOtOfU,-0.0061
OaOaOtOfU,-0.0061
OtOaOfOtOfU,-0.0061
TtOaOtOtOfU,-0.0061
TtOaOaOtOfU,-0.0061
OaOaOfOtOfU,-0.0061
RfOaOtOtOfU,-0.0061
RfOaOaOtOfU,-0.0061
RfTtU,0.0059
VvRfTtU,0.0059
RvVvRfTtU,0.0059
UtRvVvRfTtU,0.0059
TfOfTlL,0.0057
RfTfOfTlL,0.0057
RtUfTtUfT,-0.0054
VvRtUfTtUfT,-0.0054
UtOfOfO,-0.0051
OtTfTtO,-0.0051
OfOtTfTtO,-0.0051
TfTtOtTtO,-0.0051
UtOfOfOfO,-0.0051
UtOfOfOfT,-0.0051
UtOfOfOtO,-0.0051
UtOfOfOlL,-0.0051
UtOtOfOfO,-0.0051
UtOaOfOfO,-0.0051
OtTfTtOfO,-0.0051
OtTfTtOtO,-0.0051
OtTfTtOtT,-0.0051
OtTfTtOlL,-0.0051
TtOtOfOtO,-0.0051
TtOtOfOlL,-0.0051
TtOaOfOfO,-0.0051
OfOfOfOtOtT,-0.0051
OfOtOtTfTtO,-0.0051
OfOtTfTtOfO,-0.0051
OfOtTfTtOtO,-0.0051
OfOtTfTtOtT,-0.0051
OfOtTfTtOlL,-0.0051
OfTfTtOtTtO,-0.0051
OtOfOtTfTtO,-0.0051
RfOfOtTfTtO,-0.0051
RfOtOtTfTtO,-0.0051
TfTtOtTfTtO,-0.0051
TfTtOtTtOfO,-0.0051
TfTtOtTtOtO,-0.0051
TfTtOtTtOtT,-0.0051
TfTtOtTtOlL,-0.0051
UtOfOfOfOfO,-0.0051
UtOfOfOfOfT,-0.0051
UtOfOfOtOfO,-0.0051
UtOfOfOtOaO,-0.0051
UtOfOfOtOtT,-0.0051
UtOfOfOtOlL,-0.0051
UtOtOfOfOfO,-0.0051
UtOtOfOfOfT,-0.0051
UtOtOfOfOtO,-0.0051
UtOtOfOfOlL,-0.0051
UtOtOtOfOfO,-0.0051
UtOaOfOfOfO,-0.0051
UtOaOfOfOfT,-0.0051
UtOaOfOtOtT,-0.0051
OtTfTtOfOtO,-0.0051
OtTfTtOfOlL,-0.0051
OtTfTtOfTfT,-0.0051
OtTfTtOtOtO,-0.0051
OtTfTtOtOlL,-0.0051
OtTfTtOtTfT,-0.0051
OtTfTtOtTtO,-0.0051
OtTtOfTfTtO,-0.0051
OtTtOtTfTtO,-0.0051
TtOfTtOtOfO,-0.0051
TtOtOfOtOlL,-0.0051
TtOaOfOfOfO,-0.0051
TtOaOfOfOfT,-0.0051
TtOaOtOfOfO,-0.0051
OfU,-0.0051
UtRfOlL,-0.0051
UtRtOlL,-0.0051
UtRvVvRfOtO,-0.0051
UaRvVvRfOfT,-0.0051
UtTtOaOfT,-0.0051
TtTtTtOaOfT,-0.0051
UtRfOtR,-0.0051
UtRfOtRfO,-0.0051
UtRfOtRtT,-0.0051
UtRfOtRfOlL,-0.0051
UtRfOtRfOtR,-0.0051
UtRfOtRtOlL,-0.0051
OaOfOtOfU,-0.0051
OtOtOfTtOfU,-0.0051
TtOaOfOtOfU,-0.0051
OaOtOfTtOfU,-0.0051
TtOfOfO,-0.0041
TtOfOaO,-0.0041
TtOtOfR,-0.0041
TtOtOtR,-0.0041
OtUtOfT,-0.0041
OtUtOlL,-0.0041
OfTtOtOfR,-0.0041
OfTtOtOtR,-0.0041
OfTtOaOaO,-0.0041
UtOtUtOfT,-0.0041
UtOtUtOlL,-0.0041
TtOfOfOfT,-0.0041
TtOtOfRtO,-0.0041
TtOtOtRtO,-0.0041
TtOaOfRfT,-0.0041
TtOaOfRlL,-0.0041
TtOaOtRfT,-0.0041
TtOaOtRlL,-0.0041
OfOfTtOaOfO,-0.0041
OfTtOtOfOtO,-0.0041
OfTtOtOfOlL,-0.0041
OfTtOtOfRtO,-0.0041
OfTtOtOtRtO,-0.0041
OfTtOaOfOfO,-0.0041
OfTtOaOfRfT,-0.0041
OfTtOaOfRlL,-0.0041
OfTtOaOaOtO,-0.0041
OfTtOaOaOlL,-0.0041
OfTtOaOtRfT,-0.0041
OfTtOaOtRlL,-0.0041
OtOfTtOfOfO,-0.0041
OtOfTtOtOfO,-0.0041
RfOfTtOfOfT,-0.0041
RfOfTtOtOfT,-0.0041
UtOfTtOtOfO,-0.0041
UtOfTtOtOtO,-0.0041
UtOfTtOtOfR,-0.0041
UtOfTtOtOlL,-0.0041
UtOfTtOtOtR,-0.0041
UtOfTtOaOaO,-0.0041
TtOfOfOtOtO,-0.0041
TtOfOaOtOtO,-0.0041
TtOfTtOtOfR,-0.0041
TtOfTtOtOtR,-0.0041
TtOfTtOaOfO,-0.0041
TtOfTtOaOaO,-0.0041
TtOtOfOtOfR,-0.0041
TtOtOfOtOtR,-0.0041
TtOtOtOtOfR,-0.0041
TtOtOtOtOtR,-0.0041
TtOtOtOaOfO,-0.0041
TtOaOtOaOfO,-0.0041
TtOaOaOtOfR,-0.0041
TtOaOaOtOtR,-0.0041
OtUtOtUtOfT,-0.0041
OtUtOtUtOlL,-0.0041
OtUaRlL,-0.0041
UfO,-0.0041
OxUfO,-0.0041
UfOfT,-0.0041
UfOfU,-0.0041
UfOtU,-0.0041
UfOlL,-0.0041
OfUfR,-0.0041
OfUfO,-0.0041
OfUtO,-0.0041
OtUfO,-0.0041
UtOfU,-0.0041
OxUfOfT,-0.0041
OxUfOfU,-0.0041
OxUfOtU,-0.0041
OxUfOlL,-0.0041
OxUtOfT,-0.0041
OxUtOfU,-0.0041
OxUtOtU,-0.0041
OxUtOlL,-0.0041
UtTfTfR,-0.0041
UfOfUfR,-0.0041
UfOfUfO,-0.0041
UfOfUtO,-0.0041
UfOtUfR,-0.0041
UfOtUfO,-0.0041
UfOtUtO,-0.0041
OfUfRfT,-0.0041
OfUtRlL,-0.0041
OfUfOfT,-0.0041
OfUfOfU,-0.0041
OfUfOtU,-0.0041
OfUfOlL,-0.0041
OfUtOfT,-0.0041
OfUtOfU,-0.0041
OfUtOtU,-0.0041
OfUtOlL,-0.0041
RtUfTfO,-0.0041
OtUfOfT,-0.0041
OtUfOfU,-0.0041
OtUfOtU,-0.0041
OtUfOlL,-0.0041
OtUtOfU,-0.0041
UtOxUfT,-0.0041
UtOfUfR,-0.0041
UtOfUfO,-0.0041
UtOfUtO,-0.0041
UtOtUfR,-0.0041
UtOtUfO,-0.0041
OxUtTfTfR,-0.0041
OxUtRfTfO,-0.0041
OxUfOfUfR,-0.0041
OxUfOfUfO,-0.0041
OxUfOfUtO,-0.0041
OxUfOtUfR,-0.0041
OxUfOtUfO,-0.0041
OxUfOtUtO,-0.0041
OxUtOxUfT,-0.0041
OxUtOfUfR,-0.0041
OxUtOfUfO,-0.0041
OxUtOfUtO,-0.0041
OxUtOtUfR,-0.0041
OxUtOtUfO,-0.0041
OxUtOtUtO,-0.0041
UfRtUfTfO,-0.0041
UtTfTfRfO,-0.0041
UtTfTfRvV,-0.0041
UtTtUfTfR,-0.0041
UtTtUtRfO,-0.0041
TtUtTfTfR,-0.0041
UfOfUfRfT,-0.0041
UfOfUtRlL,-0.0041
UfOfUfOfT,-0.0041
UfOfUfOfU,-0.0041
UfOfUfOtU,-0.0041
UfOfUfOlL,-0.0041
UfOfUtOfT,-0.0041
UfOfUtOfU,-0.0041
UfOfUtOtU,-0.0041
UfOfUtOlL,-0.0041
UfOtUfRfT,-0.0041
UfOtUtRlL,-0.0041
UfOtUfOfT,-0.0041
UfOtUfOfU,-0.0041
UfOtUfOtU,-0.0041
UfOtUfOlL,-0.0041
UfOtUtOfT,-0.0041
UfOtUtOfU,-0.0041
UfOtUtOtU,-0.0041
UfOtUtOlL,-0.0041
OfUfOfUfR,-0.0041
OfUfOfUfO,-0.0041
OfUfOfUtO,-0.0041
OfUfOtUfR,-0.0041
OfUfOtUfO,-0.0041
OfUfOtUtO,-0.0041
OfUtOfUfR,-0.0041
OfUtOfUfO,-0.0041
OfUtOfUtO,-0.0041
OfUtOtUfR,-0.0041
OfUtOtUfO,-0.0041
OfUtOtUtO,-0.0041
RtUfRfTfO,-0.0041
OtUfOfUfR,-0.0041
OtUfOfUfO,-0.0041
OtUfOfUtO,-0.0041
OtUfOtUfR,-0.0041
OtUfOtUfO,-0.0041
OtUfOtUtO,-0.0041
OtUtOfUfR,-0.0041
OtUtOfUfO,-0.0041
OtUtOfUtO,-0.0041
OtUtOtUfR,-0.0041
OtUtOtUfO,-0.0041
UtOxUfTfR,-0.0041
UtOxUtRlL,-0.0041
UtOfUfRfT,-0.0041
UtOfUtRlL,-0.0041
UtOfUfOfT,-0.0041
UtOfUfOfU,-0.0041
UtOfUfOtU,-0.0041
UtOfUfOlL,-0.0041
UtOfUtOfT,-0.0041
UtOfUtOfU,-0.0041
UtOfUtOtU,-0.0041
UtOfUtOlL,-0.0041
UtOtUfRfT,-0.0041
UtOtUtRlL,-0.0041
UtOtUfOfT,-0.0041
UtOtUfOfU,-0.0041
UtOtUfOtU,-0.0041
UtOtUfOlL,-0.0041
UtOtUtOfU,-0.0041
VvRtUfTfO,-0.0041
OxUfRtUfTfO,-0.0041
OxUtTfTfRfO,-0.0041
OxUtTfTfRvV,-0.0041
OxUtTtUfTfR,-0.0041
OxUtTtUtRfO,-0.0041
OxUfOfUfRfT,-0.0041
OxUfOfUtRlL,-0.0041
OxUfOfUfOfT,-0.0041
OxUfOfUfOfU,-0.0041
OxUfOfUfOtU,-0.0041
OxUfOfUfOlL,-0.0041
OxUfOfUtOfT,-0.0041
OxUfOfUtOfU,-0.0041
OxUfOfUtOtU,-0.0041
OxUfOfUtOlL,-0.0041
OxUfOtUfRfT,-0.0041
OxUfOtUtRlL,-0.0041
OxUfOtUfOfT,-0.0041
OxUfOtUfOfU,-0.0041
OxUfOtUfOtU,-0.0041
OxUfOtUfOlL,-0.0041
OxUfOtUtOfT,-0.0041
OxUfOtUtOfU,-0.0041
OxUfOtUtOtU,-0.0041
OxUfOtUtOlL,-0.0041
OxUtOxUfTfR,-0.0041
OxUtOxUtRlL,-0.0041
OxUtOfUfRfT,-0.0041
OxUtOfUtRlL,-0.0041
OxUtOfUfOfT,-0.0041
OxUtOfUfOfU,-0.0041
OxUtOfUfOtU,-0.0041
OxUtOfUfOlL,-0.0041
OxUtOfUtOfT,-0.0041
OxUtOfUtOfU,-0.0041
OxUtOfUtOtU,-0.0041
OxUtOfUtOlL,-0.0041
OxUtOtUfRfT,-0.0041
OxUtOtUtRlL,-0.0041
OxUtOtUfOfT,-0.0041
OxUtOtUfOfU,-0.0041
OxUtOtUfOtU,-0.0041
OxUtOtUfOlL,-0.0041
OxUtOtUtOfT,-0.0041
OxUtOtUtOfU,-0.0041
OxUtOtUtOtU,-0.0041
OxUtOtUtOlL,-0.0041
UfRtUfRfTfO,-0.0041
UfTtUtTfTfR,-0.0041
UtTfTfRfOfT,-0.0041
UtTfTfRfOtO,-0.0041
UtTfTfRtOfT,-0.0041
UtTfTfRtOtO,-0.0041
UtTfTfRvVvR,-0.0041
UtTtUfTfTfR,-0.0041
UtTtUfTfRfO,-0.0041
UtTtUfTfRvV,-0.0041
UtTtUtTfTfR,-0.0041
UtTtUtRfOfT,-0.0041
UtTtUtRfOtO,-0.0041
UtTtUtRtOfT,-0.0041
UtTtUtRtOtO,-0.0041
TtUtTfTfRfO,-0.0041
TtUtTfTfRvV,-0.0041
TtUtTtUfTfR,-0.0041
TtUtTtUtRfO,-0.0041
OtOtOtOtOfU,-0.0041
UfOfUfOfUfR,-0.0041
UfOfUfOfUfO,-0.0041
UfOfUfOfUtO,-0.0041
UfOfUfOtUfR,-0.0041
UfOfUfOtUfO,-0.0041
UfOfUfOtUtO,-0.0041
UfOfUtOfUfR,-0.0041
UfOfUtOfUfO,-0.0041
UfOfUtOfUtO,-0.0041
UfOfUtOtUfR,-0.0041
UfOfUtOtUfO,-0.0041
UfOfUtOtUtO,-0.0041
UfOtUfOfUfR,-0.0041
UfOtUfOfUfO,-0.0041
UfOtUfOfUtO,-0.0041
UfOtUfOtUfR,-0.0041
UfOtUfOtUfO,-0.0041
UfOtUfOtUtO,-0.0041
UfOtUtOfUfR,-0.0041
UfOtUtOfUfO,-0.0041
UfOtUtOfUtO,-0.0041
UfOtUtOtUfR,-0.0041
UfOtUtOtUfO,-0.0041
UfOtUtOtUtO,-0.0041
OfUfRtUfRlL,-0.0041
OfUfRtUfTlL,-0.0041
OfUfRtUfTfO,-0.0041
OfUfOfUfRfT,-0.0041
OfUfOfUtRlL,-0.0041
OfUfOfUfOfT,-0.0041
OfUfOfUfOfU,-0.0041
OfUfOfUfOtU,-0.0041
OfUfOfUfOlL,-0.0041
OfUfOfUtOfT,-0.0041
OfUfOfUtOfU,-0.0041
OfUfOfUtOtU,-0.0041
OfUfOfUtOlL,-0.0041
OfUfOtUfRfT,-0.0041
OfUfOtUtRlL,-0.0041
OfUfOtUfOfT,-0.0041
OfUfOtUfOfU,-0.0041
OfUfOtUfOtU,-0.0041
OfUfOtUfOlL,-0.0041
OfUfOtUtOfT,-0.0041
OfUfOtUtOfU,-0.0041
OfUfOtUtOtU,-0.0041
OfUfOtUtOlL,-0.0041
OfUtOfUfRfT,-0.0041
OfUtOfUtRlL,-0.0041
OfUtOfUfOfT,-0.0041
OfUtOfUfOfU,-0.0041
OfUtOfUfOtU,-0.0041
OfUtOfUfOlL,-0.0041
OfUtOfUtOfT,-0.0041
OfUtOfUtOfU,-0.0041
OfUtOfUtOtU,-0.0041
OfUtOfUtOlL,-0.0041
OfUtOtUfRfT,-0.0041
OfUtOtUtRlL,-0.0041
OfUtOtUfOfT,-0.0041
OfUtOtUfOfU,-0.0041
OfUtOtUfOtU,-0.0041
OfUtOtUfOlL,-0.0041
OfUtOtUtOfT,-0.0041
OfUtOtUtOfU,-0.0041
OfUtOtUtOtU,-0.0041
OfUtOtUtOlL,-0.0041
RtUfRtUfTfO,-0.0041
RtUfOfUfRlL,-0.0041
RtUfOfUfTlL,-0.0041
RtUfOfUfTfO,-0.0041
RtUfOtUfRlL,-0.0041
RtUfOtUfTlL,-0.0041
RtUfOtUfTfO,-0.0041
RtUtOfUfRlL,-0.0041
RtUtOfUfTlL,-0.0041
RtUtOfUfTfO,-0.0041
RtUtOtUfRlL,-0.0041
RtUtOtUfTlL,-0.0041
RtUtOtUfTfO,-0.0041
OtUfRtUfRlL,-0.0041
OtUfRtUfTlL,-0.0041
OtUfRtUfTfO,-0.0041
OtUfOfUfRfT,-0.0041
OtUfOfUtRlL,-0.0041
OtUfOfUfOfT,-0.0041
OtUfOfUfOfU,-0.0041
OtUfOfUfOtU,-0.0041
OtUfOfUfOlL,-0.0041
OtUfOfUtOfT,-0.0041
OtUfOfUtOfU,-0.0041
OtUfOfUtOtU,-0.0041
OtUfOfUtOlL,-0.0041
OtUfOtUfRfT,-0.0041
OtUfOtUtRlL,-0.0041
OtUfOtUfOfT,-0.0041
OtUfOtUfOfU,-0.0041
OtUfOtUfOtU,-0.0041
OtUfOtUfOlL,-0.0041
OtUfOtUtOfT,-0.0041
OtUfOtUtOfU,-0.0041
OtUfOtUtOtU,-0.0041
OtUfOtUtOlL,-0.0041
OtUtOfUfRfT,-0.0041
OtUtOfUtRlL,-0.0041
OtUtOfUfOfT,-0.0041
OtUtOfUfOfU,-0.0041
OtUtOfUfOtU,-0.0041
OtUtOfUfOlL,-0.0041
OtUtOfUtOfT,-0.0041
OtUtOfUtOfU,-0.0041
OtUtOfUtOtU,-0.0041
OtUtOfUtOlL,-0.0041
OtUtOtUfRfT,-0.0041
OtUtOtUtRlL,-0.0041
OtUtOtUfOfT,-0.0041
OtUtOtUfOfU,-0.0041
OtUtOtUfOtU,-0.0041
OtUtOtUfOlL,-0.0041
OtUtOtUtOfU,-0.0041
UtOxUfTfRfT,-0.0041
UtOxUfTfRtO,-0.0041
UtOxUfTfRvV,-0.0041
UtOxUtOxUfT,-0.0041
UtOfUfOfUfR,-0.0041
UtOfUfOfUfO,-0.0041
UtOfUfOfUtO,-0.0041
UtOfUfOtUfR,-0.0041
UtOfUfOtUfO,-0.0041
UtOfUfOtUtO,-0.0041
UtOfUtOfUfR,-0.0041
UtOfUtOfUfO,-0.0041
UtOfUtOfUtO,-0.0041
UtOfUtOtUfR,-0.0041
UtOfUtOtUfO,-0.0041
UtOfUtOtUtO,-0.0041
UtOtUfOfUfR,-0.0041
UtOtUfOfUfO,-0.0041
UtOtUfOfUtO,-0.0041
UtOtUfOtUfR,-0.0041
UtOtUfOtUfO,-0.0041
UtOtUfOtUtO,-0.0041
UtOtUtOfUfR,-0.0041
UtOtUtOfUfO,-0.0041
UtOtUtOfUtO,-0.0041
UtOtUtOtUfR,-0.0041
UtOtUtOtUfO,-0.0041
RvVvRtUfTfO,-0.0041
VvRtUfRfTfO,-0.0041
OtRvVvRtU,-0.0041
UaRfO,-0.0041
UaRtO,-0.0041
UtTtOfT,-0.0041
UtTtOtOaO,-0.0041
UtTtTtOaR,-0.0041
UtTtTtOtR,-0.0041
TtTtOtOaO,-0.0041
OfTtTtOtOaO,-0.0041
UtTtOfTtOfT,-0.0041
UtTtOtOfOfT,-0.0041
UtTtOtOtOfT,-0.0041
UtTtOtOaOtO,-0.0041
UtTtOtOaOlL,-0.0041
UtTtOtOtRfT,-0.0041
UtTtOtOtRlL,-0.0041
UtTtOaOaOfT,-0.0041
UtTtTtOfTfT,-0.0041
UtTtTtOaRfO,-0.0041
UtTtTtOaRvV,-0.0041
UtTtTtOtRfO,-0.0041
UtTtTtOtRvV,-0.0041
TtTtOtOfOfT,-0.0041
TtTtOtOaOtO,-0.0041
TtTtOtOaOlL,-0.0041
TtTtOtOtRfT,-0.0041
TtTtOtOtRlL,-0.0041
TtTtOaOaOfT,-0.0041
TtTtTtOtOaO,-0.0041
TtTfTtOaOfT,-0.0041
OtTtTtOaRtT,-0.0041
OtTtTtOtRtT,-0.0041
UtRfOtRvV,-0.0041
UtRtOtRvV,-0.0041
UtRfOtRvVvR,-0.0041
UtRtOtRvVvR,-0.0041
UaRfOtRfOfT,-0.0041
UaRfOtRtOfT,-0.0041
UaRtOtRfOfT,-0.0041
UaRtOtRtOfT,-0.0041
UaOfRvV,-0.0041
UaOfRvVvR,-0.0041
UaOfRvVvRfT,-0.0041
UaOfRvVvRtU,-0.0041
UaOtRvVvRtU,-0.0041
OfUaRlL,-0.0041
UfOfUaRlL,-0.0041
UfOtUaRlL,-0.0041
UtOfUaRlL,-0.0041
UtOtUaRlL,-0.0041
OxUfOfUaRlL,-0.0041
OxUfOtUaRlL,-0.0041
OxUtOfUaRlL,-0.0041
OxUtOtUaRlL,-0.0041
OfUfOfUaRlL,-0.0041
OfUfOtUaRlL,-0.0041
OfUtOfUaRlL,-0.0041
OfUtOtUaRlL,-0.0041
OtUfOfUaRlL,-0.0041
OtUfOtUaRlL,-0.0041
OtUtOfUaRlL,-0.0041
OtUtOtUaRlL,-0.0041
OtOfTtOfU,-0.0041
OfTtOtOtOfU,-0.0041
OfTtOaOtOfU,-0.0041
OtOtOaOtOfU,-0.0041
OtOfOfOtOfU,-0.0041
OfOtOtOtOfU,-0.0041
OfOtOaOtOfU,-0.0041
UtTtOtOfRfT,-0.0041
UtTtOtOfRlL,-0.0041
OaOtOtOtOfU,-0.0041
OaOtOaOtOfU,-0.0041
OxUaRfTfO,-0.0041
TtTtOtOfRlL,-0.0041
TtTtOtOfRfT,-0.0041
UtOfRlL,0.0036
UtOfTfO,-0.0031
TtOaOaRvV,-0.0031
OfTtOaOaRvV,-0.0031
OaOfOfOfTtO,-0.0031
OaOfTtOfOfO,-0.0031
OaOfTtOtOfO,-0.0031
TtOtOtOfOfO,-0.0031
TtOaOfOfOtO,-0.0031
TtOaOfOfOlL,-0.0031
TtOaOaRvVvR,-0.0031
OtOfU,-0.0031
UtTtOtO,-0.0031
UtTtOaOaR,-0.0031
TtTtOaOaR,-0.0031
OfTtTtOaOaR,-0.0031
OaOfTtTfTtO,-0.0031
UtTtOfTtOtO,-0.0031
UtTtOaOaRtO,-0.0031
TtTtOaOaRtO,-0.0031
TtTtOaOaRvV,-0.0031
TtTtTtOaOaR,-0.0031
UtOtTtTtO,-0.0031
OaOtTtTfTtO,-0.0031
UtOtTtTtOtO,-0.0031
UtOtTtTtOlL,-0.0031
OtUxRtU,-0.0031
OtUxRtUxR,-0.0031
OtUxRtUxRtU,-0.0031
OfRfU,-0.0031
OfRtU,-0.0031
OtOfRfU,-0.0031
OtOfRtU,-0.0031
OfRfTtU,-0.0031
OfRfUfT,-0.0031
OfRtUfT,-0.0031
OtOfRfTtU,-0.0031
OtOfRfUfT,-0.0031
OtOfRtUfT,-0.0031
OfRfTtUfT,-0.0031
OfRfUfTtU,-0.0031
OfRtUfTtU,-0.0031
OtOfRfTtUfT,-0.0031
OtOfRfUfTtU,-0.0031
OtOfRtUfTtU,-0.0031
OfRfTtUfTtU,-0.0031
OfRfUfTtUfT,-0.0031
OfRtUfTtUfT,-0.0031
OxUtRvVvRfU,-0.0031
RtUxRfTfO,-0.0031
UxRtUxRfTfO,-0.0031
VvRtUxRfTfO,-0.0031
OaOfU,-0.0031
TtOaOfU,-0.0031
RfOaOfU,-0.0031
OtOfOtOfU,-0.0031
OfOfOtOfU,-0.0031
OaOfTtOfU,-0.0031
VvRfOaOfU,-0.0031
OxRfOaOfU,-0.0031
OfOtOfTtOfU,-0.0031
TtOaOfTtOfU,-0.0031
OaOfOfOtOfU,-0.0031
RfOaOfTtOfU,-0.0031
RfOaOfOtOfU,-0.0031
TxRfO,-0.0031
OfR,0.0026
RfU,-0.0023
VvRfU,-0.0023
RvVvRfU,-0.0023
UtRvVvRfU,-0.0023
RfOfTtO,-0.002
TtOaOfR,-0.002
TtOaOtR,-0.002
OfTfOfOlL,-0.002
OfTtOfOfO,-0.002
OfTtOaOfR,-0.002
OfTtOaOtR,-0.002
OxRfOfTtO,-0.002
RfOfTtOfO,-0.002
RfOfTtOtO,-0.002
UtOfTtOaO,-0.002
TtOfOfOfO,-0.002
TtOfOfOtO,-0.002
TtOfOfOlL,-0.002
TtOfOaOfO,-0.002
TtOfOaOtO,-0.002
TtOfOaOlL,-0.002
TtOtOfOfO,-0.002
TtOtOfRvV,-0.002
TtOtOaOfO,-0.002
TtOtOtRvV,-0.002
TtOaOfRtO,-0.002
TtOaOtRtO,-0.002
OtUtOfTfO,-0.002
VvRfOfTtO,-0.002
OfOfOfOfTtO,-0.002
OfOfTtOfOfO,-0.002
OfOfTtOtOfO,-0.002
OfOaOfOfTtO,-0.002
OfTtOfOfOfO,-0.002
OfTtOfOfOfT,-0.002
OfTtOfOfOtO,-0.002
OfTtOfOfOlL,-0.002
OfTtOtOfOfO,-0.002
OfTtOtOfRvV,-0.002
OfTtOtOtRvV,-0.002
OfTtOaOfRtO,-0.002
OfTtOaOtRtO,-0.002
OxRfOfTtOfO,-0.002
OxRfOfTtOtO,-0.002
RfOfOtOfOtO,-0.002
RfOfOtOfOlL,-0.002
RfOfTtOfOtO,-0.002
RfOfTtOfOlL,-0.002
RfOfTtOfTtO,-0.002
RfOfTtOtOtO,-0.002
RfOfTtOtOlL,-0.002
RfOtOtOfOtO,-0.002
RfOtOtOfOlL,-0.002
TfOfTfOfOlL,-0.002
UtOfTtOaOfO,-0.002
UtOfTtOaOtO,-0.002
UtOfTtOaOfR,-0.002
UtOfTtOaOlL,-0.002
UtOfTtOaOtR,-0.002
UtOtUtOfTfO,-0.002
TtOfOfOfOfO,-0.002
TtOfOfOfOfT,-0.002
TtOfOfOtOlL,-0.002
TtOfOtOfOfO,-0.002
TtOfOtOaOfO,-0.002
TtOfOaOfOfO,-0.002
TtOfOaOfOfT,-0.002
TtOfOaOfOtO,-0.002
TtOfOaOfOlL,-0.002
TtOfOaOtOlL,-0.002
TtOfTtOaOfR,-0.002
TtOfTtOaOtR,-0.002
TtOtOfOfOfO,-0.002
TtOtOfOfOfT,-0.002
TtOtOfOfOtO,-0.002
TtOtOfOfOlL,-0.002
TtOtOfRvVvR,-0.002
TtOtOaOfOfO,-0.002
TtOtOaOfOfT,-0.002
TtOtOaOfOtO,-0.002
TtOtOaOfOlL,-0.002
TtOtOtRvVvR,-0.002
TtOaOfOfTtO,-0.002
TtOaOfOtOfR,-0.002
TtOaOfOtOtR,-0.002
TtOaOtOtOfR,-0.002
TtOaOtOtOtR,-0.002
RvVvRfOfTtO,-0.002
VvRfOfTtOfO,-0.002
VvRfOfTtOtO,-0.002
UtRvVvRtO,-0.002
OtUaR,-0.002
OtUaRfT,-0.002
OtUaRvV,-0.002
OtUaRvVvR,-0.002
OtUaRvVvRfT,-0.002
OfUtR,-0.002
RtUfO,-0.002
RtUtO,-0.002
UtOxU,-0.002
OxUtOxU,-0.002
UfRtUfO,-0.002
UfRtUtO,-0.002
UfTfTfO,-0.002
UtTfTfO,-0.002
TtUfTfO,-0.002
OtOtOfU,-0.002
UfOfTfO,-0.002
UfOfUtR,-0.002
UfOtUtR,-0.002
OfUfRtU,-0.002
OfUfRvV,-0.002
OfUtRfT,-0.002
OfUtRvV,-0.002
RtUfOfT,-0.002
RtUfOfU,-0.002
RtUfOtU,-0.002
RtUfOlL,-0.002
RtUtOfT,-0.002
RtUtOfU,-0.002
RtUtOtU,-0.002
RtUtOlL,-0.002
OtUfRtU,-0.002
UtOxUtR,-0.002
UtOxUtO,-0.002
UtOfUtR,-0.002
UtOtUtR,-0.002
VvRtUfO,-0.002
VvRtUtO,-0.002
OxUfRtUfO,-0.002
OxUfRtUtO,-0.002
OxUfTfTfO,-0.002
OxUtTfTfO,-0.002
OxUfOfTfO,-0.002
OxUfOfUtR,-0.002
OxUfOtUtR,-0.002
OxUtOxUtR,-0.002
OxUtOxUtO,-0.002
OxUtOfTfO,-0.002
OxUtOfUtR,-0.002
OxUtOtUtR,-0.002
UfRtUfOfT,-0.002
UfRtUfOfU,-0.002
UfRtUfOtU,-0.002
UfRtUfOlL,-0.002
UfRtUtOfT,-0.002
UfRtUtOfU,-0.002
UfRtUtOtU,-0.002
UfRtUtOlL,-0.002
UfTtUfTfO,-0.002
UtTtUfTfO,-0.002
TtUfRfTfO,-0.002
TtUfTfTfO,-0.002
TtUtTfTfO,-0.002
TtUtRfTfO,-0.002
UfOfUfRtU,-0.002
UfOfUfRvV,-0.002
UfOfUtRfT,-0.002
UfOfUtRvV,-0.002
UfOtUfRtU,-0.002
UfOtUfRvV,-0.002
UfOtUtRfT,-0.002
UfOtUtRvV,-0.002
OfUfRtUfR,-0.002
OfUfRtUfT,-0.002
OfUfRtUfO,-0.002
OfUfRtUtO,-0.002
OfUfRvVvR,-0.002
OfUtRfTfO,-0.002
OfUtRvVvR,-0.002
OfUfOfTfO,-0.002
OfUfOfUtR,-0.002
OfUfOtUtR,-0.002
OfUtOfTfO,-0.002
OfUtOfUtR,-0.002
OfUtOtUtR,-0.002
RtUfRtUfO,-0.002
RtUfRtUtO,-0.002
RtUfOfTlL,-0.002
RtUfOfUfR,-0.002
RtUfOfUfT,-0.002
RtUfOfUfO,-0.002
RtUfOfUtO,-0.002
RtUfOtUfR,-0.002
RtUfOtUfT,-0.002
RtUfOtUfO,-0.002
RtUfOtUtO,-0.002
RtUtOfTlL,-0.002
RtUtOfUfR,-0.002
RtUtOfUfT,-0.002
RtUtOfUfO,-0.002
RtUtOfUtO,-0.002
RtUtOtUfR,-0.002
RtUtOtUfT,-0.002
RtUtOtUfO,-0.002
RtUtOtUtO,-0.002
OtUfRtUfR,-0.002
OtUfRtUfT,-0.002
OtUfRtUfO,-0.002
OtUfRtUtO,-0.002
OtUtRfTfO,-0.002
OtUfOfTfO,-0.002
OtUfOfUtR,-0.002
OtUfOtUtR,-0.002
OtUtOfUtR,-0.002
OtUtOtUtR,-0.002
UtOxUtRfT,-0.002
UtOxUtRtO,-0.002
UtOxUtRvV,-0.002
UtOxUtOxU,-0.002
UtOfUfRtU,-0.002
UtOfUfRvV,-0.002
UtOfUtRfT,-0.002
UtOfUtRvV,-0.002
UtOtUfRtU,-0.002
UtOtUfRvV,-0.002
UtOtUtRfT,-0.002
UtOtUtRvV,-0.002
RvVvRtUfO,-0.002
RvVvRtUtO,-0.002
VvRtUfOfT,-0.002
VvRtUfOfU,-0.002
VvRtUfOtU,-0.002
VvRtUfOlL,-0.002
VvRtUtOfT,-0.002
VvRtUtOfU,-0.002
VvRtUtOtU,-0.002
VvRtUtOlL,-0.002
OxUfRtUfOfT,-0.002
OxUfRtUfOfU,-0.002
OxUfRtUfOtU,-0.002
OxUfRtUfOlL,-0.002
OxUfRtUtOfT,-0.002
OxUfRtUtOfU,-0.002
OxUfRtUtOtU,-0.002
OxUfRtUtOlL,-0.002
OxUfTtUfTfO,-0.002
OxUtTtUfTfO,-0.002
OxUfOfUfRtU,-0.002
OxUfOfUfRvV,-0.002
OxUfOfUtRfT,-0.002
OxUfOfUtRvV,-0.002
OxUfOtUfRtU,-0.002
OxUfOtUfRvV,-0.002
OxUfOtUtRfT,-0.002
OxUfOtUtRvV,-0.002
OxUtOxUtRfT,-0.002
OxUtOxUtRtO,-0.002
OxUtOxUtRvV,-0.002
OxUtOxUtOxU,-0.002
OxUtOfUfRtU,-0.002
OxUtOfUfRvV,-0.002
OxUtOfUtRfT,-0.002
OxUtOfUtRvV,-0.002
OxUtOtUfRtU,-0.002
OxUtOtUfRvV,-0.002
OxUtOtUtRfT,-0.002
OxUtOtUtRvV,-0.002
UfRtUfRtUfO,-0.002
UfRtUfRtUtO,-0.002
UfRtUfOfTlL,-0.002
UfRtUfOfUfR,-0.002
UfRtUfOfUfT,-0.002
UfRtUfOfUfO,-0.002
UfRtUfOfUtO,-0.002
UfRtUfOtUfR,-0.002
UfRtUfOtUfT,-0.002
UfRtUfOtUfO,-0.002
UfRtUfOtUtO,-0.002
UfRtUtOfTlL,-0.002
UfRtUtOfUfR,-0.002
UfRtUtOfUfT,-0.002
UfRtUtOfUfO,-0.002
UfRtUtOfUtO,-0.002
UfRtUtOtUfR,-0.002
UfRtUtOtUfT,-0.002
UfRtUtOtUfO,-0.002
UfRtUtOtUtO,-0.002
RfOtOtOtOfU,-0.002
UfTtUfRfTfO,-0.002
UfTtUfTfTfO,-0.002
UfTtUtTfTfO,-0.002
UfTtUtRfTfO,-0.002
TfRvVvRfOfT,-0.002
TfRvVvRtUfO,-0.002
TfRvVvRtUtO,-0.002
UtTtUfRfTfO,-0.002
UtTtUfTfTfO,-0.002
UtTtUtTfTfO,-0.002
UtTtUtRfTfO,-0.002
TtUfTtUfTfO,-0.002
TtUtTtUfTfO,-0.002
UtRvVvRtUfO,-0.002
UtRvVvRtUtO,-0.002
UfOfUfRtUfR,-0.002
UfOfUfRtUfT,-0.002
UfOfUfRtUfO,-0.002
UfOfUfRtUtO,-0.002
UfOfUfRvVvR,-0.002
UfOfUtRfTfO,-0.002
UfOfUtRvVvR,-0.002
UfOfUfOfTfO,-0.002
UfOfUfOfUtR,-0.002
UfOfUfOtUtR,-0.002
UfOfUtOfTfO,-0.002
UfOfUtOfUtR,-0.002
UfOfUtOtUtR,-0.002
UfOtUfRtUfR,-0.002
UfOtUfRtUfT,-0.002
UfOtUfRtUfO,-0.002
UfOtUfRtUtO,-0.002
UfOtUfRvVvR,-0.002
UfOtUtRfTfO,-0.002
UfOtUtRvVvR,-0.002
UfOtUfOfTfO,-0.002
UfOtUfOfUtR,-0.002
UfOtUfOtUtR,-0.002
UfOtUtOfTfO,-0.002
UfOtUtOfUtR,-0.002
UfOtUtOtUtR,-0.002
OfUfRtUfRfT,-0.002
OfUfRtUfRtU,-0.002
OfUfRtUfOfT,-0.002
OfUfRtUfOfU,-0.002
OfUfRtUfOtU,-0.002
OfUfRtUfOlL,-0.002
OfUfRtUtOfT,-0.002
OfUfRtUtOfU,-0.002
OfUfRtUtOtU,-0.002
OfUfRtUtOlL,-0.002
OfUfRvVvRfT,-0.002
OfUtRvVvRfT,-0.002
OfUfOfUfRtU,-0.002
OfUfOfUfRvV,-0.002
OfUfOfUtRfT,-0.002
OfUfOfUtRvV,-0.002
OfUfOtUfRtU,-0.002
OfUfOtUfRvV,-0.002
OfUfOtUtRfT,-0.002
OfUfOtUtRvV,-0.002
OfUtOfUfRtU,-0.002
OfUtOfUfRvV,-0.002
OfUtOfUtRfT,-0.002
OfUtOfUtRvV,-0.002
OfUtOtUfRtU,-0.002
OfUtOtUfRvV,-0.002
OfUtOtUtRfT,-0.002
OfUtOtUtRvV,-0.002
RtUfRtUfOfT,-0.002
RtUfRtUfOfU,-0.002
RtUfRtUfOtU,-0.002
RtUfRtUfOlL,-0.002
RtUfRtUtOfT,-0.002
RtUfRtUtOfU,-0.002
RtUfRtUtOtU,-0.002
RtUfRtUtOlL,-0.002
RtUfOfUfRfT,-0.002
RtUfOfUfRtU,-0.002
RtUfOfUfOfT,-0.002
RtUfOfUfOfU,-0.002
RtUfOfUfOtU,-0.002
RtUfOfUfOlL,-0.002
RtUfOfUtOfT,-0.002
RtUfOfUtOfU,-0.002
RtUfOfUtOtU,-0.002
RtUfOfUtOlL,-0.002
RtUfOtUfRfT,-0.002
RtUfOtUfRtU,-0.002
RtUfOtUfOfT,-0.002
RtUfOtUfOfU,-0.002
RtUfOtUfOtU,-0.002
RtUfOtUfOlL,-0.002
RtUfOtUtOfT,-0.002
RtUfOtUtOfU,-0.002
RtUfOtUtOtU,-0.002
RtUfOtUtOlL,-0.002
RtUtOfUfRfT,-0.002
RtUtOfUfRtU,-0.002
RtUtOfUfOfT,-0.002
RtUtOfUfOfU,-0.002
RtUtOfUfOtU,-0.002
RtUtOfUfOlL,-0.002
RtUtOfUtOfT,-0.002
RtUtOfUtOfU,-0.002
RtUtOfUtOtU,-0.002
RtUtOfUtOlL,-0.002
RtUtOtUfRfT,-0.002
RtUtOtUfRtU,-0.002
RtUtOtUfOfT,-0.002
RtUtOtUfOfU,-0.002
RtUtOtUfOtU,-0.002
RtUtOtUfOlL,-0.002
RtUtOtUtOfT,-0.002
RtUtOtUtOfU,-0.002
RtUtOtUtOtU,-0.002
RtUtOtUtOlL,-0.002
OtUfRtUfRfT,-0.002
OtUfRtUfRtU,-0.002
OtUfRtUfOfT,-0.002
OtUfRtUfOfU,-0.002
OtUfRtUfOtU,-0.002
OtUfRtUfOlL,-0.002
OtUfRtUtOfT,-0.002
OtUfRtUtOfU,-0.002
OtUfRtUtOtU,-0.002
OtUfRtUtOlL,-0.002
OtUtRvVvRfO,-0.002
OtUfOfUfRtU,-0.002
OtUfOfUfRvV,-0.002
OtUfOfUtRfT,-0.002
OtUfOfUtRvV,-0.002
OtUfOtUfRtU,-0.002
OtUfOtUfRvV,-0.002
OtUfOtUtRfT,-0.002
OtUfOtUtRvV,-0.002
OtUtOfUfRtU,-0.002
OtUtOfUfRvV,-0.002
OtUtOfUtRfT,-0.002
OtUtOfUtRvV,-0.002
OtUtOtUfRtU,-0.002
OtUtOtUfRvV,-0.002
OtUtOtUtRfT,-0.002
OtUtOtUtRvV,-0.002
UtOxUtRfTfR,-0.002
UtOxUtRvVvR,-0.002
UtOxUtOxUtR,-0.002
UtOxUtOxUtO,-0.002
UtOfUfRtUfR,-0.002
UtOfUfRtUfT,-0.002
UtOfUfRtUfO,-0.002
UtOfUfRtUtO,-0.002
UtOfUfRvVvR,-0.002
UtOfUtRfTfO,-0.002
UtOfUtRvVvR,-0.002
UtOfUfOfTfO,-0.002
UtOfUfOfUtR,-0.002
UtOfUfOtUtR,-0.002
UtOfUtOfTfO,-0.002
UtOfUtOfUtR,-0.002
UtOfUtOtUtR,-0.002
UtOtUfRtUfR,-0.002
UtOtUfRtUfT,-0.002
UtOtUfRtUfO,-0.002
UtOtUfRtUtO,-0.002
UtOtUfRvVvR,-0.002
UtOtUtRfTfO,-0.002
UtOtUtRvVvR,-0.002
UtOtUfOfTfO,-0.002
UtOtUfOfUtR,-0.002
UtOtUfOtUtR,-0.002
UtOtUtOfUtR,-0.002
UtOtUtOtUtR,-0.002
RvVvRtUfOfT,-0.002
RvVvRtUfOfU,-0.002
RvVvRtUfOtU,-0.002
RvVvRtUfOlL,-0.002
RvVvRtUtOfT,-0.002
RvVvRtUtOfU,-0.002
RvVvRtUtOtU,-0.002
RvVvRtUtOlL,-0.002
VvRtUfRtUfO,-0.002
VvRtUfRtUtO,-0.002
VvRtUfOfTlL,-0.002
VvRtUfOfUfR,-0.002
VvRtUfOfUfT,-0.002
VvRtUfOfUfO,-0.002
VvRtUfOfUtO,-0.002
VvRtUfOtUfR,-0.002
VvRtUfOtUfT,-0.002
VvRtUfOtUfO,-0.002
VvRtUfOtUtO,-0.002
VvRtUtOfTlL,-0.002
VvRtUtOfUfR,-0.002
VvRtUtOfUfT,-0.002
VvRtUtOfUfO,-0.002
VvRtUtOfUtO,-0.002
VvRtUtOtUfR,-0.002
VvRtUtOtUfT,-0.002
VvRtUtOtUfO,-0.002
VvRtUtOtUtO,-0.002
OtRvVvRtUxR,-0.002
UaRfOtO,-0.002
UaRtOtO,-0.002
UaRvVvRfOtO,-0.002
OxRtT,-0.002
VvRtT,-0.002
RvVvRtT,-0.002
UtRvVvRtT,-0.002
UxRvVvRtT,-0.002
UtTtTtO,-0.002
UtTtOtOfO,-0.002
UtTtOtOtO,-0.002
UtTtOtOlL,-0.002
UtTtOtOtR,-0.002
UtTtOaOaO,-0.002
UtTtTtOtO,-0.002
UtTtTtOlL,-0.002
TtTtOtOfO,-0.002
TtTtOtOtR,-0.002
TtTtOaOaO,-0.002
TtTfTtOaO,-0.002
OfTtTtOtOfO,-0.002
OfTtTtOtOtR,-0.002
OfTtTtOaOaO,-0.002
OfTtTfTtOaO,-0.002
TtOfTtTfTtO,-0.002
OtOfTtTfTtO,-0.002
UtTtOtOfOtO,-0.002
UtTtOtOfOlL,-0.002
UtTtOtOtOtO,-0.002
UtTtOtOtOlL,-0.002
UtTtOtOtRtO,-0.002
UtTtOaOfOfT,-0.002
UtTtOaOtOfT,-0.002
UtTtOaOaOtO,-0.002
UtTtOaOaOlL,-0.002
UtTtOaOtRfT,-0.002
UtTtOaOtRlL,-0.002
UtTtTtOfTtO,-0.002
UtTtTtOfTtT,-0.002
TtTtOtOfOtO,-0.002
TtTtOtOfOlL,-0.002
TtTtOtOtRtO,-0.002
TtTtOtOtRvV,-0.002
TtTtOaOfOfT,-0.002
TtTtOaOaOtO,-0.002
TtTtOaOaOlL,-0.002
TtTtOaOtRfT,-0.002
TtTtOaOtRlL,-0.002
TtTtTtOtOfO,-0.002
TtTtTtOtOtO,-0.002
TtTtTtOtOlL,-0.002
TtTtTtOtOtR,-0.002
TtTtTtOaOaO,-0.002
TtTfTtOfTtO,-0.002
TtTfTtOfTfT,-0.002
TtTfTtOfOfT,-0.002
TtTfTtOtOfT,-0.002
TtTfTtOaOtO,-0.002
TtTfTtOaOlL,-0.002
TfTtOfTtTlL,-0.002
OtTtTfTtOaO,-0.002
TtTfTtOtTlL,-0.002
TtOtTtTfTtO,-0.002
OtOtTtTfTtO,-0.002
TfTtOtTtTlL,-0.002
OtUaRfTfO,-0.002
UaRtT,-0.002
UaRfOlL,-0.002
UaRfOtR,-0.002
UaRtOlL,-0.002
UaRtOtR,-0.002
UaRtTlL,-0.002
UaRfOtRfO,-0.002
UaRfOtRvV,-0.002
UaRfOtRtO,-0.002
UaRfOtRtT,-0.002
UaRtOtRfO,-0.002
UaRtOtRvV,-0.002
UaRtOtRtO,-0.002
UaRtOtRtT,-0.002
UaRfOtRfOlL,-0.002
UaRfOtRfOtR,-0.002
UaRfOtRvVvR,-0.002
UaRfOtRtOlL,-0.002
UaRfOtRtOtR,-0.002
UaRfOtRtTlL,-0.002
UaRvVvRfOfO,-0.002
UaRtOtRfOlL,-0.002
UaRtOtRfOtR,-0.002
UaRtOtRvVvR,-0.002
UaRtOtRtOlL,-0.002
UaRtOtRtOtR,-0.002
UaRtOtRtTlL,-0.002
OfRvVvRtUxR,-0.002
OfUaR,-0.002
UfOfUaR,-0.002
UfOtUaR,-0.002
OfUaRfT,-0.002
OfUaRvV,-0.002
UtOfUaR,-0.002
UtOtUaR,-0.002
OxUfOfUaR,-0.002
OxUfOtUaR,-0.002
OxUtOfUaR,-0.002
OxUtOtUaR,-0.002
UfOfUaRfT,-0.002
UfOfUaRvV,-0.002
UfOtUaRfT,-0.002
UfOtUaRvV,-0.002
OfUfOfUaR,-0.002
OfUfOtUaR,-0.002
OfUtOfUaR,-0.002
OfUtOtUaR,-0.002
OfUaRvVvR,-0.002
OtUfOfUaR,-0.002
OtUfOtUaR,-0.002
OtUtOfUaR,-0.002
OtUtOtUaR,-0.002
UtOfUaRfT,-0.002
UtOfUaRvV,-0.002
UtOtUaRfT,-0.002
UtOtUaRvV,-0.002
OxUfOfUaRfT,-0.002
OxUfOfUaRvV,-0.002
OxUfOtUaRfT,-0.002
OxUfOtUaRvV,-0.002
OxUtOfUaRfT,-0.002
OxUtOfUaRvV,-0.002
OxUtOtUaRfT,-0.002
OxUtOtUaRvV,-0.002
UfOfUfOfUaR,-0.002
UfOfUfOtUaR,-0.002
UfOfUtOfUaR,-0.002
UfOfUtOtUaR,-0.002
UfOfUaRvVvR,-0.002
UfOtUfOfUaR,-0.002
UfOtUfOtUaR,-0.002
UfOtUtOfUaR,-0.002
UfOtUtOtUaR,-0.002
UfOtUaRvVvR,-0.002
OfUfOfUaRfT,-0.002
OfUfOfUaRvV,-0.002
OfUfOtUaRfT,-0.002
OfUfOtUaRvV,-0.002
OfUtOfUaRfT,-0.002
OfUtOfUaRvV,-0.002
OfUtOtUaRfT,-0.002
OfUtOtUaRvV,-0.002
OfUaRvVvRfT,-0.002
OtUfOfUaRfT,-0.002
OtUfOfUaRvV,-0.002
OtUfOtUaRfT,-0.002
OtUfOtUaRvV,-0.002
OtUtOfUaRfT,-0.002
OtUtOfUaRvV,-0.002
OtUtOtUaRfT,-0.002
OtUtOtUaRvV,-0.002
UtOfUfOfUaR,-0.002
UtOfUfOtUaR,-0.002
UtOfUtOfUaR,-0.002
UtOfUtOtUaR,-0.002
UtOfUaRvVvR,-0.002
UtOtUfOfUaR,-0.002
UtOtUfOtUaR,-0.002
UtOtUtOfUaR,-0.002
UtOtUtOtUaR,-0.002
UtOtUaRvVvR,-0.002
OfTtOfU,-0.002
OfOtOfU,-0.002
OaOtOfU,-0.002
OfOfTtOfU,-0.002
OfOtOtOfU,-0.002
OfOaOtOfU,-0.002
UtTtOtOfR,-0.002
TtOtOtOfU,-0.002
TtOaOtOfU,-0.002
OfTtOfTtOfU,-0.002
OfTtOfOtOfU,-0.002
OtOtOfOtOfU,-0.002
OfOtOfOtOfU,-0.002
OfOfOfTtOfU,-0.002
OfOfOfOtOfU,-0.002
OfOaOfOtOfU,-0.002
UtTtOtOfRtO,-0.002
UtTtOaOfRfT,-0.002
UtTtOaOfRlL,-0.002
TtOtOfTtOfU,-0.002
TtOtOtOtOfU,-0.002
TtOtOaOtOfU,-0.002
TtOfOtOtOfU,-0.002
TtOfOfOtOfU,-0.002
TtOfOaOtOfU,-0.002
OaOtOfOtOfU,-0.002
OaOfOfTtOfU,-0.002
RfOtOaOtOfU,-0.002
RfOfOtOtOfU,-0.002
RfOfOaOtOfU,-0.002
OfUaRfTfO,-0.002
UfOtUaRfTfO,-0.002
UfOfUaRfTfO,-0.002
UtOtUaRfTfO,-0.002
UtOfUaRfTfO,-0.002
TtTtOtOfR,-0.002
TtTtTtOtOfR,-0.002
TtTtOtOfRtO,-0.002
TtTtOtOfRvV,-0.002
TtTtOaOfRlL,-0.002
TtTtOaOfRfT,-0.002
OfTtTtOtOfR,-0.002
TtUaRfTfO,-0.002
UfTtUaRfTfO,-0.002
UtTtUaRfTfO,-0.002
TxRlL,-0.002
VvR,0.001
OxRvVvRtU,-0.001
TfOfOlL,-0.001
RfTfOfOlL,-0.001
TtOaOfRvV,-0.001
TtOaOtRvV,-0.001
OfTtOaOfRvV,-0.001
OfTtOaOtRvV,-0.001
UtOfTtOfTfO,-0.001
UxRfTfOfOlL,-0.001
TtOfOfOfOtO,-0.001
TtOfOfOfOlL,-0.001
TtOfOfOfTtO,-0.001
TtOfTtOfOfO,-0.001
TtOaOfRvVvR,-0.001
TtOaOtRvVvR,-0.001
RfOtOfU,-0.001
VvRfOtOfU,-0.001
OtUtRvVvRtO,-0.001
OxRvVvRtUxR,-0.001
UtTtO,-0.001
UtTtOaO,-0.001
UtTtOlL,-0.001
TtTfTtO,-0.001
OfTtTfTtO,-0.001
UtTtOfTtO,-0.001
UtTtOfTfT,-0.001
UtTtOaOfO,-0.001
UtTtOaOtO,-0.001
UtTtOaOlL,-0.001
UtTtOaOtR,-0.001
TtTtOaOfO,-0.001
TtTtOaOtR,-0.001
TtTtTtOaO,-0.001
TtTfTtOfO,-0.001
TtTfTtOtO,-0.001
TtTfTtOlL,-0.001
TfTtOfTtT,-0.001
OfTtTtOaOfO,-0.001
OfTtTtOaOtR,-0.001
OfTtTtTtOaO,-0.001
OfTtTfTtOfO,-0.001
OfTtTfTtOtO,-0.001
OfTtTfTtOlL,-0.001
OfTfTtOfTtT,-0.001
OfOfTtTfTtO,-0.001
UtTtOfTtOaO,-0.001
UtTtOfTtOlL,-0.001
UtTtOaOfOtO,-0.001
UtTtOaOfOlL,-0.001
UtTtOaOtOtO,-0.001
UtTtOaOtOlL,-0.001
UtTtOaOtRtO,-0.001
TtTtOfTfTtO,-0.001
TtTtOaOfOtO,-0.001
TtTtOaOfOlL,-0.001
TtTtOaOtRtO,-0.001
TtTtOaOtRvV,-0.001
TtTtTtOaOfO,-0.001
TtTtTtOaOtO,-0.001
TtTtTtOaOlL,-0.001
TtTtTtOaOtR,-0.001
TtTfTtOfTtT,-0.001
TtTfTtOfOtO,-0.001
TtTfTtOfOlL,-0.001
TtTfTtOtOtO,-0.001
TtTfTtOtOlL,-0.001
UtOfTtTtOaO,-0.001
TfTtOfTtTtO,-0.001
TfTtOfTtTfT,-0.001
OtTtTfTtO,-0.001
TtTfTtOtT,-0.001
TfTtOtTtT,-0.001
OfTtTfTtOtT,-0.001
OfTfTtOtTtT,-0.001
OtTtTtTtOaO,-0.001
OtTtTfTtOtT,-0.001
OtTtTfTtOtO,-0.001
OtTtTfTtOlL,-0.001
OtTtTfTtOfO,-0.001
TtTfTtOtTtT,-0.001
TtTfTtOtTfT,-0.001
OfOtTtTfTtO,-0.001
TfTtOtTtTtO,-0.001
TfTtOtTtTfT,-0.001
UxRvVvRfTtU,-0.001
UtTtOfTfO,-0.001
UtRfTfOfOlL,-0.001
OfOfU,-0.001
TtOfU,-0.001
TtOtOfU,-0.001
TtOfOfU,-0.001
RfOfOfU,-0.001
UtTtOaOfR,-0.001
TtOfTtOfU,-0.001
TtOfOtOfU,-0.001
VvRfOfOfU,-0.001
OxRfOtOfU,-0.001
OxRfOfOfU,-0.001
UtTtOaOfRtO,-0.001
TtOtOfOtOfU,-0.001
TtOfOfTtOfU,-0.001
RfOtOfTtOfU,-0.001
RfOtOfOtOfU,-0.001
RfOfOfTtOfU,-0.001
RfOfOfOtOfU,-0.001
TtTtOaOfR,-0.001
TtTtTtOaOfR,-0.001
TtTtOaOfRtO,-0.001
TtTtOaOfRvV,-0.001
OfTtTtOaOfR,-0.001
TxR,-0.001
TxRfOlL,-0.001
RtUfTtU,0.0008
VvRtUfTtU,0.0008
RtUfTtUfTtU,0.0008
RvVvRtUfTtU,0.0008
OxRfU,0.0008
OfTfOfT,-0.0005
