metapath,difference
UfRtUfTlL,191.364
RtUfRtUfTlL,191.364
UfRtUfRlL,190.2692
RtUfRtUfRlL,190.2692
UfRtUfRtUfT,93.2278
UfRtUfRtU,93.0301
UfRtUfRtUfR,93.0301
RtUfRtUfRtU,93.0301
UfRtUfRtUtO,92.2675
RtUfTlL,20.9626
UfTlL,20.9497
UfRlL,20.2169
RtUfRlL,20.2169
UfRtUfT,9.9852
RtUfRtUfT,9.9852
UfRtU,9.7875
UfRtUfR,9.7875
RtUfRtU,9.7875
RtUfRtUfR,9.7875
UfRtUtO,9.538
RtUfRtUtO,9.538
OtUfRtUfTlL,9.1154
OfUfRtUfTlL,8.9015
OfUfRtUfRlL,8.8608
OtUfRtUfRlL,8.8404
OtRaOtRfTlL,-8.6946
UtOtOfUfTlL,7.0227
UtOtOfUfRlL,7.0122
UtOtOtUfTlL,7.007
UtOtOtUfRlL,7.0017
OaRaOtRfTlL,-5.7294
OfUfRtUfRtU,4.1732
OtUfRtUfRtU,4.165
UfRtUtOtOfU,3.5061
UtOtOfUfRtU,3.5061
UfRtUtOtOtU,3.5009
UtOtOtUfRtU,3.5009
TtUfTtUfTlL,3.1075
OtRfTlL,-2.9807
RaOtRfTlL,-2.9652
UxRaOtRfTlL,-2.9652
OtRfOtRfTlL,-2.8982
OtRtOtRfTlL,-2.8982
RaOtRaOfTlL,-2.7951
OtRaOfTlL,-2.7332
UtOaRfTlL,-2.5464
UtOtRfTlL,-2.2526
OaRfTlL,-2.1418
UxRfTlL,-2.0901
UtOtRaOfTlL,-1.9871
UtOaRaOfTlL,-1.9871
RfTlL,-1.9338
OaRfOtRfTlL,-1.9098
OaRtOtRfTlL,-1.9098
TlL,1.8401
RlL,1.8176
OaRaOfTlL,-1.8015
RaOtRaOtRfT,-1.7861
OtRaOtRfT,-1.732
TtUfTlL,1.5996
UfTtUfTlL,1.5996
TtUfRtUfTlL,1.5996
RtUfTtUfTlL,1.5996
RtU,1.5739
TtUtTtUfTlL,1.5079
OfRtUfTlL,1.4921
OtRaOtRaOfT,-1.4845
RtUfT,1.4477
UfT,1.4451
OtUfTlL,1.3667
OtOaRfTlL,-1.3247
OtOtRfTlL,-1.2938
OfRtUtOtOfO,1.2723
UfR,1.25
RtUfR,1.25
UtOtRaOtRfT,-1.2448
UtOaRaOtRfT,-1.2448
UxRlL,-1.2412
TtUfTtUfT,1.2383
UfTtUfTtUfT,1.2383
OfOtOaRfTlL,-1.2345
OtOtOaRfTlL,-1.2345
OtOtRaOfTlL,-1.2062
OtOaRaOfTlL,-1.2062
OfOtOtRfTlL,-1.2036
OtOtOtRfTlL,-1.2036
OtOtOtOfTlL,-1.1657
OfUfTlL,1.1528
UtOfTlL,-1.1508
OaRaOtRfT,-1.1366
OfUfRlL,1.1121
OtUfRlL,1.0917
RtUtO,1.0634
OtOfTlL,-1.0419
UtRlL,-1.0322
UtO,1.0206
RfOtRfTlL,-0.9884
RtOtRfTlL,-0.9884
UxRfOtRfTlL,-0.9884
UxRtOtRfTlL,-0.9884
OaRaOtRaOfT,-0.9742
OfOfOtOfTlL,-0.951
OfRtUfRlL,0.9424
RaOfTlL,-0.9317
UxRaOfTlL,-0.9317
RfOtRaOfTlL,-0.9317
RaOtRfOfTlL,-0.9317
RaOtRtOfTlL,-0.9317
RtOtRaOfTlL,-0.9317
OtRfOfTlL,-0.9111
OtRtOfTlL,-0.9111
OfRtUtOtOtO,0.8953
OtOfUfTlL,0.8796
RfT,-0.8637
OtOfUfRlL,0.8586
TtUfTtUfRlL,0.8469
OtOaOfTlL,-0.8402
UxRfT,-0.8371
OfTlL,-0.8229
TtOfTtOfTlL,0.8218
TtUfTtUfTtU,0.8207
OtOtOfTlL,-0.8129
OxUfTtUfTlL,0.801
TtUfTtUtTlL,0.7958
RaOtRaOtRaO,-0.7655
RaOtRaOtRlL,-0.7655
OtOaOtOfTlL,-0.7603
OtOtRaOtRfT,-0.7577
OtOaRaOtRfT,-0.7577
OtOtUfTlL,0.7557
TfTtUfTlL,0.7539
UtTtUfTlL,0.7539
UfTfTtUfTlL,0.7539
RtUtTtUfTlL,0.7539
UtTfTtUfTlL,0.7539
OaOfOtOfTlL,-0.7487
RtTlL,-0.7423
UxRtTlL,-0.7423
OtRaOtRaO,-0.7423
OtRaOtRlL,-0.7423
OtRaOtRaOtR,-0.7423
OtRaOtRaOlL,-0.7423
OtOtUfRlL,0.74
TtOtRfTlL,-0.7216
TtOaRfTlL,-0.7216
OfTtOtRfTlL,-0.7216
OfTtOaRfTlL,-0.7216
OtUfTtUfTlL,0.7175
TtUfTfTlL,0.7016
TtUtTfTlL,0.7016
UfTtUfTfTlL,0.7016
UfTtUtTfTlL,0.7016
UtRtTlL,-0.6997
TtOtRaOfTlL,-0.6804
TtOaRaOfTlL,-0.6804
OfOtOfTlL,-0.674
UtOtRfOfTlL,-0.6624
UtOtRtOfTlL,-0.6624
UtOaRfOfTlL,-0.6624
UtOaRtOfTlL,-0.6624
OaOfTlL,-0.6495
UfOfTtOfTlL,0.6422
TtTtOtRfTlL,-0.6314
TtTtOaRfTlL,-0.6314
TtUfT,0.6309
UfTtUfT,0.6309
TtUfRtUfT,0.6309
RtUfTtUfT,0.6309
UfTtUfRtUfT,0.6309
UfRtUfTtUfT,0.6309
UaOfTtOfTlL,0.6087
TtUtTtUfT,0.6073
UfTtUtTtUfT,0.6073
TfTtUfTtUfT,0.6073
TtUfTfTtUfT,0.6073
TtUtTfTtUfT,0.6073
UtTtUfTtUfT,0.6073
OaOaOtOfTlL,-0.6031
OaRfOfTlL,-0.6005
OaRtOfTlL,-0.6005
RaOtRfT,-0.5954
UxRaOtRfT,-0.5954
RfOtRaOtRfT,-0.5954
RaOtRfOtRfT,-0.5954
RaOtRtOtRfT,-0.5954
RtOtRaOtRfT,-0.5954
OtRfT,-0.5928
OtUfRtUfT,0.5865
UtRfTlL,-0.5863
OtRfOtRfT,-0.5773
OtRtOtRfT,-0.5773
OtOfRtUtOtO,0.5654
OfOfRtUtOtO,0.5654
OfRtUtOtO,0.5642
RtUxRlL,0.5588
UxRtUxRlL,0.5588
RtUxRtUxRlL,0.5588
OxUfRtUfTlL,0.5445
OaOtOtOfTlL,-0.5425
UxR,-0.5421
UtOtRaOtRaO,-0.5335
UtOtRaOtRlL,-0.5335
UtOaRaOtRaO,-0.5335
UtOaRaOtRlL,-0.5335
OxUfTlL,0.5316
OfUfRtUfT,0.528
UtR,-0.5232
OfUfRtU,0.5188
OfUfRtUfR,0.5188
OtUfRtU,0.5105
OtUfRtUfR,0.5105
RaOtRaOfT,-0.5103
UxRaOtRaOfT,-0.5103
OtRaOfT,-0.4948
OtRfOtRaOfT,-0.4948
OtRaOtRfOfT,-0.4948
OtRaOtRtOfT,-0.4948
OtRtOtRaOfT,-0.4948
UtOaRfT,-0.4884
OaRaOtRaO,-0.4871
OaRaOtRlL,-0.4871
OaRaOtRaOtR,-0.4871
OaRaOtRaOlL,-0.4871
OtOtOaOfTlL,-0.482
RtUtTfTlL,0.4764
UfRtUtTfTlL,0.4764
UtTfTlL,0.4752
OfRtUfRtU,0.4712
OfRtUfRtUfR,0.4712
OfRtUfRtUfT,0.4712
OfOfOtOtRfT,-0.4691
OfOfOtOaRfT,-0.4691
OaOtOfTlL,-0.4562
OfRtUfRtUtO,0.4555
TtUfRlL,0.449
UfTtUfRlL,0.449
TtUfRtUfRlL,0.449
RtUfTtUfRlL,0.449
UtOtRfT,-0.4394
TtOtRaOtRfT,-0.433
TtOaRaOtRfT,-0.433
OtOfOtOfTlL,-0.4317
OtOfUfRtU,0.4293
OtOfUfRtUfR,0.4293
OtOfUfRtUfT,0.4293
OtOfUfRtUtO,0.4276
OfUfRtUtO,0.4263
OfRtUtOtOfR,0.4241
OfRtUtOtOfT,0.4241
OfRtUtOfOfO,0.4241
TtUfTtU,0.4228
UfTtUfTtU,0.4228
TtUfTtUfR,0.4228
UfTtUfTtUfR,0.4228
TtUfTtUfRtU,0.4228
TtUfRtUfTtU,0.4228
RtUfTtUfTtU,0.4228
OaRfT,-0.4175
UtOtRfOtRfT,-0.4149
UtOtRtOtRfT,-0.4149
UtOaRfOtRfT,-0.4149
UtOaRtOtRfT,-0.4149
UfRtUtOtO,0.4119
OfUfRtUtOtO,0.4119
RtUfRtUtOtO,0.4119
UtOtOfUtOtO,0.4119
OtUfRtUtOtO,0.4119
UaRfTlL,-0.4111
OtOtRfOfTlL,-0.4021
OtOtRtOfTlL,-0.4021
OtOaRfOfTlL,-0.4021
OtOaRtOfTlL,-0.4021
OtOaOfOfTlL,-0.4008
TtUtTlL,0.3979
UfTtUtTlL,0.3979
TtUfTtUtT,0.3979
UfTtUfTtUtT,0.3979
TtUfTtUfTfT,0.3979
TtUfTtUtTfT,0.3979
TtUfTtUtTtU,0.3979
TtUfRtUtTlL,0.3979
TtUtTtUfTtU,0.3979
TtUtTtUfRlL,0.3979
TtUtTtUtTlL,0.3979
RtUfTtUtTlL,0.3979
OfRlL,0.3879
RfOfTlL,-0.3879
RaOtRaOtRtO,-0.3827
OtRaOtRtTlL,-0.3827
OxUtTtUfTlL,0.3822
UaOaRfTlL,-0.3814
OfOfOfTlL,-0.3805
TtOfTtOfT,0.3799
OfTtOfTtOfT,0.3799
OaRfOtRfT,-0.3789
OaRtOtRfT,-0.3789
OtOfRtUfTlL,0.377
OfOfRtUfTlL,0.377
OtOtOfRlL,0.3744
UaRlL,-0.3724
OtOtUfRtU,0.37
OtOtUfRtUfR,0.37
OtOtUfRtUfT,0.37
OtOtUfRtUtO,0.37
OtOtUtOtOfU,0.37
OtRaOtRtO,-0.3673
UtOtOfU,0.3647
OfUtOtOfU,0.3647
RtUtOtOfU,0.3647
UtOtOfUfR,0.3647
UtOtOfUfT,0.3647
UtOtOfUtO,0.3647
OtOfUtOtOfU,0.3647
OfUtOtOfUfR,0.3647
OfUtOtOfUfT,0.3647
OfUtOtOfUtO,0.3647
RtUtOtOfUfR,0.3647
RtUtOtOfUfT,0.3647
RtUtOtOfUtO,0.3647
OtUtOtOfU,0.3647
OtUtOtOfUfR,0.3647
OtUtOtOfUfT,0.3647
OtUtOtOfUtO,0.3647
OtUfRtUtO,0.3622
UtOtOtU,0.3595
OtUtOtOtU,0.3595
OfUtOtOtU,0.3595
RtUtOtOtU,0.3595
UtOtOtUfR,0.3595
UtOtOtUfT,0.3595
UtOtOtUtO,0.3595
OtOtUtOtOtU,0.3595
OtOfUtOtOtU,0.3595
OtUtOtOtUfR,0.3595
OtUtOtOtUfT,0.3595
OtUtOtOtUtO,0.3595
OfUtOtOtUfR,0.3595
OfUtOtOtUfT,0.3595
OfUtOtOtUtO,0.3595
RtUtOtOtUfR,0.3595
RtUtOtOtUfT,0.3595
RtUtOtOtUtO,0.3595
UtOtOtUtOtO,0.3595
UtOtRaOfT,-0.3557
UtOaRaOfT,-0.3557
OaOfOfTlL,-0.3544
UfTfTlL,0.3508
RtUfTfTlL,0.3508
UfRtUfTfTlL,0.3508
TfTtUfTfTlL,0.3508
TfTtUtTfTlL,0.3508
UtTtUfTfTlL,0.3508
UtTtUtTfTlL,0.3508
OtOaOaOfTlL,-0.3363
OxUfTtUfT,0.3351
OtUtTtUfTlL,0.3351
OaRaOfT,-0.3247
OtOtRaOtRaO,-0.3247
OtOtRaOtRlL,-0.3247
OtOaRaOtRaO,-0.3247
OtOaRaOtRlL,-0.3247
OaRfOtRaOfT,-0.3247
OaRaOtRfOfT,-0.3247
OaRaOtRtOfT,-0.3247
OaRtOtRaOfT,-0.3247
UtTtOfTlL,0.3211
UtTfTtOfTlL,0.3211
OxUfOfTlL,0.3211
OxUaOfTlL,0.3211
RtUaOfTlL,0.3211
OxUtTtOfTlL,0.3211
UfRtUaOfTlL,0.3211
RtUtTtOfTlL,0.3211
OfOfOfOfTlL,-0.3183
RtOfTlL,-0.3183
UfOfTlL,0.316
RtUfOfTlL,0.316
UfRtUfOfTlL,0.316
OxRfTlL,-0.3134
UxRfOfTlL,-0.3106
UxRtOfTlL,-0.3106
RfOtRfOfTlL,-0.3106
RfOtRtOfTlL,-0.3106
RtOtRfOfTlL,-0.3106
RtOtRtOfTlL,-0.3106
UtOtOfOfTlL,0.31
OaOfTtOfTlL,-0.3093
UtOaRlL,-0.3093
TfTtUfT,0.3037
UtTtUfT,0.3037
UfTfTtUfT,0.3037
RtUtTtUfT,0.3037
UtTfTtUfT,0.3037
UfRtUtTtUfT,0.3037
TfTtUfRtUfT,0.3037
TfTtUtTtUfT,0.3037
RtUfTfTtUfT,0.3037
RtUtTfTtUfT,0.3037
UtTtUfRtUfT,0.3037
UtTtUtTtUfT,0.3037
RfOaOfTlL,-0.3015
OxRfOaOfTlL,-0.3015
OxRfT,-0.2994
OaOaOfTlL,-0.2977
TfOfTfOfTlL,-0.2964
TtTtOfTlL,-0.2964
OfTtTtOfTlL,-0.2964
OxUtTfTlL,0.2932
TtOfTtOfTtO,0.2915
UtOfTtOfTlL,-0.2899
TfTtOfTlL,0.2863
OfTfTtOfTlL,0.2863
UtOtOtOaRfT,-0.2861
TfTlL,0.2844
OfOfTlL,-0.2841
OfOtOtOfTlL,-0.2839
OtOfRtUfRlL,0.2827
OfOfRtUfRlL,0.2827
UtOtOfOfRlL,0.2827
RtUtTlL,0.2827
UfRtUtTlL,0.2827
RtUfRtUtTlL,0.2827
UtTlL,0.2801
OtRlL,-0.2758
UtOtOtOtRfT,-0.2758
UxRtU,0.2756
RtUxR,0.2756
UxRtUxR,0.2756
RtUxRtU,0.2756
UxRtUxRtU,0.2756
RtUxRtUxR,0.2756
UxRtUxRtUxR,0.2756
RtUxRtUxRtU,0.2756
UtRfT,-0.2745
UtOtOtOfTlL,-0.2721
UtOtRaOtRtO,-0.2706
UtOaRaOtRtO,-0.2706
OtOfTtOfTlL,-0.2642
OtOtOfOfRlL,0.2634
OtUfTtUfT,0.2619
TtTtTtOfTlL,-0.2616
OtOaRfT,-0.2603
UaOtRfTlL,-0.2577
OtOtRfT,-0.2552
RaOtRaO,-0.2552
RaOtRlL,-0.2552
RaOtRaOtR,-0.2552
RaOtRaOlL,-0.2552
UxRaOtRaO,-0.2552
UxRaOtRlL,-0.2552
RfOtRaOtRaO,-0.2552
RfOtRaOtRlL,-0.2552
RaOtRfOtRaO,-0.2552
RaOtRfOtRlL,-0.2552
RaOtRaOtRfO,-0.2552
RaOtRtOtRaO,-0.2552
RaOtRtOtRlL,-0.2552
RtOtRaOtRaO,-0.2552
RtOtRaOtRlL,-0.2552
UxRaOtRaOtR,-0.2552
UxRaOtRaOlL,-0.2552
OaRaOtRtTlL,-0.2552
OaOfOtOtRfT,-0.2526
OaOfOtOaRfT,-0.2526
OtOtRfOtRfT,-0.2526
OtOtRtOtRfT,-0.2526
OtOaRfOtRfT,-0.2526
OtOaRtOtRfT,-0.2526
OtOfRlL,0.2518
RfOaOaOfTlL,-0.2513
OaOtOaOfTlL,-0.25
OtOfOfTlL,-0.248
RtT,-0.2474
UxRtT,-0.2474
OtRaO,-0.2474
OtRaOtR,-0.2474
OtRaOlL,-0.2474
OtRfOtRaO,-0.2474
OtRfOtRlL,-0.2474
OtRaOtRfO,-0.2474
OtRtOtRaO,-0.2474
OtRtOtRlL,-0.2474
OtRfOtRaOtR,-0.2474
OtRfOtRaOlL,-0.2474
OtRaOtRfOtR,-0.2474
OtRaOtRfOlL,-0.2474
OtRaOtRtOtR,-0.2474
OtRaOtRtOlL,-0.2474
OtRtOtRaOtR,-0.2474
OtRtOtRaOlL,-0.2474
OfTfOfTlL,-0.2448
OfOfRlL,0.2428
OtOfOfRlL,0.2428
OfOtOaRfT,-0.2423
OtOtOaRfT,-0.2423
OtOtOtOaRfT,-0.2423
UtTtOfTtOfT,0.2408
UfOfTtOfT,0.2408
OxUfOfTtOfT,0.2408
OxUaOfTtOfT,0.2408
RtUfOfTtOfT,0.2408
RtUaOfTtOfT,0.2408
OaRaOtRtO,-0.2397
OfOtOtRfT,-0.2371
OtOtOtRfT,-0.2371
OtOtOtOtRfT,-0.2371
UtRtT,-0.2332
UaOfTtOfT,0.2331
OaRlL,-0.232
OxUfTtUfRlL,0.2304
TtOtRfOfTlL,-0.2268
TtOtRtOfTlL,-0.2268
TtOaRfOfTlL,-0.2268
TtOaRtOfTlL,-0.2268
TtU,0.2238
UfTtU,0.2238
TtUfR,0.2238
UfTtUfR,0.2238
TtUfRtU,0.2238
RtUfTtU,0.2238
UfTtUfRtU,0.2238
UfRtUfTtU,0.2238
TtUfRtUfR,0.2238
RtUfTtUfR,0.2238
UfTtUfRtUfR,0.2238
UfRtUfTtUfR,0.2238
TtUfRtUfRtU,0.2238
RtUfTtUfRtU,0.2238
RtUfRtUfTtU,0.2238
TfTtOfTtOfT,0.2228
TtOfTfTtOfT,0.2228
UtOtRlL,-0.2216
OfOtOaOfTlL,-0.2204
OfRtUfR,0.2199
OfRtUfT,0.2199
OxUfTtUfTtU,0.2199
OtOfOfOfTlL,-0.2173
OfOaOtOfTlL,-0.2165
OtOtRaOfT,-0.2165
OtOaRaOfT,-0.2165
OxUfRtUfT,0.2147
TtOfTlL,0.2131
OfTtOfTlL,0.2131
OxUfT,0.2121
OfRtU,0.2096
OxUfRlL,0.2094
OxUfTtUtTlL,0.2094
OxUfRtUfRlL,0.2094
UtOaOfOfTlL,-0.2075
TtOaOtOfTlL,-0.2062
OfOfOtOtRaO,-0.201
OfOfOtOtRlL,-0.201
OfOfOtOaRaO,-0.201
OfOfOtOaRlL,-0.201
OfOtOtRaOfT,-0.201
OfOtOaRaOfT,-0.201
OtOtOtRaOfT,-0.201
OtOtOaRaOfT,-0.201
UtRaOtRfTlL,-0.201
OtUfT,0.199
TtUtT,0.199
UfTtUtT,0.199
TtUfTfT,0.199
TtUtTfT,0.199
TtUtTtU,0.199
UfTtUfTfT,0.199
UfTtUtTfT,0.199
UfTtUtTtU,0.199
TfTtUfTtU,0.199
TfTtUfRlL,0.199
TfTtUtTlL,0.199
TtUfTfTtU,0.199
TtUfRtUtT,0.199
TtUtTfTtU,0.199
TtUtTtUfR,0.199
TtUtTtUtT,0.199
RtUfTtUtT,0.199
UtTtUfTtU,0.199
UtTtUfRlL,0.199
UtTtUtTlL,0.199
UfTfTtUfTtU,0.199
UfTfTtUfRlL,0.199
UfTfTtUtTlL,0.199
UfTtUfTfTtU,0.199
UfTtUfRtUtT,0.199
UfTtUtTfTtU,0.199
UfTtUtTtUfR,0.199
UfTtUtTtUtT,0.199
UfRtUfTtUtT,0.199
TfTtUfTtUfR,0.199
TfTtUfTtUtT,0.199
TtUfTfTtUfR,0.199
TtUfTfTtUtT,0.199
TtUfRtUfTfT,0.199
TtUfRtUtTfT,0.199
TtUfRtUtTtU,0.199
TtUtTfTtUfR,0.199
TtUtTfTtUtT,0.199
TtUtTtUfTfT,0.199
TtUtTtUfRtU,0.199
TtUtTtUtTfT,0.199
TtUtTtUtTtU,0.199
RtUfTtUfTfT,0.199
RtUfTtUtTfT,0.199
RtUfTtUtTtU,0.199
RtUtTtUfTtU,0.199
RtUtTtUfRlL,0.199
RtUtTtUtTlL,0.199
UtTfTtUfTtU,0.199
UtTfTtUfRlL,0.199
UtTfTtUtTlL,0.199
UtTtUfTtUfR,0.199
UtTtUfTtUtT,0.199
RfOtRfT,-0.1985
RtOtRfT,-0.1985
UxRfOtRfT,-0.1985
UxRtOtRfT,-0.1985
RfOtRfOtRfT,-0.1985
RfOtRtOtRfT,-0.1985
RtOtRfOtRfT,-0.1985
RtOtRtOtRfT,-0.1985
OtUfTtUfRlL,0.1964
OtOfOaOfTlL,-0.1946
OfRtUtO,0.1939
UtOfT,-0.1933
TfOfTfOfTfO,-0.1933
UaRfT,-0.1907
OtOtOfRtU,0.1885
OtOtOfRtUfR,0.1885
OtOtOfRtUfT,0.1885
OtOtOfRtUtO,0.1885
OtOtUtOtOfO,0.1885
OxUtTlL,0.1885
OxUfRtUtTlL,0.1885
OtOtOfR,0.1872
OaOtOfOfTlL,-0.1869
OtOtOtOfRlL,0.1859
TtOtRaOtRaO,-0.1856
TtOtRaOtRlL,-0.1856
TtOaRaOtRaO,-0.1856
TtOaRaOtRlL,-0.1856
UaOtRaOfTlL,-0.1856
UaOaRaOfTlL,-0.1856
OfOtOfOfTlL,-0.1843
UtOtOtOfRlL,0.1833
UaR,-0.183
OtUfTtUfTtU,0.1807
UtOtRaO,-0.1778
UtOaRaO,-0.1778
UtOtRaOtR,-0.1778
UtOtRaOlL,-0.1778
UtOaRaOtR,-0.1778
UtOaRaOlL,-0.1778
UtOtRfOtRaO,-0.1778
UtOtRfOtRlL,-0.1778
UtOtRaOtRfO,-0.1778
UtOtRtOtRaO,-0.1778
UtOtRtOtRlL,-0.1778
UtOaRfOtRaO,-0.1778
UtOaRfOtRlL,-0.1778
UtOaRaOtRfO,-0.1778
UtOaRtOtRaO,-0.1778
UtOaRtOtRlL,-0.1778
OtOfOfOfRlL,0.1769
OtOaOfT,-0.1765
OfTfOfTfOfT,-0.1727
OtTlL,-0.1701
RaOfT,-0.1701
UxRaOfT,-0.1701
RfOtRaOfT,-0.1701
RaOtRfOfT,-0.1701
RaOtRtOfT,-0.1701
RtOtRaOfT,-0.1701
UxRfOtRaOfT,-0.1701
UxRaOtRfOfT,-0.1701
UxRaOtRtOfT,-0.1701
UxRtOtRaOfT,-0.1701
OlL,-0.1695
OxUfTfTlL,0.1675
OtUfTfTlL,0.1675
OtUtTfTlL,0.1675
OtUfTtUtTlL,0.1675
TtOtOtOfTlL,-0.1649
OtRfOfT,-0.1649
OtRtOfT,-0.1649
OtRfOtRfOfT,-0.1649
OtRfOtRtOfT,-0.1649
OtRtOtRfOfT,-0.1649
OtRtOtRtOfT,-0.1649
OxOfTfOfTlL,-0.1649
OfOaOfTlL,-0.1637
OtOaOtOfT,-0.1624
OaRaO,-0.1624
OaRaOtR,-0.1624
OaRaOlL,-0.1624
OaRfOtRaO,-0.1624
OaRfOtRlL,-0.1624
OaRaOtRfO,-0.1624
OaRtOtRaO,-0.1624
OaRtOtRlL,-0.1624
OaRfOtRaOtR,-0.1624
OaRfOtRaOlL,-0.1624
OaRaOtRfOtR,-0.1624
OaRaOtRfOlL,-0.1624
OaRaOtRtOtR,-0.1624
OaRaOtRtOlL,-0.1624
OaRtOtRaOtR,-0.1624
OaRtOtRaOlL,-0.1624
OxUtTtUfT,0.1623
OxUfTfTtUfT,0.1623
OxUtTfTtUfT,0.1623
OtOfOfOtOfT,-0.1611
UfOfTtOfTtO,0.1606
UaOfTtOfTtO,0.1593
OtOlL,-0.1546
OtOtOtOfT,-0.1532
OtUxRfT,-0.1521
OtUxRlL,-0.1521
OtUxRfTlL,-0.1521
OfTfOfTfO,-0.1521
OfTfOfTfOtO,-0.1521
OfTfOfTfOfR,-0.1521
OfTfOfTfOlL,-0.1521
OfR,0.1517
UtOfTfTlL,-0.1508
TtOfT,0.1506
OfTtOfT,0.1506
OtOtUtOtO,0.1501
OfOfOtOfT,-0.1482
OtOaOfOtOfT,-0.1469
TtTtOfTfTlL,-0.1456
TtOtRfT,-0.1443
TtOaRfT,-0.1443
OfTtOtRfT,-0.1443
OfTtOaRfT,-0.1443
UtOfTtOtRfT,-0.1443
UtOfTtOaRfT,-0.1443
TtOfTtOtRfT,-0.1443
TtOfTtOaRfT,-0.1443
TtOtRfOtRfT,-0.1443
TtOtRtOtRfT,-0.1443
TtOaRfOtRfT,-0.1443
TtOaRtOtRfT,-0.1443
OtOaOtOtOfT,-0.143
OaOfT,-0.1418
OtOfTfOfTlL,-0.1418
OtOfRtU,0.1414
OtOfRtUfR,0.1414
OtOfRtUfT,0.1414
OtOfRtUtO,0.1414
RtUtOtOfTlL,0.1414
OtOfRtUfRtU,0.1414
OfOfRtU,0.1414
OtOfOfRtU,0.1414
OtUtOtOfO,0.1414
OfOfRtUfR,0.1414
OfOfRtUfT,0.1414
OfOfRtUtO,0.1414
OfUtOtOfO,0.1414
RtUtOtOfO,0.1414
UtOtOfOfR,0.1414
OtOtOfOfRtU,0.1414
OtOfOfRtUfR,0.1414
OtOfOfRtUfT,0.1414
OtOfOfRtUtO,0.1414
OtOfUtOtOfO,0.1414
OtUtOtOfOfR,0.1414
OtUtOtOfOfT,0.1414
OtUtOtOfTlL,0.1414
OfOfRtUfRtU,0.1414
OfUtOtOfOfR,0.1414
OfUtOtOfOfT,0.1414
OfUtOtOfTlL,0.1414
UfRtUtOtOfO,0.1414
OfRtUtOtOfU,0.1414
RtUtOtOfOfR,0.1414
RtUtOtOfOfT,0.1414
UtOtOfOfRtU,0.1414
RtUtT,0.1414
UfRtUtT,0.1414
RtUtTfT,0.1414
UfRtUtTfT,0.1414
RtUfRtUtT,0.1414
UfRtUfRtUtT,0.1414
RtUfRtUtTfT,0.1414
OfUfT,0.1405
OtOtOtOtOfR,0.1401
UtT,0.1401
UtTfT,0.1401
OaOaOtOfT,-0.1392
OtOaOaOtOfT,-0.1392
RfOaOaOtOfT,-0.1392
OtOtRaOtRtO,-0.1392
OtOaRaOtRtO,-0.1392
TtOfTtO,0.1361
OfTtOfTtO,0.1361
OaOfOtOfT,-0.134
UtOaOfTlL,-0.1314
UtOtOtOaRlL,-0.1314
RfOaOfOfTlL,-0.1314
RfOaOtOfTlL,-0.1314
OfU,0.1313
OfUfR,0.1313
OtOtOtOtOfT,-0.128
OtOtOtTlL,-0.1276
OtOtOtOtTlL,-0.1276
OtOtOaOtOfT,-0.1276
RaOtRtO,-0.1276
UxRaOtRtO,-0.1276
RfOtRaOtRtO,-0.1276
RaOtRfOtRtO,-0.1276
RaOtRtOtRtO,-0.1276
RtOtRaOtRtO,-0.1276
OtRtTlL,-0.1276
OtRaOtRtT,-0.1276
RaOtRtTlL,-0.1276
OtRfOtRtTlL,-0.1276
OtRtOtRtTlL,-0.1276
RaOtRaOtRtT,-0.1276
UxRaOtRtTlL,-0.1276
TtTtOtRfT,-0.1263
TtTtOaRfT,-0.1263
OfTtTtOtRfT,-0.1263
OfTtTtOaRfT,-0.1263
OtUxOfRfTlL,0.1257
OtUtOfRfTlL,0.1257
OtUtTtUfT,0.1257
OtUfTfTtUfT,0.1257
OtUtTfTtUfT,0.1257
UtOaR,-0.125
OtRtO,-0.125
UtOaOtOfTlL,-0.1237
TtOtRaOfT,-0.1237
TtOaRaOfT,-0.1237
OfTtOtRaOfT,-0.1237
OfTtOaRaOfT,-0.1237
OtUfR,0.1231
OtRfOtRtO,-0.1224
OtRtOtRtO,-0.1224
OtOtOfOfR,0.122
UtOtOfO,0.122
UtOtOfOfT,0.122
OtOtTlL,-0.1211
OaOtOaOtOfT,-0.1211
UtOtOtOtRlL,-0.1211
UtTtOfT,0.1204
UtTfTtOfT,0.1204
UtTtOfTfTlL,0.1204
UaOfTfTtOfT,0.1204
OxUfOfT,0.1204
OxUaOfT,0.1204
RtUaOfT,0.1204
OxUtTtOfT,0.1204
UfRtUaOfT,0.1204
UfOfTfTlL,0.1204
RtUtTtOfT,0.1204
OxUfRtUfOfT,0.1204
OxUfRtUaOfT,0.1204
OxUfOfTfTlL,0.1204
OxUaOfTfTlL,0.1204
OxUtTfTtOfT,0.1204
UfRtUtTtOfT,0.1204
UfOfTfTtOfT,0.1204
RtUfRtUaOfT,0.1204
RtUfOfTfTlL,0.1204
RtUaOfTfTlL,0.1204
RtUtTfTtOfT,0.1204
TtOfTtTfTlL,-0.1198
UfOfT,0.1191
RtUfOfT,0.1191
UfRtUfOfT,0.1191
RtUfRtUfOfT,0.1191
UtOtRfOfT,-0.1186
UtOtRtOfT,-0.1186
UtOaRfOfT,-0.1186
UtOaRtOfT,-0.1186
UxOfRfTlL,0.1179
OtOfT,-0.1177
OaOtOtOfT,-0.1173
OfOfTtOfTlL,-0.116
OtOaRlL,-0.116
UtOtOtOtRaO,-0.116
UtOtOtOaRaO,-0.116
TtOtRaOtRtO,-0.116
TtOaRaOtRtO,-0.116
OtOfU,0.1152
OtOfUfR,0.1152
OtOfUfT,0.1152
OxUfTtU,0.1152
OxUfTtUfR,0.1152
OxUfTtUfRtU,0.1152
OxUfRtUfTtU,0.1152
OfOtOfT,-0.1147
TtTfTlL,-0.1147
OfTtTfTlL,-0.1147
TfTtOfTfTlL,0.114
OtOfUtO,0.1134
OaOtOtOtOfT,-0.1134
OfUtO,0.1121
OtOfR,0.1117
TfTtOfT,0.1114
OfTfTtOfT,0.1114
OtUtO,0.1109
OtOtRlL,-0.1108
TfOfTlL,-0.1108
OtOtOfUtOtO,0.1099
OtOtOtOaOfT,-0.1095
UtOtTlL,-0.1095
UtOfTtTfTlL,-0.1095
TtOfTtOfTfT,0.109
OtOtOtOtOlL,-0.1082
OtOtRaO,-0.1082
OtOaRaO,-0.1082
OaRfOfT,-0.1082
OaRtOfT,-0.1082
OfOtOaRlL,-0.1082
OtOtRaOtR,-0.1082
OtOtRaOlL,-0.1082
OtOtOaRlL,-0.1082
OtOaRaOtR,-0.1082
OtOaRaOlL,-0.1082
OaOfOtOtRaO,-0.1082
OaOfOtOtRlL,-0.1082
OaOfOtOaRaO,-0.1082
OaOfOtOaRlL,-0.1082
OtOtRfOtRaO,-0.1082
OtOtRfOtRlL,-0.1082
OtOtRaOtRfO,-0.1082
OtOtRtOtRaO,-0.1082
OtOtRtOtRlL,-0.1082
OtOtOtOaRlL,-0.1082
OtOaRfOtRaO,-0.1082
OtOaRfOtRlL,-0.1082
OtOaRaOtRfO,-0.1082
OtOaRtOtRaO,-0.1082
OtOaRtOtRlL,-0.1082
OaRfOtRfOfT,-0.1082
OaRfOtRtOfT,-0.1082
OaRtOtRfOfT,-0.1082
OaRtOtRtOfT,-0.1082
TtTtTtOtRfT,-0.1082
TtTtTtOaRfT,-0.1082
TtTtOtRaOfT,-0.1082
TtTtOaRaOfT,-0.1082
UaOtRaOtRfT,-0.1082
UaOaRaOtRfT,-0.1082
TfT,0.1067
OtOtOlL,-0.1057
OtOtUtOtOtO,0.1047
OtOfOfUtOtO,0.1047
OxUfR,0.1047
OxUfRtU,0.1047
OxUfTtUtT,0.1047
OxUfRtUfR,0.1047
OxUfTtUfTfT,0.1047
OxUfTtUtTfT,0.1047
OxUfTtUtTtU,0.1047
OxUfRtUfRtU,0.1047
OxUtTtUfTtU,0.1047
OxUtTtUfRlL,0.1047
OxUtTtUtTlL,0.1047
TtOtOfTlL,-0.1044
OfTtOtOfTlL,-0.1044
OtRtOtOfTlL,-0.1044
OxRfO,-0.1043
UaOfTfTlL,0.1037
OxU,0.1034
OtOtTtOfTlL,-0.1031
TtOfOtOfTlL,-0.1031
OfOtOtRlL,-0.1031
OtOtOtRlL,-0.1031
OtOtOtOtRlL,-0.1031
OxOfTfOfTfO,-0.1031
OfRfOfRfO,-0.1031
RfOfRfOfRfO,-0.1031
OtOtOtOlL,-0.1018
OfOfR,0.1014
OtOfOfR,0.1014
OaOaOtOaOfT,-0.1005
OaOtTtOfTlL,-0.1005
OfOtOtRaO,-0.1005
OfOtOaRaO,-0.1005
RfOfOfTlL,-0.1005
RfOtOfTlL,-0.1005
OtOtOtRaO,-0.1005
OtOtOaRaO,-0.1005
OfOtOtRaOtR,-0.1005
OfOtOtRaOlL,-0.1005
OfOtOaRaOtR,-0.1005
OfOtOaRaOlL,-0.1005
OtOtOtRaOtR,-0.1005
OtOtOtRaOlL,-0.1005
OtOtOtOtRaO,-0.1005
OtOtOtOaRaO,-0.1005
OtOtOaRaOtR,-0.1005
OtOtOaRaOlL,-0.1005
OxRfOtOfTlL,-0.1005
OxRfOfOfTlL,-0.1005
UaRaOtRfTlL,-0.1005
OfUtOtOtO,0.0995
RtUtOtOtO,0.0995
OtOfUtOtOtO,0.0995
UfRtUtOtOtO,0.0995
OtUtOtOtO,0.0995
UfTfT,0.0995
TfTtU,0.0995
UtTtU,0.0995
UfTfTtU,0.0995
TfTtUfR,0.0995
TfTtUtT,0.0995
RtUfTfT,0.0995
RtUtTtU,0.0995
UtTfTtU,0.0995
UtTtUfR,0.0995
UtTtUtT,0.0995
UfTfTtUfR,0.0995
UfTfTtUtT,0.0995
UfRtUfTfT,0.0995
UfRtUtTtU,0.0995
TfTtUfTfT,0.0995
TfTtUfRtU,0.0995
TfTtUtTfT,0.0995
TfTtUtTtU,0.0995
RtUfTfTtU,0.0995
RtUtTfTtU,0.0995
RtUtTtUfR,0.0995
RtUtTtUtT,0.0995
UtTfTtUfR,0.0995
UtTfTtUtT,0.0995
UtTtUfTfT,0.0995
UtTtUfRtU,0.0995
UtTtUtTfT,0.0995
UtTtUtTtU,0.0995
UfTfTtUfTfT,0.0995
UfTfTtUfRtU,0.0995
UfTfTtUtTfT,0.0995
UfTfTtUtTtU,0.0995
UfRtUfTfTtU,0.0995
UfRtUtTfTtU,0.0995
UfRtUtTtUfR,0.0995
UfRtUtTtUtT,0.0995
TfTtUfTfTtU,0.0995
TfTtUfRtUfR,0.0995
TfTtUfRtUtT,0.0995
TfTtUtTfTtU,0.0995
TfTtUtTtUfR,0.0995
TfTtUtTtUtT,0.0995
RtUfTfTtUfR,0.0995
RtUfTfTtUtT,0.0995
RtUfRtUfTfT,0.0995
RtUfRtUtTtU,0.0995
RtUtTfTtUfR,0.0995
RtUtTfTtUtT,0.0995
RtUtTtUfTfT,0.0995
RtUtTtUfRtU,0.0995
RtUtTtUtTfT,0.0995
RtUtTtUtTtU,0.0995
UtTfTtUfTfT,0.0995
UtTfTtUfRtU,0.0995
UtTfTtUtTfT,0.0995
UtTfTtUtTtU,0.0995
UtTtUfTfTtU,0.0995
UtTtUfRtUfR,0.0995
UtTtUfRtUtT,0.0995
UtTtUtTfTtU,0.0995
UtTtUtTtUfR,0.0995
UtTtUtTtUtT,0.0995
OtTtOfTlL,-0.0979
OfOfOtOtTlL,-0.0979
OtR,-0.0979
UtOaRtO,-0.0979
OfUtOtO,0.0977
OtOfUtOtO,0.0977
OtUtOtO,0.0977
OtUfTtU,0.0969
OtUfTtUfR,0.0969
OtUfRtUfTtU,0.0969
OtUfTtUfRtU,0.0969
OaOtOfT,-0.0966
RtUtOtO,0.0964
OtOtO,0.0957
OtOtOaOfT,-0.0954
OtOaOtOaOfT,-0.0954
UtOtOfRlL,0.0942
RtUtOtOfRlL,0.0942
RtUtOtOtOfR,0.0942
RtUtOtOtOfT,0.0942
UtOtOtOfRtU,0.0942
OtOtOtOfRtU,0.0942
OfOtOtOfOfR,0.0942
OfOtOtOfRlL,0.0942
OtOtUtOtOfR,0.0942
OtOtUtOtOfT,0.0942
OtOtUtOfOfO,0.0942
OtOfOfOfRtU,0.0942
OtUtOtOtOfR,0.0942
OtUtOtOtOfT,0.0942
OtUtOtOfRlL,0.0942
OfUtOtOtOfR,0.0942
OfUtOtOtOfT,0.0942
OfUtOtOfRlL,0.0942
OfRtUtOtOtU,0.0942
UtOfOfOfRlL,0.0942
OxUtT,0.0942
OxUtTfT,0.0942
OxUfRtUtT,0.0942
OxUfRtUtTfT,0.0942
OtOtOtOfR,0.093
UtOtRtO,-0.0928
UtOfOfTlL,-0.0928
OaOtOaRfTlL,-0.0928
OaOaOtOfTfO,-0.0928
UtOtOtOfR,0.0917
OfTfO,-0.0915
UtOtRfOtRtO,-0.0902
UtOtRtOtRtO,-0.0902
UtOaRfOtRtO,-0.0902
UtOaRtOtRtO,-0.0902
RtOtOtRfTlL,-0.0902
RtOtOaRfTlL,-0.0902
OtTtOtRfTlL,-0.0902
OtTtOaRfTlL,-0.0902
OtOfOtOfT,-0.0889
OaR,-0.0889
RfOaOtOtOfT,-0.0889
OtOaOtOfTfO,-0.0889
OtO,0.0885
RaO,-0.0851
OtRfO,-0.0851
RaOtR,-0.0851
RaOlL,-0.0851
UxRaO,-0.0851
RfOtRaO,-0.0851
RfOtRlL,-0.0851
RaOtRfO,-0.0851
RtOtRaO,-0.0851
RtOtRlL,-0.0851
UxRaOtR,-0.0851
UxRaOlL,-0.0851
RfOtRaOtR,-0.0851
RfOtRaOlL,-0.0851
RaOtRfOtR,-0.0851
RaOtRfOlL,-0.0851
RaOtRtOtR,-0.0851
RaOtRtOlL,-0.0851
RtOtRaOtR,-0.0851
RtOtRaOlL,-0.0851
UxRfOtRaO,-0.0851
UxRfOtRlL,-0.0851
UxRaOtRfO,-0.0851
UxRtOtRaO,-0.0851
UxRtOtRlL,-0.0851
RfOtRfOtRaO,-0.0851
RfOtRfOtRlL,-0.0851
RfOtRaOtRfO,-0.0851
RfOtRtOtRaO,-0.0851
RfOtRtOtRlL,-0.0851
RaOtRfOtRfO,-0.0851
RaOtRtOtRfO,-0.0851
RtOtRfOtRaO,-0.0851
RtOtRfOtRlL,-0.0851
RtOtRaOtRfO,-0.0851
RtOtRtOtRaO,-0.0851
RtOtRtOtRlL,-0.0851
UxRfOtRaOtR,-0.0851
UxRfOtRaOlL,-0.0851
UxRaOtRfOtR,-0.0851
UxRaOtRfOlL,-0.0851
UxRaOtRtOtR,-0.0851
UxRaOtRtOlL,-0.0851
UxRtOtRaOtR,-0.0851
UxRtOtRaOlL,-0.0851
OaRtTlL,-0.0851
UtOtRtTlL,-0.0851
UtOaRtTlL,-0.0851
OaRaOtRtT,-0.0851
UtOtRaOtRtT,-0.0851
UtOaRaOtRtT,-0.0851
OaRfOtRtTlL,-0.0851
OaRtOtRtTlL,-0.0851
OaRtO,-0.0838
RfOfOaOfTlL,-0.0838
RfOtOaOfTlL,-0.0838
OtOfTfO,-0.0838
OtUtTlL,0.0838
OtUfTtUtT,0.0838
OtUfRtUtTlL,0.0838
OtUfTtUfTfT,0.0838
OtUfTtUtTfT,0.0838
OtUfTtUtTtU,0.0838
OtUtTtUfRlL,0.0838
OtUtTtUfTtU,0.0838
OtUtTtUtTlL,0.0838
OfT,-0.0832
OfOfOfRlL,0.0826
OtOfOfOfR,0.0826
OtRfOtR,-0.0825
OtRfOlL,-0.0825
OtRtOtR,-0.0825
OtRtOlL,-0.0825
OtRfOtRfO,-0.0825
OtRtOtRfO,-0.0825
OfOfOtOtRtO,-0.0825
OfOfOtOaRtO,-0.0825
OtRfOtRfOtR,-0.0825
OtRfOtRfOlL,-0.0825
OtRfOtRtOtR,-0.0825
OtRfOtRtOlL,-0.0825
OtRtOtRfOtR,-0.0825
OtRtOtRfOlL,-0.0825
OtRtOtRtOtR,-0.0825
OtRtOtRtOlL,-0.0825
OfOtOtOtOfT,-0.0817
OtOaO,-0.0812
UtOtR,-0.0812
TtTtTfTlL,-0.0812
OfTtTtTfTlL,-0.0812
UtTtOfTtO,0.0803
UtTfTtOfTtO,0.0803
UfOfTtO,0.0803
OxUfOfTtO,0.0803
OxUaOfTtO,0.0803
RtUfOfTtO,0.0803
RtUaOfTtO,0.0803
OxUtTtOfTtO,0.0803
UfRtUfOfTtO,0.0803
UfRtUaOfTtO,0.0803
UfOfTtOfTfT,0.0803
RtUtTtOfTtO,0.0803
OaRfOtRtO,-0.0799
OaRtOtRtO,-0.0799
UaOfTtO,0.079
OxOfTlL,-0.0786
OtOtOtOtOaO,-0.0786
OaOfOfOfTlL,-0.0786
OtTtOtOfTlL,-0.0786
TfTtOfTtO,0.0777
TtOfTfTtO,0.0777
OfTfTtOfTtO,0.0777
OfTtOfTfTtO,0.0777
UtOtOtO,0.0776
OtOtOtOfOfR,0.0775
OaOfTtOfT,-0.0773
TtOaOfTlL,-0.0773
OfTtOaOfTlL,-0.0773
OtOaOfTtOfT,-0.0773
OaOfOtOaOfT,-0.0773
TtOtOfOfTlL,-0.0773
UaOaRlL,-0.0773
RfOaOfTtOfT,-0.0773
OaOtOtOfTfO,-0.0773
OtOtRtTlL,-0.0773
OtOaRtTlL,-0.0773
OtOtRaOtRtT,-0.0773
OtOtOtRtTlL,-0.0773
OtOtOaRtTlL,-0.0773
OtOaRaOtRtT,-0.0773
OfOtOtRtTlL,-0.0773
OfOtOaRtTlL,-0.0773
UaOfT,0.0766
OtOtOfOtOtO,0.0764
UaOfTtOfTfT,0.0764
OtOfOtOtOfO,0.0762
OtUxR,-0.076
OtTfTlL,-0.076
OtOtOfOtOfT,-0.076
TtOfTtOtTlL,-0.076
OtOtOtOtOtO,-0.0742
OfOtOaOtOfT,-0.0735
UtOaOfOtOfT,-0.0735
OtOtOtOfTfO,-0.0735
TtOfTfTlL,0.0733
OfTtOfTfTlL,0.0733
OfOfOfO,-0.0722
OtOtOtOaO,-0.0722
OaOtOtOaOfT,-0.0722
RfOfT,-0.0722
OtOtRfOfT,-0.0722
OtOtRtOfT,-0.0722
OtOaRfOfT,-0.0722
OtOaRtOfT,-0.0722
OfTfTlL,-0.0716
TtOtTlL,-0.0709
OfTtOtTlL,-0.0709
OfOfOfOtOfT,-0.0709
OtOaOfOtOtO,-0.0709
TtTtOfTtOfT,-0.0709
TtOfTtTtOfT,-0.0709
RfOaOfT,-0.0696
RfOaOfOtOfT,-0.0696
OaRtOtOfTlL,-0.0696
OxRfOfTlL,-0.0696
TfOfTfOfT,-0.0696
OtOfTfOfTfO,-0.0696
OtTtTtTfTlL,-0.0696
OxRfOaOfT,-0.0696
OfOfOtOaOfT,-0.0683
OxR,-0.0676
OfOfOtOtR,-0.067
OfOfOtOaR,-0.067
OfOfOtOtRfO,-0.067
OfOfOtOaRfO,-0.067
OfOtOtRfOfT,-0.067
OfOtOtRtOfT,-0.067
OfOtOaRfOfT,-0.067
OfOtOaRtOfT,-0.067
OtOfOfOtOtR,-0.067
OtOfOfOtOaR,-0.067
OtOtOtRfOfT,-0.067
OtOtOtRtOfT,-0.067
OtOtOaRfOfT,-0.067
OtOtOaRtOfT,-0.067
UaOaRfT,-0.067
UtRfOtRfTlL,-0.067
UtRtOtRfTlL,-0.067
UtOtU,0.0668
UtOtUtO,0.0668
UtOtUtOtU,0.0668
UtOtUtOtUtO,0.0668
OtOtOaO,-0.0657
OtOaOfOfT,-0.0657
OtOaOtOfOfT,-0.0657
OtOaOtOtOtO,-0.0657
OfUfTtUfTlL,0.0656
OtUtOtU,0.0655
OtUtOtUtO,0.0655
OtUtOtUtOtU,0.0655
OtOaOfO,-0.0644
OtOaOaOfT,-0.0644
UtOtOfTlL,-0.0635
OaO,-0.0631
OaOfOtOtO,-0.0631
UtOfOfOtOfT,-0.0631
UtOfTtOtTlL,-0.0631
UxOtU,0.0628
OtUxO,0.0628
UxOtUxO,0.0628
UxOtUtO,0.0628
UtOtUxO,0.0628
OtUxOtU,0.0628
OtUxOfR,0.0628
OtUtOfR,0.0628
UxOtUxOtU,0.0628
UxOtUxOfR,0.0628
UxOtUtOtU,0.0628
UxOtUtOfR,0.0628
UtOtUxOtU,0.0628
UtOtUxOfR,0.0628
UtOtUtOfR,0.0628
OtUxOtUxO,0.0628
OtUxOtUtO,0.0628
OtUxOfRlL,0.0628
OtUxOfRfT,0.0628
OtUtOtUxO,0.0628
OtUtOfRlL,0.0628
OtUtOfRfT,0.0628
UxOtUxOtUxO,0.0628
UxOtUxOtUtO,0.0628
UxOtUxOfRlL,0.0628
UxOtUxOfRfT,0.0628
UxOtUtOtUxO,0.0628
UxOtUtOtUtO,0.0628
UxOtUtOfRlL,0.0628
UxOtUtOfRfT,0.0628
UtOtUxOtUxO,0.0628
UtOtUxOtUtO,0.0628
UtOtUxOfRlL,0.0628
UtOtUxOfRfT,0.0628
UtOtUtOtUxO,0.0628
UtOtUtOfRlL,0.0628
UtOtUtOfRfT,0.0628
OtUxOtUxOtU,0.0628
OtUxOtUxOfR,0.0628
OtUxOtUtOtU,0.0628
OtUxOtUtOfR,0.0628
OtUtOtUxOtU,0.0628
OtUtOtUxOfR,0.0628
OtUtOtUtOfR,0.0628
OfOfOfOfT,-0.0619
OtOfTtOfT,-0.0619
OtOfOfOtOaO,-0.0619
OaOfOtOtTlL,-0.0619
OaOtOfOtOfT,-0.0619
TtOtOaOfTlL,-0.0619
TtOtTtOfTlL,-0.0619
RtO,-0.0619
UtOfOtOfTlL,-0.0619
UaOfRfTlL,-0.0619
TtTtOfT,-0.0619
TtOtRaO,-0.0619
TtOtRlL,-0.0619
TtOaRaO,-0.0619
TtOaRlL,-0.0619
OfTtTtOfT,-0.0619
OfTtOtRaO,-0.0619
OfTtOtRlL,-0.0619
OfTtOaRaO,-0.0619
OfTtOaRlL,-0.0619
TtOtRaOtR,-0.0619
TtOtRaOlL,-0.0619
TtOaRaOtR,-0.0619
TtOaRaOlL,-0.0619
UtOfTtOtRaO,-0.0619
UtOfTtOtRlL,-0.0619
UtOfTtOaRaO,-0.0619
UtOfTtOaRlL,-0.0619
OfTtOtRaOtR,-0.0619
OfTtOtRaOlL,-0.0619
OfTtOaRaOtR,-0.0619
OfTtOaRaOlL,-0.0619
TtOfTtOtRaO,-0.0619
TtOfTtOtRlL,-0.0619
TtOfTtOaRaO,-0.0619
TtOfTtOaRlL,-0.0619
TtOtRfOtRaO,-0.0619
TtOtRfOtRlL,-0.0619
TtOtRaOtRfO,-0.0619
TtOtRtOtRaO,-0.0619
TtOtRtOtRlL,-0.0619
TtOaRfOtRaO,-0.0619
TtOaRfOtRlL,-0.0619
TtOaRaOtRfO,-0.0619
TtOaRtOtRaO,-0.0619
TtOaRtOtRlL,-0.0619
UaOtRfOfTlL,-0.0619
UaOtRtOfTlL,-0.0619
UaOaRfOfTlL,-0.0619
UaOaRtOfTlL,-0.0619
UtRaOfTlL,-0.0619
OtOtOfOfTlL,-0.0617
UxO,0.0615
UxOfR,0.0615
UxOfRfT,0.0615
UxRfO,0.0608
UaOfTlL,0.0608
OfOtOtOfO,0.0607
OtOaOtO,-0.0606
OfOfOfOfO,-0.0606
OtOfOfOfO,-0.0606
OfOfOfOfOfO,-0.0606
OfOfOfOfOfT,-0.0606
TfO,-0.0606
TtTtOtTlL,-0.0606
OfTtTtOtTlL,-0.0606
UxOfRlL,0.0602
OxRlL,-0.0597
OtOfOfOlL,-0.0593
OtOaOtOtO,-0.0593
OfOfOtOfOfT,-0.0593
OtOaOfOtOaO,-0.0593
UtOtRfO,-0.0593
UtOaRfO,-0.0593
UtOtRfOtR,-0.0593
UtOtRfOlL,-0.0593
UtOtRtOtR,-0.0593
UtOtRtOlL,-0.0593
UtOaRfOtR,-0.0593
UtOaRfOlL,-0.0593
UtOaRtOtR,-0.0593
UtOaRtOlL,-0.0593
UtOtRfOtRfO,-0.0593
UtOtRtOtRfO,-0.0593
UtOtOtOaRtO,-0.0593
UtOaRfOtRfO,-0.0593
UtOaRtOtRfO,-0.0593
OfTfOfT,-0.0593
TfOfTfO,-0.0593
TfOfTfOtO,-0.0593
TfOfTfOfR,-0.0593
TfOfTfOlL,-0.0593
TfOfTfOfRlL,-0.0593
OxRtU,0.0586
OaOaOfT,-0.058
OtOtOfOfOfO,-0.058
RtOfT,-0.058
RfTfRfTlL,-0.058
TfRfTfRfTlL,-0.058
UtRfTfRfTlL,-0.058
UtOfTtOfT,-0.058
RtOxRfO,-0.058
OxRtOxRfO,-0.058
RtOxRtOxRfO,-0.058
OtU,-0.0577
OfUtOtOtOtO,0.0576
RtUtOtOtOtO,0.0576
UtOtOfOtOtO,0.0576
OtOtOtUtOtO,0.0576
OtUtOtOtOtO,0.0576
OtOaOlL,-0.0567
OaOfOfT,-0.0567
OtOfTfTlL,-0.0567
UxRfOfT,-0.0567
UxRtOfT,-0.0567
RfOtRfOfT,-0.0567
RfOtRtOfT,-0.0567
RtOtRfOfT,-0.0567
RtOtRtOfT,-0.0567
UxRfOtRfOfT,-0.0567
UxRfOtRtOfT,-0.0567
UxRtOtRfOfT,-0.0567
UxRtOtRtOfT,-0.0567
OtOtUfR,0.0558
OtOtUfT,0.0558
OtOtUtO,0.0558
OaOfO,-0.0554
OtOtOfTtOfT,-0.0554
TtTtTtOfT,-0.0554
OfTtTtTtOfT,-0.0554
OfOfOtOaO,-0.0541
OaOaOtOaO,-0.0541
OtOaOaOtOaO,-0.0541
OaOaOtOfOfT,-0.0541
OaOaOtOtOfT,-0.0541
OaRfO,-0.0541
OaRfOtR,-0.0541
OaRfOlL,-0.0541
OaRtOtR,-0.0541
OaRtOlL,-0.0541
OaRfOtRfO,-0.0541
OaRtOtRfO,-0.0541
UtOtOtOtRtO,-0.0541
OtRtOtOtRfT,-0.0541
OtRtOtOaRfT,-0.0541
RfOaOaOtOaO,-0.0541
OaRfOtRfOtR,-0.0541
OaRfOtRfOlL,-0.0541
OaRfOtRtOtR,-0.0541
OaRfOtRtOlL,-0.0541
OaRtOtRfOtR,-0.0541
OaRtOtRfOlL,-0.0541
OaRtOtRtOtR,-0.0541
OaRtOtRtOlL,-0.0541
TtTtOtRaO,-0.0541
TtTtOtRlL,-0.0541
TtTtOaRaO,-0.0541
TtTtOaRlL,-0.0541
OfTtTtOtRaO,-0.0541
OfTtTtOtRlL,-0.0541
OfTtTtOaRaO,-0.0541
OfTtTtOaRlL,-0.0541
TtTtOtRaOtR,-0.0541
TtTtOtRaOlL,-0.0541
TtTtOaRaOtR,-0.0541
TtTtOaRaOlL,-0.0541
OaOfOtOfTfO,-0.0541
UtRaOtRfT,-0.0541
TtO,0.0532
OfTtO,0.0532
OfOtOtOfOfT,0.053
OfOfOlL,-0.0528
OtOaOtOlL,-0.0528
OfOfOtOtOtO,-0.0528
OtOtOfOfOlL,-0.0528
UtOlL,-0.0528
UtOfTtTtOfT,-0.0528
OfOfUtOtO,0.0524
UtOtUtOtO,0.0524
OtUtOtUtOtO,0.0524
OfOtOtUtOtO,0.0524
OfUtOtUtOtO,0.0524
RtUtOtUtOtO,0.0524
UtOfOfUtOtO,0.0524
OxUfTfT,0.0524
OxUtTtU,0.0524
OxUfTfTtU,0.0524
OxUtTfTtU,0.0524
OxUtTtUfR,0.0524
OxUtTtUtT,0.0524
OxUfTfTtUfR,0.0524
OxUfTfTtUtT,0.0524
OxUfRtUfTfT,0.0524
OxUfRtUtTtU,0.0524
OxUtTfTtUfR,0.0524
OxUtTfTtUtT,0.0524
OxUtTtUfTfT,0.0524
OxUtTtUfRtU,0.0524
OxUtTtUtTfT,0.0524
OxUtTtUtTtU,0.0524
OfOlL,-0.0515
OfOtOtTlL,-0.0515
OtOaOtOfO,-0.0515
OtOaOtOaO,-0.0515
OaOfOtOaO,-0.0515
TtOaOtOfT,-0.0515
OfTtOaOtOfT,-0.0515
OaOtOfTtOfT,-0.0515
TtTtTtOtTlL,-0.0515
OfRfO,-0.0515
RfOfRfO,-0.0515
OxRfOfRfO,-0.0515
OfOfOtOtRtT,-0.0515
OfOfOtOaRtT,-0.0515
OaOtOtOtO,-0.0503
OtOaRtO,-0.0503
RfOaOaOfT,-0.0503
OtOtOfTfO,-0.0503
OxRfOaOaOfT,-0.0503
OtOtU,0.0494
OxOfOfTlL,-0.049
OfOtOaOfT,-0.049
OfOaOtOfT,-0.049
OaOtOaOfT,-0.049
OfOfOfOtOtO,-0.049
OtOfOaOtOfT,-0.049
OtOtOaOtOaO,-0.049
OaOfOtOfOfT,-0.049
OaOfOtOtOfT,-0.049
OaOtOtOtOtO,-0.049
OfTfOtO,-0.049
OfTfOfR,-0.049
OfTfOlL,-0.049
OfTfOfRlL,-0.049
OfRfT,0.0487
OtOaOfOlL,-0.0477
OfOfOtOtOlL,-0.0477
OtOfOtOaOfT,-0.0477
OtOtRtO,-0.0477
OtTtTtTtOfT,-0.0477
RfO,-0.0473
OtOtOfUfTlL,0.0471
UtOtOfR,0.0471
RtUtOtOfR,0.0471
RtUtOtOfT,0.0471
UtOtOfRtU,0.0471
UfRtUtOtOfR,0.0471
UfRtUtOtOfT,0.0471
RtUtOtOfRtU,0.0471
UtOtOfRtUfR,0.0471
UtOtOfRtUfT,0.0471
UtOtOfRtUtO,0.0471
UtOtOtOtOfR,0.0471
OfOtOtOfR,0.0471
OfOfOtOtOfR,0.0471
OfOtOfOfOfR,0.0471
OtOfOtOtOfR,0.0471
OtUtOtOfR,0.0471
OtUtOtOfT,0.0471
OtUtOfOfO,0.0471
OfOfOfRtU,0.0471
OfUtOtOfR,0.0471
OfUtOtOfT,0.0471
OfUtOfOfO,0.0471
OfRtUtOtU,0.0471
OfRtUtOfO,0.0471
RtUtOfOfO,0.0471
UtOfOfOfR,0.0471
OtOfUtOtOfR,0.0471
OtOfUtOtOfT,0.0471
OtOfUtOfOfO,0.0471
OtOfRtUtOtU,0.0471
OtOfRtUtOfO,0.0471
OtUtOtOfRtU,0.0471
OtUtOfOfOfR,0.0471
OtUtOfOfOfT,0.0471
OfOtOtOfRtU,0.0471
OfOfOfRtUfR,0.0471
OfOfOfRtUfT,0.0471
OfOfOfRtUtO,0.0471
OfOfUtOtOfO,0.0471
OfOfUtOtOfR,0.0471
OfOfUtOtOfT,0.0471
OfOfUtOfOfO,0.0471
OfOfRtUtOtU,0.0471
OfOfRtUtOfO,0.0471
OfUtOtOfRtU,0.0471
OfUtOfOfOfR,0.0471
OfUtOfOfOfT,0.0471
UfRtUtOfOfO,0.0471
OfRtUtOtUfR,0.0471
OfRtUtOtUfT,0.0471
OfRtUtOtUtO,0.0471
OfRtUtOfOfU,0.0471
RtUtOfOfOfR,0.0471
RtUtOfOfOfT,0.0471
UtOtUtOtOfO,0.0471
UtOtUtOtOfR,0.0471
UtOtUtOtOfT,0.0471
UtOtUtOfOfO,0.0471
UtOfOfOfRtU,0.0471
OfRfTlL,0.047
OtT,-0.0464
OaOaOtOtO,-0.0464
TtOtTfTlL,-0.0464
OfOtOtOtOaO,-0.0464
OfOtTtOfTlL,-0.0464
OfTtOtTfTlL,-0.0464
OtOfOfOfOfT,-0.0464
OtOfOfOtOlL,-0.0464
OtOtOtOaOlL,-0.0464
OtOaOtOtOlL,-0.0464
OtOaOaOtOtO,-0.0464
OaOfTtOaOfT,-0.0464
OaOtOaOtOaO,-0.0464
OaOaOtOaOlL,-0.0464
OaOaOtOaOtO,-0.0464
UtOtOtOaR,-0.0464
RfOfOaOtOfT,-0.0464
RfOaOaOtOtO,-0.0464
RfOtOaOtOfT,-0.0464
OaOfOtOtRtO,-0.0464
OaOfOtOaRtO,-0.0464
OtOtRfOtRtO,-0.0464
OtOtRtOtRtO,-0.0464
OtOaRfOtRtO,-0.0464
OtOaRtOtRtO,-0.0464
UaOtRfT,-0.0464
TtOfTtTlL,-0.0464
UtOtOtOtTlL,-0.0464
OfTtOfTtTlL,-0.0464
TtTtTtOtRaO,-0.0464
TtTtTtOtRlL,-0.0464
TtTtTtOaRaO,-0.0464
TtTtTtOaRlL,-0.0464
OaOfTfO,-0.0464
RfOaOfTfO,-0.0464
OtOaOfTfO,-0.0464
OxRfOaOfTfO,-0.0464
UaOtRaOtRaO,-0.0464
UaOtRaOtRlL,-0.0464
UaOaRaOtRaO,-0.0464
UaOaRaOtRlL,-0.0464
UtRaOtRaOfT,-0.0464
OfOtOtOtOfR,0.0458
OtOtOaOfO,-0.0451
OtOfOfOfOfO,-0.0451
UxRtO,-0.0451
OfOtOaRtO,-0.0451
OtOtOaRtO,-0.0451
OtOtOtOaRtO,-0.0451
UtOtO,0.0449
OtOtOfO,0.0448
OaOtO,-0.0438
OfOfOtOlL,-0.0438
OtOtOaOlL,-0.0438
OtOtOfTfTlL,-0.0438
OtOtOtOaOfO,-0.0438
OtOaOtOaOlL,-0.0438
OtOaOtOaOtO,-0.0438
OaOtOtOfOfT,-0.0438
UtOaOfOtOtR,-0.0438
UtOaOfOtOtO,-0.0438
UtOaOfOtOaR,-0.0438
RfOfOfOfTlL,-0.0438
RfOfOtOfTlL,-0.0438
RfOtOfOfTlL,-0.0438
RfOtOtOfTlL,-0.0438
OxOfTfO,-0.0438
OfOfOtOfO,-0.0437
OtOfOfOtOfO,-0.0437
OtOtOfOfOtO,-0.0437
OfOtOlL,-0.0425
OtOfOlL,-0.0425
OfOtOfOfT,-0.0425
OtOtTfTlL,-0.0425
OfOtOtOtOlL,-0.0425
OtOtOtOtOtT,-0.0425
RfOtRtO,-0.0425
RtOtRtO,-0.0425
OfOtOtRtO,-0.0425
OtOtOtRtO,-0.0425
UxRfOtRtO,-0.0425
UxRtOtRtO,-0.0425
RfOtRfOtRtO,-0.0425
RfOtRtOtRtO,-0.0425
OtOtOtOtRtO,-0.0425
RtOtRfOtRtO,-0.0425
RtOtRtOtRtO,-0.0425
TfRfTlL,-0.0425
OaOtOfTfO,-0.0425
OtOfOtOfTfO,-0.0425
OtRtT,-0.0425
RaOtRtT,-0.0425
OtRfOtRtT,-0.0425
OtRtOtRtT,-0.0425
RfOtRtTlL,-0.0425
RtOtRtTlL,-0.0425
UxRaOtRtT,-0.0425
RfOtRaOtRtT,-0.0425
RaOtRfOtRtT,-0.0425
RaOtRtOtRtT,-0.0425
RtOtRaOtRtT,-0.0425
UxRfOtRtTlL,-0.0425
UxRtOtRtTlL,-0.0425
TtUfTtUaTlL,0.0419
OtUtT,0.0419
OtUfTfT,0.0419
OtUtTfT,0.0419
OtUtTtU,0.0419
OtUfRtUtT,0.0419
OtUfTfTtU,0.0419
OtUtTfTtU,0.0419
OtUtTtUfR,0.0419
OtUtTtUtT,0.0419
OtUfRtUfTfT,0.0419
OtUfRtUtTfT,0.0419
OtUfRtUtTtU,0.0419
OtUfTfTtUfR,0.0419
OtUfTfTtUtT,0.0419
OtUtTfTtUfR,0.0419
OtUtTfTtUtT,0.0419
OtUtTtUfRtU,0.0419
OtUtTtUfTfT,0.0419
OtUtTtUtTfT,0.0419
OtUtTtUtTtU,0.0419
OfOfO,-0.0418
OaOlL,-0.0412
OfOfOtO,-0.0412
OtOaOaO,-0.0412
OaOtOtOaO,-0.0412
TtOfOfTlL,-0.0412
OxOfOaOfTlL,-0.0412
OfOfOfOfOtO,-0.0412
OfOfOtOaOfO,-0.0412
OfTtOfOfTlL,-0.0412
OtOtOaOtOtO,-0.0412
OtOaOfOtOfO,-0.0412
OtOaOtOtOaO,-0.0412
UtOtOtOtR,-0.0412
OxOfTfOfT,-0.0412
TtTlL,-0.0412
OfTtTlL,-0.0412
TtOtRfOfT,-0.0412
TtOtRtOfT,-0.0412
TtOaRfOfT,-0.0412
TtOaRtOfT,-0.0412
OfTtOtRfOfT,-0.0412
OfTtOtRtOfT,-0.0412
OfTtOaRfOfT,-0.0412
OfTtOaRtOfT,-0.0412
TtTtOfTtTlL,-0.0412
UaOtOtOfTlL,-0.0412
OfRfOfRfOfR,-0.0412
OxTlL,-0.0412
UtTtO,0.0401
UtTfTtO,0.0401
UtTtOfTfT,0.0401
UaOfTfTtO,0.0401
UtTfTtOfTfT,0.0401
UtTtOfTfTtO,0.0401
OxUfO,0.0401
OxUaO,0.0401
RtUaO,0.0401
OxUtTtO,0.0401
UfRtUaO,0.0401
UfOfTfT,0.0401
RtUtTtO,0.0401
OxUfRtUfO,0.0401
OxUfRtUaO,0.0401
OxUfOfTfT,0.0401
OxUaOfTfT,0.0401
OxUtTfTtO,0.0401
UfRtUtTtO,0.0401
UfOfTfTtO,0.0401
RtUfRtUaO,0.0401
RtUfOfTfT,0.0401
RtUaOfTfT,0.0401
RtUtTfTtO,0.0401
OxUfRtUtTtO,0.0401
OxUfOfTfTtO,0.0401
OxUaOfTfTtO,0.0401
OxUtTtOfTfT,0.0401
UfRtUfRtUaO,0.0401
UfRtUfOfTfT,0.0401
UfRtUaOfTfT,0.0401
UfRtUtTfTtO,0.0401
RtUfRtUtTtO,0.0401
RtUfOfTfTtO,0.0401
RtUaOfTfTtO,0.0401
RtUtTtOfTfT,0.0401
OtOaOfOfO,-0.0399
OaOtOfOfT,-0.0399
OfOtOfOtOfT,-0.0399
OfOtOtOtOfO,-0.0399
OtOaR,-0.0399
UtOtTfTlL,-0.0399
OtOtOfOfT,0.0396
OfOfOtOtO,-0.0391
TfTtO,0.0389
OfTfTtO,0.0389
TfTtOfTfTtO,0.0389
TtUfTtUtO,0.0389
UfTtUfTtUtO,0.0389
UfO,0.0389
RtUfO,0.0389
UfRtUfO,0.0389
RtUfRtUfO,0.0389
UfRtUfRtUfO,0.0389
OaOfOlL,-0.0387
OtOtOfOlL,-0.0387
OfOfOfOfOlL,-0.0387
OfOaOtOaOfT,-0.0387
OaOtOtOtOlL,-0.0387
UtOfOfOtOtR,-0.0387
UtOfOfOtOaR,-0.0387
UtOtOtOtRfO,-0.0387
UtOtOtOaRfO,-0.0387
RfOaOtOtOaO,-0.0387
OtOfTfOfT,-0.0387
TtOtRtO,-0.0387
TtOaRtO,-0.0387
OfTtOtRtO,-0.0387
OfTtOaRtO,-0.0387
UtOfTtOtRtO,-0.0387
UtOfTtOaRtO,-0.0387
TtOfTtOtRtO,-0.0387
TtOfTtOaRtO,-0.0387
TtOtRfOtRtO,-0.0387
TtOtRtOtRtO,-0.0387
TtOaRfOtRtO,-0.0387
TtOaRtOtRtO,-0.0387
OtOfOfOtO,-0.0385
OtOtOfT,-0.0383
OtOtOtO,-0.0381
UtOfOfOfTlL,-0.0378
OtOaOaOlL,-0.0374
OtOtOtOfOlL,-0.0374
OtOtOtOaOtO,-0.0374
OtOtOaOtOfO,-0.0374
OtOtR,-0.0374
OfOtOaR,-0.0374
OtOtOaR,-0.0374
OtOtOtOaR,-0.0374
OfOtOtOtOaR,-0.0374
OtOtOtOtOaR,-0.0374
TtTtOfTfT,-0.0374
OfTtTtOfTfT,-0.0374
OfOtOfO,-0.0373
OfOtO,-0.0372
UtOfRfT,0.0371
OtOtOtOtOfO,0.0371
OtOfOtOfOfO,0.0368
OfUtTtUfTlL,0.0366
TtOfTfT,0.0365
OfTtOfTfT,0.0365
TfTtOfTfT,0.0363
OfTfTtOfTfT,0.0363
UaOfTfT,0.0363
OaOtOlL,-0.0361
OaOtOtO,-0.0361
OtOfOaOfT,-0.0361
OaOfOtOfO,-0.0361
TtOtOtOfT,-0.0361
OfTtOtOtOfT,-0.0361
OaOfOtOtOlL,-0.0361
OaOfOtOtOtO,-0.0361
OaOtOaOtOtO,-0.0361
OtOtRfO,-0.0361
OtOaRfO,-0.0361
OaOfOtOtR,-0.0361
OaOfOtOaR,-0.0361
OtOtRfOtR,-0.0361
OtOtRfOlL,-0.0361
OtOtRtOtR,-0.0361
OtOtRtOlL,-0.0361
OtOaRfOtR,-0.0361
OtOaRfOlL,-0.0361
OtOaRtOtR,-0.0361
OtOaRtOlL,-0.0361
OaOfOtOtRfO,-0.0361
OaOfOtOaRfO,-0.0361
OtOtRfOtRfO,-0.0361
OtOtRtOtRfO,-0.0361
OtOaOfOtOtR,-0.0361
OtOaOfOtOaR,-0.0361
OtOaRfOtRfO,-0.0361
OtOaRtOtRfO,-0.0361
OaRtOtOtRfT,-0.0361
OaRtOtOaRfT,-0.0361
UxTfRfTlL,-0.0361
UaOaR,-0.0361
UaOtRlL,-0.0361
UtOfTtTlL,-0.0361
TtTtOtRtO,-0.0361
TtTtOaRtO,-0.0361
OfTtTtOtRtO,-0.0361
OfTtTtOaRtO,-0.0361
TtTtOtRfOfT,-0.0361
TtTtOtRtOfT,-0.0361
TtTtOaRfOfT,-0.0361
TtTtOaRtOfT,-0.0361
UaOtRfOtRfT,-0.0361
UaOtRtOtRfT,-0.0361
UaOaRfOtRfT,-0.0361
UaOaRtOtRfT,-0.0361
OfOfOfR,0.0355
OfOfOfT,-0.0354
OaOaO,-0.0348
OfOtOaO,-0.0348
OfOtOtOlL,-0.0348
TtOtOtTlL,-0.0348
OfTtOtOtTlL,-0.0348
OtOfOtOfOfT,-0.0348
OtTtOtOtTlL,-0.0348
OfOtOtR,-0.0348
OtOtOtR,-0.0348
OtOtOtOtR,-0.0348
RtOtOfTlL,-0.0348
OfOtOtOtOtR,-0.0348
RfOaOtOtOtO,-0.0348
OtOtOtOtOtR,-0.0348
UxRtOtOfTlL,-0.0348
UtOfTfT,-0.0348
UtOfTtOfTfT,-0.0348
OtTtTtOfTlL,-0.0348
TtTfTtOfTlL,-0.0348
TtTtTtOfTfT,-0.0348
OtOtT,-0.0335
OtOfOtOlL,-0.0335
OtOaOfOtO,-0.0335
OtOtOtTfTlL,-0.0335
OtOaOfOtOlL,-0.0335
OtOaOtOtOfO,-0.0335
OaOtOtOaOlL,-0.0335
OfOtOtRfO,-0.0335
OfOtOaRfO,-0.0335
OtOtOtRfO,-0.0335
OtOtOaRfO,-0.0335
OfOfOfOtOtR,-0.0335
OfOfOfOtOaR,-0.0335
OfOtOtRfOtR,-0.0335
OfOtOtRfOlL,-0.0335
OfOtOtRtOtR,-0.0335
OfOtOtRtOlL,-0.0335
OfOtOaRfOtR,-0.0335
OfOtOaRfOlL,-0.0335
OfOtOaRtOtR,-0.0335
OfOtOaRtOlL,-0.0335
OtOtOtRfOtR,-0.0335
OtOtOtRfOlL,-0.0335
OtOtOtRtOtR,-0.0335
OtOtOtRtOlL,-0.0335
OtOtOtOtRfO,-0.0335
OtOtOtOaRfO,-0.0335
OtOtOaRfOtR,-0.0335
OtOtOaRfOlL,-0.0335
OtOtOaRtOtR,-0.0335
OtOtOaRtOlL,-0.0335
UaRfOtRfTlL,-0.0335
UaRtOtRfTlL,-0.0335
OtOtOfOfOfR,0.0329
OfOaOfT,-0.0322
OtOtOtT,-0.0322
OtOtOtOtT,-0.0322
UtOaOfT,-0.0322
UtOtOtOaOfT,-0.0322
UtOtT,-0.0322
OtOtOfUfRlL,0.0314
OtOtOtUfTlL,0.0314
OtOfOfUfTlL,0.0314
OaOfOfO,-0.0309
OaOfOtO,-0.0309
OaOaOlL,-0.0309
OxOtOfTlL,-0.0309
OfOfOtOtT,-0.0309
OaOfOtOlL,-0.0309
OaOfTfTlL,-0.0309
OaOtOtOlL,-0.0309
OaOaOtOfO,-0.0309
OfOtOaOtOaO,-0.0309
OfOaOtOfOfT,-0.0309
OtOfOfOtOtT,-0.0309
OtOfTtOaOfT,-0.0309
OtOtOaOfOfO,-0.0309
OtOtOaOfOfT,-0.0309
OtOtOaOfOlL,-0.0309
OtOaOfTfTlL,-0.0309
OtOaOaOtOfO,-0.0309
OaOtOtOtOaO,-0.0309
OaOtOtOaOtO,-0.0309
OaOaOtOfTfT,-0.0309
OaOaOtOtOlL,-0.0309
OaOaOtOtOtO,-0.0309
OaOaOtOtTlL,-0.0309
TtOaOtOaOfT,-0.0309
UtOaOtOaRfT,-0.0309
UtOaOtOaRlL,-0.0309
RfOaOaOtOfO,-0.0309
OaOtOtRfTlL,-0.0309
OxOfTfOfR,-0.0309
OxOfTfOtO,-0.0309
OxOfTfOlL,-0.0309
OxOfTfOfRlL,-0.0309
TtTtTtOtRtO,-0.0309
TtTtTtOaRtO,-0.0309
TtOtTtTfTlL,-0.0309
RfOaOfTfTlL,-0.0309
OfOfOtOfTfO,-0.0309
OfOtOtOfTfO,-0.0309
OfOaOtOfTfO,-0.0309
UaOtRaOfT,-0.0309
UaOaRaOfT,-0.0309
UaOtRaOtRtO,-0.0309
UaOaRaOtRtO,-0.0309
UaRaOfTlL,-0.0309
OaOtOfRfTlL,-0.0309
UtOfR,0.0306
OaOtOfO,-0.0296
OtOfOtOfO,-0.0296
OtOtOaOtO,-0.0296
OfOtOtOaOfT,-0.0296
OtOtOaOtOlL,-0.0296
RfOfOtOtOfT,-0.0296
RfOtOtOtOfT,-0.0296
TfOfR,-0.0296
TfOlL,-0.0296
TfOfRlL,-0.0296
OtTtTfTlL,-0.0296
TtTtOtTfTlL,-0.0296
OfUfTtUfT,0.0288
OxOfT,-0.0284
OfOfTtOfT,-0.0284
OaOtOtOfO,-0.0284
OxOfOfOfTlL,-0.0284
OfOtOtOfOfO,-0.0284
OaOtOtOtOfO,-0.0284
OaOtOaOtOfO,-0.0284
RfOtR,-0.0284
RtOtR,-0.0284
RtOlL,-0.0284
RfOtRfO,-0.0284
RtOtRfO,-0.0284
UxRfOtR,-0.0284
UxRtOtR,-0.0284
UxRtOlL,-0.0284
RfOtRfOtR,-0.0284
RfOtRfOlL,-0.0284
RfOtRtOtR,-0.0284
RfOtRtOlL,-0.0284
RtOtRfOtR,-0.0284
RtOtRfOlL,-0.0284
RtOtRtOtR,-0.0284
RtOtRtOlL,-0.0284
UxRfOtRfO,-0.0284
UxRtOtRfO,-0.0284
RfOtRfOtRfO,-0.0284
RfOtRtOtRfO,-0.0284
RtOtRfOtRfO,-0.0284
RtOtRtOtRfO,-0.0284
UxRfOtRfOtR,-0.0284
UxRfOtRfOlL,-0.0284
UxRfOtRtOtR,-0.0284
UxRfOtRtOlL,-0.0284
UxRtOtRfOtR,-0.0284
UxRtOtRfOlL,-0.0284
UxRtOtRtOtR,-0.0284
UxRtOtRtOlL,-0.0284
UxTlL,-0.0284
RfTfRfTfRlL,-0.0284
TfOfT,-0.0284
OtOfTfOtO,-0.0284
OtOfTfOfR,-0.0284
OtOfTfOlL,-0.0284
OtOfTfOfRlL,-0.0284
UtOtTtTfTlL,-0.0284
UtOtTtOfTlL,-0.0284
UaOaOfOfTlL,-0.0284
OxTfOfTlL,-0.0284
OaRtT,-0.0284
UtOtRtT,-0.0284
UtOaRtT,-0.0284
OaRfOtRtT,-0.0284
OaRtOtRtT,-0.0284
UtOtRfOtRtT,-0.0284
UtOtRtOtRtT,-0.0284
UtOaRfOtRtT,-0.0284
UtOaRtOtRtT,-0.0284
UtRfOfTlL,-0.0284
UtRtOfTlL,-0.0284
OtOfOtO,-0.0282
UtOfOfO,0.0278
UtOfOfOfT,0.0278
UtOtOtOfOfO,0.0278
UtOtOtOtOfO,0.0278
UaO,0.0273
OtOfTtOtOfT,-0.0271
OaOfTfTtOfT,-0.0271
OaOfTtOfTfT,-0.0271
UtOaO,-0.0271
RfOaOaO,-0.0271
UtOtOtOaO,-0.0271
RfOaOfOfT,-0.0271
RfOaOtOfT,-0.0271
UtOaOfOtOaO,-0.0271
RfOaOfOtOaO,-0.0271
TtOfTtTfT,-0.0271
OfTtOfTtTfT,-0.0271
OtRtOtOtTlL,-0.0271
TtOfTtOfTtT,-0.0271
OxRfOaOaO,-0.0271
OfOtOfTfO,-0.0271
OxRfOaOfOfT,-0.0271
OxRfOaOtOfT,-0.0271
OaOfTtTtOfT,-0.0271
UaRaOtRfT,-0.0271
OfOtTlL,-0.0258
OtOfOaO,-0.0258
OaOtOaO,-0.0258
OtOxOfTlL,-0.0258
OtOfOtOaO,-0.0258
OtOfOtTlL,-0.0258
TtOfOtOfT,-0.0258
OxOtOxOfTlL,-0.0258
OfOfOfOtOaO,-0.0258
OfOtOfOfOfO,-0.0258
OfOtOfTtOfT,-0.0258
OfOtOaOtOtO,-0.0258
OfTtOfOtOfT,-0.0258
TfTtOaOfTlL,-0.0258
OtOfOfTtOfT,-0.0258
OtOaOfOfOfO,-0.0258
OtOaOfOfOfT,-0.0258
OaOfOtOaOfO,-0.0258
OaOfOtOaOlL,-0.0258
OaOfOtOaOtO,-0.0258
OtTtOaOfTlL,-0.0258
TtOfTtOaOfT,-0.0258
UtOaOtOfT,-0.0258
OtOxRfO,-0.0258
RfOtOxRfO,-0.0258
OxRfOtOxRfO,-0.0258
RfOtOfTtOfT,-0.0258
RfOfOfTtOfT,-0.0258
OfRfOtOxRfO,-0.0258
OtOxRfOfRfO,-0.0258
TtTtOaOfTlL,-0.0258
OtOtRtT,-0.0258
OtOaRtT,-0.0258
OtOtOtRtT,-0.0258
OtOtOaRtT,-0.0258
UtOtOtOtRtT,-0.0258
UtOtOtOaRtT,-0.0258
OtOtRfOtRtT,-0.0258
OtOtRtOtRtT,-0.0258
OtOtOtOtRtT,-0.0258
OtOtOtOaRtT,-0.0258
OtOaRfOtRtT,-0.0258
OtOaRtOtRtT,-0.0258
OfOtOtRtT,-0.0258
OfOtOaRtT,-0.0258
OaOfOtOtRtT,-0.0258
OaOfOtOaRtT,-0.0258
OtOfO,0.0255
OfOtOtOfT,-0.025
OtOtOfOfO,-0.025
TtOtO,-0.0245
OfTtOtO,-0.0245
OfOfOfOtO,-0.0245
TtOfTtOtT,-0.0245
OfOfOfOtOfO,-0.0245
OfOtOfOfOlL,-0.0245
OfTtOfTtOtT,-0.0245
OtOfTtOtTlL,-0.0245
OtOtOfOtOaO,-0.0245
UtOfOfT,-0.0245
UtOtOtOfOfT,-0.0245
TtTfT,-0.0245
OfTtTfT,-0.0245
TtTtOfTtTfT,-0.0245
OtOfTtTtOfT,-0.0245
OxOfUfTlL,0.0244
OtOfOfOfT,0.0234
OaOaOtO,-0.0232
OtOaOaOtO,-0.0232
OaOfOfOfO,-0.0232
OaOfOfOfT,-0.0232
OaOfTtOaO,-0.0232
OaOtOaOlL,-0.0232
OaOtOaOtO,-0.0232
OaOaOtOlL,-0.0232
OaOtTtOfT,-0.0232
OfOtOtOtTlL,-0.0232
OfOaOtOtOfT,-0.0232
OtOfOtOtOlL,-0.0232
OtOaOfTtOaO,-0.0232
OtOaOtOfOlL,-0.0232
OtOaOtOfOtO,-0.0232
OtOaOaOtOlL,-0.0232
OtOaOtTtOfT,-0.0232
OaOfOfOfOfO,-0.0232
OaOfOfOfOfT,-0.0232
OaOfOtOfOfO,-0.0232
OaOfOtOtOfO,-0.0232
OaOfTtOfOfT,-0.0232
OaOfTtOtOfT,-0.0232
OaOfTtOaOlL,-0.0232
OaOfTtOaOtO,-0.0232
OaOfTtOtTlL,-0.0232
OaOtOfOtOaO,-0.0232
OaOtOaOtOlL,-0.0232
OaOaOtOfOlL,-0.0232
OaOaOtOfOtO,-0.0232
OaOaOtOfTtO,-0.0232
TtOtOfTfTlL,-0.0232
TtOtOtTfTlL,-0.0232
RfOfOfT,-0.0232
RfOaOtO,-0.0232
RfOtOfT,-0.0232
RfOaOaOtO,-0.0232
RfOaOaOlL,-0.0232
OtRtOtOtRaO,-0.0232
OtRtOtOtRlL,-0.0232
OtRtOtOaRaO,-0.0232
OtRtOtOaRlL,-0.0232
RfOfOfOtOfT,-0.0232
RfOaOfOtOtO,-0.0232
RfOaOaOtOlL,-0.0232
RfOaOtOtOfO,-0.0232
RfOtOfOtOfT,-0.0232
TfOtO,-0.0232
OxRfOtOfT,-0.0232
OxRfOfOfT,-0.0232
OxRfOaOtO,-0.0232
OxRfOaOaOtO,-0.0232
OxRfOaOaOlL,-0.0232
RfOaOfTtOaO,-0.0232
RfOaOtTtOfT,-0.0232
OaOfTtOfTfO,-0.0232
OaOtTtOfTfO,-0.0232
UtRaOtRaO,-0.0232
UtRaOtRlL,-0.0232
UtRaOtRaOtR,-0.0232
UtRaOtRaOlL,-0.0232
UaRaOtRaOfT,-0.0232
UxOfTlL,-0.0232
UxOaRfTlL,-0.0232
OtOtOtOfOtO,-0.023
OtOfOtOtO,0.0228
OxUfTtUtO,0.0227
UtOtOfT,0.0226
UtOtOtOtOfT,0.0226
UtOfRfTlL,-0.0225
OxOlL,-0.0219
OfOaO,-0.0219
TtOtT,-0.0219
OfTtOtT,-0.0219
OfOfOfOlL,-0.0219
OfOtOaOfO,-0.0219
OtOfOaOlL,-0.0219
OtOtTtOfT,-0.0219
OaOfOtOtT,-0.0219
OfOfOfOtOlL,-0.0219
OfOtOaOfOfO,-0.0219
OfOtOaOfOfT,-0.0219
OfOtOaOfOlL,-0.0219
OtOfOtOaOlL,-0.0219
OtOfOtOaOtO,-0.0219
OtOtOfOtOlL,-0.0219
OtOtOaOfOtO,-0.0219
OtOaOfOtOtT,-0.0219
UtOaOfO,-0.0219
UtOtOlL,-0.0219
UtOaOfOfT,-0.0219
UtOaOfOfO,-0.0219
UtOaOfOtO,-0.0219
UtOaOfOlL,-0.0219
UtOtOtOlL,-0.0219
UtOfOfOtOaO,-0.0219
UtOaOfOfOfT,-0.0219
UtOaOfOfOfO,-0.0219
UtOaOfOtOfO,-0.0219
UtOaOfOtOlL,-0.0219
UtOtOtOaOfO,-0.0219
UtOtOtOtOlL,-0.0219
TtOfTtT,-0.0219
UtOfTtTfT,-0.0219
OfTtOfTtT,-0.0219
TtOtTtTlL,-0.0219
OfTtOtTtTlL,-0.0219
TtOfTtTtTlL,-0.0219
OtOfTtTfTlL,-0.0219
TtUtO,0.0214
UfTtUtO,0.0214
TtUfRtUtO,0.0214
RtUfTtUtO,0.0214
UfTtUfRtUtO,0.0214
UfRtUfTtUtO,0.0214
OfOtOfOfO,0.0213
OtOtOtUfRlL,0.0209
OtOfOfUfRlL,0.0209
TtUaTlL,0.0209
UfTtUaTlL,0.0209
TtUfTtUaT,0.0209
OxUfTtUaTlL,0.0209
UfTtUfTtUaT,0.0209
TtUfRtUaTlL,0.0209
TtUtTtUaTlL,0.0209
RtUfTtUaTlL,0.0209
OxOfUfTtUfT,0.0209
OfUfTtUtTlL,0.0209
OtOtOtOfOfO,0.0208
TtOtOfT,-0.0206
OfOaOtOaO,-0.0206
OfTtOtOfT,-0.0206
OfOtOfOtTlL,-0.0206
OfOtOaOfOtO,-0.0206
OtOfOaOtOaO,-0.0206
OtOfTtOfTfT,-0.0206
OtOaOtOfTfT,-0.0206
OtOaOtOtTlL,-0.0206
OaOtOfTfTlL,-0.0206
TtOtOtOaOfT,-0.0206
UtOaOtOaOfT,-0.0206
RfTfRlL,-0.0206
TfRfTfRlL,-0.0206
UtRfTfRlL,-0.0206
UaOfRlL,-0.0206
OtOxOfTfO,-0.0206
OxOtOxOfTfO,-0.0206
OtOxOfTfOfT,-0.0206
OtOxOfTfOfR,-0.0206
OtOxOfTfOtO,-0.0206
OtOxOfTfOlL,-0.0206
TtOtR,-0.0206
TtOaR,-0.0206
OfTtOtR,-0.0206
OfTtOaR,-0.0206
TtOtRfO,-0.0206
TtOaRfO,-0.0206
UtOfTtOtR,-0.0206
UtOfTtOaR,-0.0206
OfTtOtRfO,-0.0206
OfTtOaRfO,-0.0206
TtOfTtOtR,-0.0206
TtOfTtOaR,-0.0206
TtOtRfOtR,-0.0206
TtOtRfOlL,-0.0206
TtOtRtOtR,-0.0206
TtOtRtOlL,-0.0206
TtOaRfOtR,-0.0206
TtOaRfOlL,-0.0206
TtOaRtOtR,-0.0206
TtOaRtOlL,-0.0206
UtOfTtOtRfO,-0.0206
UtOfTtOaRfO,-0.0206
OfTtOfTtOtR,-0.0206
OfTtOfTtOaR,-0.0206
OfTtOtRfOtR,-0.0206
OfTtOtRfOlL,-0.0206
OfTtOtRtOtR,-0.0206
OfTtOtRtOlL,-0.0206
OfTtOaRfOtR,-0.0206
OfTtOaRfOlL,-0.0206
OfTtOaRtOtR,-0.0206
OfTtOaRtOlL,-0.0206
TtOfTtOtRfO,-0.0206
TtOfTtOaRfO,-0.0206
TtOtRfOtRfO,-0.0206
TtOtRtOtRfO,-0.0206
TtOaRfOtRfO,-0.0206
TtOaRtOtRfO,-0.0206
OfRfOfR,-0.0206
RfOfRfOfR,-0.0206
OfRfOfRlL,-0.0206
OxRfOfRfOfR,-0.0206
RfOfRfOfRlL,-0.0206
OfRfOfRfOtO,-0.0206
OfRfOfRfOlL,-0.0206
OfOtOfOfOfT,0.0201
OfOtOtOtOtO,-0.0197
OfUfTtUfRlL,0.0197
OfUfTtUfTtU,0.0197
OtTfT,-0.0193
OtTtOfT,-0.0193
OtOfTtOtO,-0.0193
OfOtOtOtOtT,-0.0193
OfOtOaOtOfO,-0.0193
OtOtOtTtOfT,-0.0193
OaOfOfOfOlL,-0.0193
OaOfOfOfOtO,-0.0193
OaOfOfOtOfT,-0.0193
OaOfTtOfTtO,-0.0193
OaOaOfOtOfT,-0.0193
UtOfOfOfO,-0.0193
UtOfOfOlL,-0.0193
UtOtOfOfO,-0.0193
OtRtOtOfT,-0.0193
UtOfOfOfOfT,-0.0193
UtOfOfOfOfO,-0.0193
UtOfOfOtOlL,-0.0193
UtOtOfOfOfT,-0.0193
UtOtOfOfOfO,-0.0193
UtOtOfOfOtO,-0.0193
UtOtOfOfOlL,-0.0193
RaOtRtOtOfT,-0.0193
TtT,-0.0193
OfTtT,-0.0193
OtTtTlL,-0.0193
TtTtTlL,-0.0193
OfTtTtTlL,-0.0193
TtTtOfTtT,-0.0193
TtTtOfTtO,-0.0193
OfTtTtOfTtT,-0.0193
OfTtTtOfTtO,-0.0193
TtTtOtTtTlL,-0.0193
TtOtTtTtTlL,-0.0193
OfOfTfO,-0.0193
OfOtOfOfOtO,-0.0192
UtOtOtOfT,0.0182
OfOaOlL,-0.018
OfOfOtTlL,-0.018
OfOfTfTlL,-0.018
OfOaOtOtO,-0.018
OtOfOaOfO,-0.018
OtOaOaOfO,-0.018
TtOfTtOtO,-0.018
OfOfOfOtTlL,-0.018
OfOaOtOaOlL,-0.018
OfOaOtOaOtO,-0.018
OfTtOfTtOtO,-0.018
TfTtOaOtOfT,-0.018
OtOfOfOtTlL,-0.018
OtOfOaOtOtO,-0.018
OtOfTfTtOfT,-0.018
OtOtOfOtTlL,-0.018
OtOtOfTtOtO,-0.018
OtOtTtOtOfT,-0.018
OaOtOfOtOtO,-0.018
OaOtOtOfOlL,-0.018
OtTtOtOtOfT,-0.018
TtOfTtOtTfT,-0.018
TtOaOtOfTfT,-0.018
RtOtOtRfT,-0.018
RtOtOaRfT,-0.018
RfOfOaOtOaO,-0.018
RfOtOaOtOaO,-0.018
UxRtOtOtRfT,-0.018
UxRtOtOaRfT,-0.018
UxTfRfTfRlL,-0.018
UtOfTtO,-0.018
TtTtOtR,-0.018
TtTtOaR,-0.018
UtOfTtOtT,-0.018
OtTtOtRfT,-0.018
OtTtOaRfT,-0.018
OfTtTtOtR,-0.018
OfTtTtOaR,-0.018
TtTtOtRfO,-0.018
TtTtOaRfO,-0.018
UtOtTtOtRfT,-0.018
UtOtTtOaRfT,-0.018
UtOfTtTtOtR,-0.018
UtOfTtTtOaR,-0.018
UtOfTtOfTtO,-0.018
OtTtTtOtRfT,-0.018
OtTtTtOaRfT,-0.018
OfTtTtOtRfO,-0.018
OfTtTtOaRfO,-0.018
TtTtTtOfTtT,-0.018
TtTtTtOfTtO,-0.018
TtTtOfTtOtT,-0.018
TtTtOfTtOtR,-0.018
TtTtOfTtOaR,-0.018
TtTtOtRfOtR,-0.018
TtTtOtRfOlL,-0.018
TtTtOtRtOtR,-0.018
TtTtOtRtOlL,-0.018
TtTtOaRfOtR,-0.018
TtTtOaRfOlL,-0.018
TtTtOaRtOtR,-0.018
TtTtOaRtOlL,-0.018
TtOtTtOtRfT,-0.018
TtOtTtOaRfT,-0.018
TtOfTtTtOtT,-0.018
TtOfTtTtOtR,-0.018
TtOfTtTtOaR,-0.018
OtOfTtOtRfT,-0.018
OtOfTtOaRfT,-0.018
OaRtOtOtTlL,-0.018
UaOtOtOtRfT,-0.018
UaOtOtOaRfT,-0.018
UaOfTtOtRfT,-0.018
UaOfTtOaRfT,-0.018
TtTtOaOtOfT,-0.018
UtRfOtRfT,-0.018
UtRtOtRfT,-0.018
TtUtTtUtO,0.0175
UfTtUtTtUtO,0.0175
TfTtUfTtUtO,0.0175
TtUfTfTtUtO,0.0175
TtUtTfTtUtO,0.0175
UtTtUfTtUtO,0.0175
OtOfOtOtOfT,-0.0173
OtOfOfO,0.0169
OfOtOtT,-0.0168
OtOfTfT,-0.0168
OfOtOtOaO,-0.0168
TtOfTtOlL,-0.0168
OfTtOfTtOlL,-0.0168
OtOfOtOtOaO,-0.0168
OtOaOtOfOfO,-0.0168
TtOtOtOtOfT,-0.0168
RfOfOaOfT,-0.0168
RfOtOaOfT,-0.0168
TfRlL,-0.0168
RfTfRfTfRfT,-0.0168
RfTfRfTfRtO,-0.0168
UtOfTtT,-0.0168
TtTtOtT,-0.0168
UtOtTtTlL,-0.0168
OtTtTtTlL,-0.0168
OfTtTtOtT,-0.0168
TtOfTtTtO,-0.0168
UtOfTtTtTlL,-0.0168
UtOfTtOfTtT,-0.0168
OfTtOfTtTtO,-0.0168
OxRfOfOaOfT,-0.0168
OxRfOtOaOfT,-0.0168
UtOfO,-0.0167
UtOtOtOfO,-0.0167
OtOtOtOfOfT,-0.0166
UtOtOtOtO,0.0164
OtOtOfU,0.0157
OtOtOfUfR,0.0157
OtOtOfUfT,0.0157
OtOtOfUtO,0.0157
OtOtOtOtOfU,0.0157
OtOtOfUfRtU,0.0157
OfOfUfTlL,0.0157
OtOtOtOtUfR,0.0157
OtOtOtOtUfT,0.0157
OtOtOtOtUtO,0.0157
OfOtOtUfTlL,0.0157
UtOfOfUfTlL,0.0157
OfUfTfTlL,0.0157
OfUtTfTlL,0.0157
OfUtTtUfT,0.0157
OfUfTfTtUfT,0.0157
OfUtTfTtUfT,0.0157
OaOfTfT,-0.0155
OaOtTlL,-0.0155
TtOaOfT,-0.0155
TtOtTfT,-0.0155
OxOaOfTlL,-0.0155
OfOaOtOfO,-0.0155
OfTtOaOfT,-0.0155
OfTtOtTfT,-0.0155
OtOfTtOaO,-0.0155
OtOaOfTfT,-0.0155
OtOaOtTlL,-0.0155
OaOfTtOtO,-0.0155
OaOaOtOtT,-0.0155
OaOtTfTlL,-0.0155
OtTtOtOfT,-0.0155
TtOaOtOaO,-0.0155
OxOfOtOfTlL,-0.0155
OfOfTtOaOfT,-0.0155
OfOtOfOtOtO,-0.0155
OfOtOfOtOaO,-0.0155
OfTtOaOtOaO,-0.0155
OtOfOaOtOfO,-0.0155
OtOfTtOfOfT,-0.0155
OtOfTtOtOtO,-0.0155
OtOfTtOaOlL,-0.0155
OtOfTtOaOtO,-0.0155
OtOtOfTtOaO,-0.0155
OtOaOfTtOtO,-0.0155
OtOaOtOfTtO,-0.0155
OtOaOaOtOtT,-0.0155
OtOaOtTfTlL,-0.0155
OaOfOfTfTlL,-0.0155
OaOfOtOfTfT,-0.0155
OaOtOfOtOfO,-0.0155
OaOtOfTtOaO,-0.0155
OaOtOtOfOtO,-0.0155
OaOtOtOfTfT,-0.0155
OaOtOtOtTlL,-0.0155
OaOtOtTtOfT,-0.0155
OaOaOtOtTfT,-0.0155
OaOtTtOaOfT,-0.0155
OtTtOfOfTlL,-0.0155
OtTtOfTfTlL,-0.0155
OtTtOaOtOfT,-0.0155
OtTtOtTfTlL,-0.0155
TtOfOtOaOfT,-0.0155
TtOaOtOfOfT,-0.0155
TtOaOtOtOfT,-0.0155
TtOaOtOaOlL,-0.0155
TtOaOtOaOtO,-0.0155
TtOaOtOtTlL,-0.0155
RfOaOfO,-0.0155
UtOaOtOaR,-0.0155
RfOaOtOtO,-0.0155
RfOaOtOlL,-0.0155
OaOtOaRfT,-0.0155
OaOtOaRlL,-0.0155
UtOfOtOaRfT,-0.0155
UtOfOtOaRlL,-0.0155
UtOaOtOaRtO,-0.0155
OtRtOtOtRtO,-0.0155
OtRtOtOaRtO,-0.0155
RfOfOaOtOtO,-0.0155
RfOaOfOtOfO,-0.0155
RfOaOtOtOlL,-0.0155
RfOtOaOtOtO,-0.0155
OaOtOaOtOaR,-0.0155
OtOaOtOaRfT,-0.0155
OtOaOtOaRlL,-0.0155
OaRtOtOtRaO,-0.0155
OaRtOtOtRlL,-0.0155
OaRtOtOaRaO,-0.0155
OaRtOtOaRlL,-0.0155
RtOtOtRaOfT,-0.0155
RtOtOaRaOfT,-0.0155
UtRtO,-0.0155
UaOtR,-0.0155
OtUtOfUfTlL,-0.0155
RfOtOfTfO,-0.0155
OxRfOtOfTfO,-0.0155
TtTtO,-0.0155
OfTtTtO,-0.0155
TtTtTtOtR,-0.0155
TtTtTtOaR,-0.0155
UtOfTtTtOtT,-0.0155
OtTtOtRaOfT,-0.0155
OtTtOaRaOfT,-0.0155
OfTtTtTtOtR,-0.0155
OfTtTtTtOaR,-0.0155
TtTtTtOtRfO,-0.0155
TtTtTtOaRfO,-0.0155
TtTtOfTtTtO,-0.0155
OxRfOaOfO,-0.0155
RfOfOfTfO,-0.0155
RfOaOfTfT,-0.0155
RfOaOtTlL,-0.0155
OtOfOfTfO,-0.0155
OaOaOtOtU,-0.0155
OxRfOfOfTfO,-0.0155
OxRfOaOfTfT,-0.0155
OxRfOaOtOtO,-0.0155
OxRfOaOtOlL,-0.0155
OxRfOaOtTlL,-0.0155
RfOaOfTtOtO,-0.0155
RfOaOaOtOtT,-0.0155
RfOaOaOtOtU,-0.0155
RfOaOtTfTlL,-0.0155
OtOfTtOfTfO,-0.0155
OtOfOfOfTfO,-0.0155
OtOaOaOtOtU,-0.0155
OtOtTtOfTfO,-0.0155
TtOaOtOfTfO,-0.0155
UaOtRaO,-0.0155
UaOaRaO,-0.0155
UaOtRaOtR,-0.0155
UaOtRaOlL,-0.0155
UaOaRaOtR,-0.0155
UaOaRaOlL,-0.0155
UaOtRfOtRaO,-0.0155
UaOtRfOtRlL,-0.0155
UaOtRaOtRfO,-0.0155
UaOtRtOtRaO,-0.0155
UaOtRtOtRlL,-0.0155
UaOaRfOtRaO,-0.0155
UaOaRfOtRlL,-0.0155
UaOaRaOtRfO,-0.0155
UaOaRtOtRaO,-0.0155
UaOaRtOtRlL,-0.0155
OtOfRfTlL,-0.0155
OtOtOfRfTlL,-0.0155
UaOfTtTfTlL,-0.0155
OaOfTtTlL,-0.0155
RfOaOfTtTlL,-0.0155
OtOaOfTtTlL,-0.0155
OaOfTtOfTtT,-0.0155
OaOfTtTfTlL,-0.0155
OaOaOtOfTtT,-0.0155
OtUfOtUfTlL,-0.0155
OtUfOfUfTlL,-0.0155
UtRaOfT,-0.0155
UtRaOtRtO,-0.0155
UtRfOtRaOfT,-0.0155
UtRaOtRfOfT,-0.0155
UtRaOtRtOfT,-0.0155
UtRtOtRaOfT,-0.0155
OfOtOfRfTlL,-0.0155
OfTfRfTlL,-0.0155
RfTfRfOfTlL,-0.0155
RfTfRtOfTlL,-0.0155
RfOfTfRfTlL,-0.0155
RtOfTfRfTlL,-0.0155
OtOtOfOtOfO,-0.0153
TtOlL,-0.0142
OfOaOfO,-0.0142
OfTtOlL,-0.0142
OfOtOaOlL,-0.0142
OfOtOaOtO,-0.0142
OtOtOfTfT,-0.0142
OtOtTtOtO,-0.0142
TtOtOfOfT,-0.0142
TtOtOtOtO,-0.0142
OfOfOfOtOtT,-0.0142
OfOfOtOaOlL,-0.0142
OfOfOtOaOtO,-0.0142
OfOtOtOaOlL,-0.0142
OfOtOaOtOlL,-0.0142
OfTtOtOfOfT,-0.0142
OfTtOtOtOtO,-0.0142
OtOfOfOfOfR,-0.0142
OtOfOtOfOfR,-0.0142
OtOfOtOfOtO,-0.0142
OtOfOaOfOfR,-0.0142
OtOfTtOfTtO,-0.0142
OtOtOtOfTfT,-0.0142
OtOtOaOfOfR,-0.0142
OtOaOfOfOfR,-0.0142
OtOaOtOfOfR,-0.0142
OtOaOaOfOfR,-0.0142
OaOtOfOfOfT,-0.0142
OtTtOtOfOfT,-0.0142
RfOtO,-0.0142
UxTfRlL,-0.0142
OxRfOfT,-0.0142
UtOfTtTtO,-0.0142
UtOtOtOtT,-0.0142
TtTtTtOtT,-0.0142
UtOtTtTtTlL,-0.0142
OtTtTtTtOtT,-0.0142
OfTtTtTtOtT,-0.0142
OtOtTtTfTlL,-0.0142
UaOtOfTlL,-0.0142
UaOfOfOfTlL,-0.0142
OxT,-0.0142
OxTfO,-0.0142
OxTfOfR,-0.0142
OxTfOlL,-0.0142
OxTfOfRlL,-0.0142
RfOtRtT,-0.0142
RtOtRtT,-0.0142
UxRfOtRtT,-0.0142
UxRtOtRtT,-0.0142
RfOtRfOtRtT,-0.0142
RfOtRtOtRtT,-0.0142
RtOtRfOtRtT,-0.0142
RtOtRtOtRtT,-0.0142
UtOfOfOtOtT,-0.0142
UtOaOfOtOtT,-0.0142
UtOfOfOtO,-0.0141
UtOfOfOtOfO,-0.0141
OxUfRtUtO,0.014
UtOfOfOtOtO,0.0137
OfOfOtOtOfT,-0.0134
OxOfR,-0.0129
OxOtO,-0.0129
OxOfOfT,-0.0129
OxOfRlL,-0.0129
OtOfTtO,-0.0129
OtTtOtO,-0.0129
TtOtOtO,-0.0129
OfOtTfTlL,-0.0129
OfTtOtOtO,-0.0129
OaOtOfOlL,-0.0129
OaOtOfOtO,-0.0129
TtOfTtOaO,-0.0129
TtOtOtOaO,-0.0129
TtOtTtOfT,-0.0129
OfOtOfOtOfO,-0.0129
OfOtOtOaOtO,-0.0129
OfOaOtOtOlL,-0.0129
OfOaOtOtOtO,-0.0129
OfTtOfTtOaO,-0.0129
OfTtOtOtOaO,-0.0129
OfTtOtTtOfT,-0.0129
TfTtOfOfTlL,-0.0129
TfTtOtOfTlL,-0.0129
OtOxOtOfTlL,-0.0129
OtOfOtTfTlL,-0.0129
OtOtOtTtOtO,-0.0129
OaOfOtOfOlL,-0.0129
OaOfOtOfOtO,-0.0129
OaOtOfOtOlL,-0.0129
OaOtOfOaOfT,-0.0129
OaOtOtOfOfO,-0.0129
OtTtOfTtOfT,-0.0129
OtTtOtTtOfT,-0.0129
TtOfTtOfOfT,-0.0129
TtOfTtOtOfT,-0.0129
TtOfTtOaOlL,-0.0129
TtOfTtOaOtO,-0.0129
TtOtOtOfOfT,-0.0129
TtOtOtOaOlL,-0.0129
TtOaOtOfTtO,-0.0129
UtOfOtOfT,-0.0129
OaRtOtOfT,-0.0129
UtOtRtOtOfT,-0.0129
UtOaRtOtOfT,-0.0129
RfOfOtOtOaO,-0.0129
RfOtOtOtOaO,-0.0129
OtOtRtOtOfT,-0.0129
OtOaRtOtOfT,-0.0129
UaOlL,-0.0129
OxRfOtO,-0.0129
TtOtTtTfT,-0.0129
OtOfTtTlL,-0.0129
OtTtTtTtOtR,-0.0129
OtTtTtTtOaR,-0.0129
OfTtOtTtTfT,-0.0129
TtTtOtOfTlL,-0.0129
TtOfTtTtTfT,-0.0129
TtOfTtTtTtO,-0.0129
TtOfTtOtTtT,-0.0129
TtOtRtOtOfT,-0.0129
TtOaRtOtOfT,-0.0129
RtOtOfTfTlL,-0.0129
OtOaOtOtU,-0.0129
OtOtOaOtOtU,-0.0129
UtOxUfTlL,-0.0129
OxUtOxUfTlL,-0.0129
UaOaOfTlL,-0.0129
RtOxRfT,-0.0129
OxRtOxRfT,-0.0129
RtOxRfTlL,-0.0129
OxRtOxRfTlL,-0.0129
RtOxRtOxRfT,-0.0129
UfTfRfTlL,-0.0129
OxUfTfRfTlL,-0.0129
TtTtOfOfTlL,-0.0129
RtUxRfT,-0.0128
UxRtUxRfT,-0.0128
RtUxRfTlL,-0.0128
UxRtUxRfTlL,-0.0128
RtUxRtUxRfT,-0.0128
OxUtO,0.0127
OtOfOtOtOtO,0.0124
OxO,-0.0118
OxOfO,-0.0116
OtOtTfT,-0.0116
OaOfTtO,-0.0116
OaOaOfO,-0.0116
OtOtOfTtO,-0.0116
OtOaOfTtO,-0.0116
OaOfTtOfO,-0.0116
OaOfTtOlL,-0.0116
OaOfTtOtT,-0.0116
OaOtOfOfO,-0.0116
OfOtOtOfOlL,-0.0116
OtOfOtOfOlL,-0.0116
OtOfTtOtOlL,-0.0116
OtOtOtOfTtO,-0.0116
OtOaOfTtOfO,-0.0116
OtOaOfTtOlL,-0.0116
OtOaOfTtOtT,-0.0116
OtOtTtOtOtO,-0.0116
OaOfOfOtOtO,-0.0116
OaOfOfOtOaO,-0.0116
OaOfOtOfTtO,-0.0116
OaOfTtOfOlL,-0.0116
OaOfTtOfOtO,-0.0116
OaOfTtOtOlL,-0.0116
OaOfTtOtOtO,-0.0116
OaOfTtOtTfT,-0.0116
OaOtOfOfOfO,-0.0116
OaOtOtOfTtO,-0.0116
OaOaOfOfTlL,-0.0116
OaOaOfOtOtO,-0.0116
OaOaOfOtOaO,-0.0116
OtTtOtOtOtO,-0.0116
TtOtOtOtOtO,-0.0116
RfOaO,-0.0116
RfOaOlL,-0.0116
RfOaOfOtO,-0.0116
RfOaOfOlL,-0.0116
OtRaOtRtOtO,-0.0116
RfOfOtOtOtO,-0.0116
RfOaOfOtOlL,-0.0116
RfOtOtOtOtO,-0.0116
RfTfRfT,-0.0116
RfTfRtO,-0.0116
TfRfTfRfT,-0.0116
TfRfTfRtO,-0.0116
RfTfRfTfR,-0.0116
UtRfTfRfT,-0.0116
UtRfTfRtO,-0.0116
TfRfTfRfTfR,-0.0116
UtRfTfRfTfR,-0.0116
UtOtTfT,-0.0116
OtTtTfT,-0.0116
TtTtTfT,-0.0116
TtTtTtO,-0.0116
OfTtTtTfT,-0.0116
OfTtTtTtO,-0.0116
TtTtOtTfT,-0.0116
UtOfTtOtTfT,-0.0116
OfTtTtOtTfT,-0.0116
TtTtOtTtTfT,-0.0116
TtTtOfTtOtO,-0.0116
TtTtOfTtOlL,-0.0116
TtOtTtTtTfT,-0.0116
TtOtTtTtTtO,-0.0116
TtOfTtTtOtO,-0.0116
TtOfTtTtOlL,-0.0116
OtOfTtOfTtT,-0.0116
OxRfOaO,-0.0116
TtOfTfO,-0.0116
OxRfOaOlL,-0.0116
RfOaOfTtO,-0.0116
OfTtOfTfO,-0.0116
OaOfTfTfO,-0.0116
OaOtOtOtU,-0.0116
OaOtTfTfO,-0.0116
OxRfOaOfTtO,-0.0116
OxRfOaOfOtO,-0.0116
OxRfOaOfOlL,-0.0116
RfOaOfTfTfO,-0.0116
RfOaOfTtOfO,-0.0116
RfOaOfTtOlL,-0.0116
RfOaOfTtOtT,-0.0116
RfOaOtOfTfO,-0.0116
RfOaOtOtOtU,-0.0116
RfOaOtTfTfO,-0.0116
OtOaOfTfTfO,-0.0116
OtOaOfOfTfO,-0.0116
OtOaOfOtOtU,-0.0116
OtOaOtOtOtU,-0.0116
OtOaOtTfTfO,-0.0116
OaOfOfOfTfO,-0.0116
OaOaOfOfTfO,-0.0116
TtOfTtOfTfO,-0.0116
UtTtTtTfTlL,-0.0116
UaRaOtRaO,-0.0116
UaRaOtRlL,-0.0116
UaRaOtRaOtR,-0.0116
UaRaOtRaOlL,-0.0116
UtOtOtOtOtO,-0.0114
OtOtOfOtO,-0.0114
OfO,0.0113
OtOtOfOfOfT,-0.0109
OtOtOtOfU,0.0105
OtOtOtOfUfR,0.0105
OtOtOtOfUfT,0.0105
OtOtOtOfUtO,0.0105
UtOtOfOtO,0.0105
OtOfOfU,0.0105
OtOtOtUfR,0.0105
OtOtOtUfT,0.0105
OtOtOtUtO,0.0105
OtOtUtOtU,0.0105
OtOtUtOfO,0.0105
OtOfOfUfR,0.0105
OtOfOfUfT,0.0105
OtOfOfUtO,0.0105
OfOtOtOfU,0.0105
OfOfUfRlL,0.0105
OtOtOtOfOfU,0.0105
OtOtOtUfRtU,0.0105
OtOtOfUtOtU,0.0105
OtOtOfUtOfO,0.0105
OtOtUtOtUfR,0.0105
OtOtUtOtUfT,0.0105
OtOtUtOtUtO,0.0105
OtOtUtOfOfU,0.0105
OtOfOtOtOfU,0.0105
OtOfOfUfRtU,0.0105
OtOfOfUtOtU,0.0105
OtOfOfUtOfO,0.0105
OtUtOtOfOtO,0.0105
OfOtOtOfUfR,0.0105
OfOtOtOfUfT,0.0105
OfOtOtOfUtO,0.0105
OfOtOtUfRlL,0.0105
OfUtOtOfOtO,0.0105
RtUtOtOfOtO,0.0105
UtOfOfUfRlL,0.0105
RfTfT,0.0105
OxRfTfT,0.0105
TtUaT,0.0105
UaTlL,0.0105
OxUaTlL,0.0105
UfTtUaT,0.0105
RtUaTlL,0.0105
OxUfTtUaT,0.0105
UfRtUaTlL,0.0105
TfTtUaTlL,0.0105
TtUfRtUaT,0.0105
TtUtTtUaT,0.0105
RtUfTtUaT,0.0105
UtTtUaTlL,0.0105
OxUfRtUaTlL,0.0105
OxUtTtUaTlL,0.0105
UfTfTtUaTlL,0.0105
UfTtUfRtUaT,0.0105
UfTtUtTtUaT,0.0105
UfRtUfTtUaT,0.0105
TfTtUfTtUaT,0.0105
TtUfTfTtUaT,0.0105
TtUtTfTtUaT,0.0105
RtUfRtUaTlL,0.0105
RtUtTtUaTlL,0.0105
UtTfTtUaTlL,0.0105
UtTtUfTtUaT,0.0105
OxOfUfT,0.0105
OfUtTlL,0.0105
OfUfTtUtT,0.0105
OxOfUfRtUfT,0.0105
OxOfUfTfTlL,0.0105
OxOfUtTfTlL,0.0105
OxOfUtTtUfT,0.0105
OfUfRtUtTlL,0.0105
OfUfTtUfTfT,0.0105
OfUfTtUtTfT,0.0105
OfUfTtUtTtU,0.0105
OfUtTtUfRlL,0.0105
OfUtTtUfTtU,0.0105
OfUtTtUtTlL,0.0105
RtUtOfR,-0.0103
UtOfRtU,-0.0103
OfRtUtOfR,-0.0103
RtUtOfRtU,-0.0103
RtUtOfRlL,-0.0103
UtOfRtUtO,-0.0103
OfRtUtOfRtU,-0.0103
OfRtUtOfRlL,-0.0103
RtUtOfRtUtO,-0.0103
UtOfRtUtOfR,-0.0103
OtTtO,-0.0103
OfOaOtO,-0.0103
OaOfOfR,-0.0103
OfOfOfOfR,-0.0103
OfOtOfOfR,-0.0103
OfOtOfOtO,-0.0103
OfOaOfOfR,-0.0103
OfOaOtOlL,-0.0103
OfOtTtOfT,-0.0103
OtOfOaOtO,-0.0103
OtOfTtOtT,-0.0103
OtOaOfOfR,-0.0103
OtOaOtOtT,-0.0103
OaOfOfRlL,-0.0103
OaOtOfTfT,-0.0103
OaOtOtTlL,-0.0103
OtTtOtOtO,-0.0103
TtOtOaOfT,-0.0103
TtOaOtOtO,-0.0103
OfOfOfOfRlL,-0.0103
OfOfOtOfOtO,-0.0103
OfOtOfOfRlL,-0.0103
OfOtOfOtOlL,-0.0103
OfOtOfTfTlL,-0.0103
OfOaOfOfRlL,-0.0103
OfOaOtOfOlL,-0.0103
OfOaOtOfOtO,-0.0103
OfOaOtOfTfT,-0.0103
OfOaOtOtTlL,-0.0103
OfTtOtOaOfT,-0.0103
OfTtOaOtOtO,-0.0103
OtOfOfTfTlL,-0.0103
OtOfOtOfTfT,-0.0103
OtOfOtOtTlL,-0.0103
OtOfOaOtOlL,-0.0103
OtOfOtTtOfT,-0.0103
OtOtOaOtOtT,-0.0103
OtOaOfOfRlL,-0.0103
OtOaOtOaOfO,-0.0103
OtOaOtOtTfT,-0.0103
OtOtTtOaOfT,-0.0103
OaOtOfTtOtO,-0.0103
OaOtOtOaOfO,-0.0103
OaOtOaOtOtT,-0.0103
OaOtOtTfTlL,-0.0103
OtTtOtOaOfT,-0.0103
TtOtOfOaOfT,-0.0103
UtOaOtOaO,-0.0103
UtOfOtOaOfT,-0.0103
UtOaOtOfOfT,-0.0103
UtOaOtOtRfT,-0.0103
UtOaOtOtRlL,-0.0103
UtOaOtOaOtO,-0.0103
UtOaOtOaOlL,-0.0103
UtOaOtOtOfT,-0.0103
RfOfOaOtOfO,-0.0103
RfOtOaOtOfO,-0.0103
OaRtOtOtRtO,-0.0103
OaRtOtOaRtO,-0.0103
UxTfRfTfRfT,-0.0103
UxTfRfTfRtO,-0.0103
UaOfR,-0.0103
UaOfRfT,-0.0103
OtUtOfTlL,-0.0103
OxOtOfTfO,-0.0103
OxOtOfTfOfT,-0.0103
OxOtOfTfOfR,-0.0103
OxOtOfTfOtO,-0.0103
OxOtOfTfOlL,-0.0103
OtOxOtOfTfO,-0.0103
TtTtOtO,-0.0103
TtTtOlL,-0.0103
TtOtTtT,-0.0103
UtOtTtTfT,-0.0103
UtOfTtOtO,-0.0103
UtOfTtOlL,-0.0103
OtTtTtTfT,-0.0103
OtTtTtTtO,-0.0103
OfTtTtOtO,-0.0103
OfTtTtOlL,-0.0103
OfTtOtTtT,-0.0103
TtOfTtTtT,-0.0103
UtOfTtTtTfT,-0.0103
UtOfTtTtTtO,-0.0103
OfTtOfTtTtT,-0.0103
RfOtOfTfTlL,-0.0103
TtTtTtOtTfT,-0.0103
OtOtOfTtTlL,-0.0103
RfOfOfTfTlL,-0.0103
OaOtOaOtOtU,-0.0103
UaOtRtO,-0.0103
UaOaRtO,-0.0103
UaOtRfOfT,-0.0103
UaOtRtOfT,-0.0103
UaOaRfOfT,-0.0103
UaOaRtOfT,-0.0103
UaOtRfOtRtO,-0.0103
UaOtRtOtRtO,-0.0103
UaOaOfOtOfT,-0.0103
UaOaRfOtRtO,-0.0103
UaOaRtOtRtO,-0.0103
RfOfR,-0.0103
OxRfOfR,-0.0103
RfOfRlL,-0.0103
OfRfOtO,-0.0103
OfRfOlL,-0.0103
OxRfOfRlL,-0.0103
RfOfRfOtO,-0.0103
RfOfRfOlL,-0.0103
OxRfOfRfOtO,-0.0103
OxRfOfRfOlL,-0.0103
OfRfOfRfOfT,-0.0103
TtOaOtOfTtT,-0.0103
OtOaOtOfTtT,-0.0103
OaOtOfTtTlL,-0.0103
OtUfOfTlL,-0.0103
UaRfOfTlL,-0.0103
UaRtOfTlL,-0.0103
UtOaOtOfRfT,-0.0103
UtOaOtOfRlL,-0.0103
RtUxRfO,-0.0103
UxRtUxRfO,-0.0103
RtUxRtUxRfO,-0.0103
UtOtUfRlL,0.0092
OfUtOtUfRlL,0.0092
RtUtOtUfRlL,0.0092
OfUfTtU,0.0092
OfUfTtUfR,0.0092
OfUfRtUfTtU,0.0092
OfUfTtUfRtU,0.0092
TtOfOfT,-0.009
TtOtOlL,-0.009
OxOfOaOfT,-0.009
OfTtOfOfT,-0.009
OfTtOtOlL,-0.009
OtOfTtOlL,-0.009
OtOtOfOaO,-0.009
OtOtOaOaO,-0.009
OtOtOtTfT,-0.009
TtOtOtOfO,-0.009
TtOtOtOlL,-0.009
OfOfTfTtOfT,-0.009
OfOfTtOfOfT,-0.009
OfOfTtOfTfT,-0.009
OfOfTtOtOfT,-0.009
OfOaOfOfTlL,-0.009
OfTtOtOtOfO,-0.009
OfTtOtOtOlL,-0.009
TfTtOfOtOfT,-0.009
TfTtOtOtOfT,-0.009
OtOfTtOtTfT,-0.009
OtOtOfOaOfO,-0.009
OtOtOfOaOfT,-0.009
OtOtOfOaOlL,-0.009
OtOtOtOfOaO,-0.009
OtOtOtOaOaO,-0.009
OtOtOtOtTfT,-0.009
OtOtOaOaOfO,-0.009
OtOtOaOaOfT,-0.009
OtOtOaOaOlL,-0.009
OaOtOfOfOlL,-0.009
OaOtOfOfOtO,-0.009
TtOfOtOfTfT,-0.009
TtOtOtOfOlL,-0.009
TtOtOtOfTfT,-0.009
TtOtOtOtOlL,-0.009
RfOfOaO,-0.009
RfOtOaO,-0.009
RfOfOfOfT,-0.009
RfOfOtOfT,-0.009
RfOtOfOfT,-0.009
RfOtOtOfT,-0.009
RfOfOfOtOaO,-0.009
RfOtOfOtOaO,-0.009
TfRfT,-0.009
TfRtO,-0.009
RfTfR,-0.009
TfRfTfR,-0.009
UtRfTfR,-0.009
OxRfOtOtOfT,-0.009
OtTtT,-0.009
TtTtT,-0.009
OfTtTtT,-0.009
TtTfTtOfT,-0.009
TtTtTtOtO,-0.009
TtTtTtOlL,-0.009
TtTtOtTtT,-0.009
TtOtTtTtT,-0.009
RtOtOtTlL,-0.009
UtOtTtTtTfT,-0.009
UtOtTtTtTtO,-0.009
UtOfTtTtOtO,-0.009
UtOfTtTtOlL,-0.009
OtTtTtOtTlL,-0.009
OfTtTfTtOfT,-0.009
OfTtTtTtOtO,-0.009
OfTtTtTtOlL,-0.009
OfTtTtOtTtT,-0.009
OfTtOtTtTtT,-0.009
TtTtTfTtOfT,-0.009
TtTtOfTtTtT,-0.009
TtTtOtOtOfT,-0.009
UxRtOtOtTlL,-0.009
OxRfOfOaO,-0.009
OxRfOtOaO,-0.009
OaOfOtOtU,-0.009
OxRfOfOfOfT,-0.009
OxRfOfOtOfT,-0.009
OxRfOtOfOfT,-0.009
OfOfTtTtOfT,-0.009
TtTtOfOtOfT,-0.009
UaRfOtRfT,-0.009
UaRtOtRfT,-0.009
UtOfRlL,0.0087
TfTtUtO,0.0087
UtTtUtO,0.0087
OxUtTtUtO,0.0087
UfTfTtUtO,0.0087
RtUtTtUtO,0.0087
UtTfTtUtO,0.0087
OxUfTfTtUtO,0.0087
OxUtTfTtUtO,0.0087
UfRtUtTtUtO,0.0087
TfTtUfRtUtO,0.0087
TfTtUtTtUtO,0.0087
RtUfTfTtUtO,0.0087
RtUtTfTtUtO,0.0087
UtTtUfRtUtO,0.0087
UtTtUtTtUtO,0.0087
OfOfT,0.0086
UtOtUfTlL,0.008
OfUtOtUfTlL,0.008
RtUtOtUfTlL,0.008
OtUtOtUfRlL,0.0079
UtOfUfTlL,-0.0077
OfUtOfUfTlL,-0.0077
RtUtOfUfTlL,-0.0077
OaOtT,-0.0077
TtOaO,-0.0077
OfTtOaO,-0.0077
OtOaOtT,-0.0077
OtOtTtO,-0.0077
OaOtTfT,-0.0077
TtOtOtT,-0.0077
TtOaOlL,-0.0077
TtOaOtO,-0.0077
OfOfTtOaO,-0.0077
OfOtOfOlL,-0.0077
OfTtOtOtT,-0.0077
OfTtOaOlL,-0.0077
OfTtOaOtO,-0.0077
OtOfTtOfO,-0.0077
OtOaOtTfT,-0.0077
OaOfOfOfR,-0.0077
OaOtOfOfR,-0.0077
OaOtOfOaO,-0.0077
OaOtOfTtO,-0.0077
OaOtOtOtT,-0.0077
OaOaOfOfR,-0.0077
OaOtTtOtO,-0.0077
OaOtTtOaO,-0.0077
OtTtOtOtT,-0.0077
OtTtOtTlL,-0.0077
TtOfOtOaO,-0.0077
TtOtOfOaO,-0.0077
TtOaOtOfO,-0.0077
TtOaOtOlL,-0.0077
TtOaOtOtT,-0.0077
OxOfOtTfTlL,-0.0077
OxOtOfOfTlL,-0.0077
OxOtOtOfTlL,-0.0077
OxOtOaOfTlL,-0.0077
OxOaOfOfTlL,-0.0077
OxOaOtOfTlL,-0.0077
OxOaOaOfTlL,-0.0077
OfOfOfTfTlL,-0.0077
OfOfOtOfOlL,-0.0077
OfOfTtOaOlL,-0.0077
OfOfTtOaOtO,-0.0077
OfOfTtOtTlL,-0.0077
OfOtOfTtOaO,-0.0077
OfOtOtTtOfT,-0.0077
OfOaOtOfOfO,-0.0077
OfOaOtOfOaO,-0.0077
OfOaOtOfTtO,-0.0077
OfTtOfOtOaO,-0.0077
OfTtOtOfOaO,-0.0077
OfTtOaOtOfO,-0.0077
OfTtOaOtOlL,-0.0077
OfTtOaOtOtT,-0.0077
OtOfOfTtOaO,-0.0077
OtOfOtOfTtO,-0.0077
OtOfTtOfOlL,-0.0077
OtOfTtOfOtO,-0.0077
OtOfTtOtOtT,-0.0077
OtOtOfTtOfO,-0.0077
OtOtOfTtOlL,-0.0077
OtOtOfTtOtT,-0.0077
OtOaOtOfOaO,-0.0077
OtOaOtOtOtT,-0.0077
OtOaOtTtOtO,-0.0077
OtOaOtTtOaO,-0.0077
OtOtTtOtOlL,-0.0077
OtOtTtOtOtT,-0.0077
OaOfOfOfRlL,-0.0077
OaOfOfOtOfO,-0.0077
OaOfOtOtTfT,-0.0077
OaOfTfTtOaO,-0.0077
OaOtOfOfRlL,-0.0077
OaOtOfOaOfO,-0.0077
OaOtOfTtOfO,-0.0077
OaOtOfTtOlL,-0.0077
OaOtOfTtOtT,-0.0077
OaOtOtOtTfT,-0.0077
OaOaOfOfRlL,-0.0077
OaOaOfOtOfO,-0.0077
OaOaOtOfOfO,-0.0077
OaOaOtOtOfO,-0.0077
OaOaOtOaOfO,-0.0077
OaOaOtOtTtO,-0.0077
OaOtTtOfOfT,-0.0077
OaOtTtOtOfT,-0.0077
OaOtTtOaOlL,-0.0077
OaOtTtOaOtO,-0.0077
OaOtTtOtTlL,-0.0077
OtTtOfOtOfT,-0.0077
OtTtOtOfOaO,-0.0077
OtTtOtOtOaO,-0.0077
TtOfOfTfTlL,-0.0077
TtOfOtOfOfT,-0.0077
TtOfOtOtOfT,-0.0077
TtOfOtOaOlL,-0.0077
TtOfOtOaOtO,-0.0077
TtOfOtOtTlL,-0.0077
TtOtOfOfOfT,-0.0077
TtOtOfOaOfO,-0.0077
TtOtOfTtOtO,-0.0077
TtOtOtOaOtO,-0.0077
TtOtOtOtTlL,-0.0077
TtOtOtTtOtO,-0.0077
TtOaOtOfOlL,-0.0077
TtOaOtOfOtO,-0.0077
TtOaOtOtOlL,-0.0077
TtOaOtOtOtO,-0.0077
TtOaOtOtTfT,-0.0077
TtOtTtOtTlL,-0.0077
RfOfOtO,-0.0077
RfOtOtO,-0.0077
OaOtOaR,-0.0077
UtOfOtOaR,-0.0077
OtRtOtOtR,-0.0077
OtRtOtOaR,-0.0077
RfOfOaOtO,-0.0077
RfOfOaOlL,-0.0077
RfOtOaOtO,-0.0077
RfOtOaOlL,-0.0077
OaOtOaRtO,-0.0077
OtOaOtOaR,-0.0077
RtOtOtRaO,-0.0077
RtOtOtRlL,-0.0077
RtOtOaRaO,-0.0077
RtOtOaRlL,-0.0077
UtOfOtOaRtO,-0.0077
OfOtOaOtOaR,-0.0077
OtRtOtOtRfO,-0.0077
OtRtOtOaRfO,-0.0077
RfOfOfOtOtO,-0.0077
RfOfOaOtOlL,-0.0077
RfOfOtOtOfO,-0.0077
RfOtOfOtOtO,-0.0077
RfOtOaOtOlL,-0.0077
RfOtOtOtOfO,-0.0077
OaOtOfOtOaR,-0.0077
OaOtOtOtOaR,-0.0077
OtOfOtOaRfT,-0.0077
OtOfOtOaRlL,-0.0077
OtOaOtOaRtO,-0.0077
OtOtOaOtOaR,-0.0077
OaRaOtRtOtO,-0.0077
RaOtRtOtOtR,-0.0077
RaOtRtOtOaR,-0.0077
RtOtOtRaOtR,-0.0077
RtOtOtRaOlL,-0.0077
RtOtOaRaOtR,-0.0077
RtOtOaRaOlL,-0.0077
UxRtOtOtRaO,-0.0077
UxRtOtOtRlL,-0.0077
UxRtOtOaRaO,-0.0077
UxRtOtOaRlL,-0.0077
TfR,-0.0077
UxTfRfT,-0.0077
UxTfRtO,-0.0077
UxTfRfTfR,-0.0077
OxRfOtOtO,-0.0077
OtUxRtUxRfT,-0.0077
OtUxRtUxRlL,-0.0077
UtOtTtT,-0.0077
OtTtTtT,-0.0077
UtOfTtTtT,-0.0077
OtTtOtRaO,-0.0077
OtTtOtRlL,-0.0077
OtTtOaRaO,-0.0077
OtTtOaRlL,-0.0077
OtRtOtOtT,-0.0077
OtOtTtTlL,-0.0077
UtOtTtOtRaO,-0.0077
UtOtTtOtRlL,-0.0077
UtOtTtOaRaO,-0.0077
UtOtTtOaRlL,-0.0077
UtOfTtOtTtT,-0.0077
OtTtTtTtOtO,-0.0077
OtTtTtTtOlL,-0.0077
OtTtTtOtRaO,-0.0077
OtTtTtOtRlL,-0.0077
OtTtTtOaRaO,-0.0077
OtTtTtOaRlL,-0.0077
OtTtOtRaOtR,-0.0077
OtTtOtRaOlL,-0.0077
OtTtOaRaOtR,-0.0077
OtTtOaRaOlL,-0.0077
OtRtOtOfTfT,-0.0077
RfOtOtTtOfT,-0.0077
TtTtTtOtTtT,-0.0077
TtTtOtTtTtT,-0.0077
TtOtTtOtRaO,-0.0077
TtOtTtOtRlL,-0.0077
TtOtTtOaRaO,-0.0077
TtOtTtOaRlL,-0.0077
OtOfTtOtRaO,-0.0077
OtOfTtOtRlL,-0.0077
OtOfTtOaRaO,-0.0077
OtOfTtOaRlL,-0.0077
RaOtRtOtOtT,-0.0077
OaOtU,-0.0077
RfOaOtT,-0.0077
RfOaOtU,-0.0077
OtOaOtU,-0.0077
OxRfOfOtO,-0.0077
OxRfOaOtT,-0.0077
OxRfOaOtU,-0.0077
RfOaOtTfT,-0.0077
OfOfOfTfO,-0.0077
OtOfTfTfO,-0.0077
OtOtTfTfO,-0.0077
OtTtOfTfO,-0.0077
OxRfOfOaOtO,-0.0077
OxRfOfOaOlL,-0.0077
OxRfOtOaOtO,-0.0077
OxRfOtOaOlL,-0.0077
OxRfOaOtTfT,-0.0077
RfOfOfTtOaO,-0.0077
RfOfOtTtOfT,-0.0077
RfOtOfTtOaO,-0.0077
RfOaOfOtOtT,-0.0077
RfOaOfOtOtU,-0.0077
RfOaOtOtOtT,-0.0077
RfOaOtTtOtO,-0.0077
RfOaOtTtOaO,-0.0077
OfOfTtOfTfO,-0.0077
OfOfOfOfTfO,-0.0077
OfOtOaOtOtU,-0.0077
OfOtTtOfTfO,-0.0077
OtOtOfTfTfO,-0.0077
OtOtOtTfTfO,-0.0077
OaOtOfTfTfO,-0.0077
OaOtOtOtOtU,-0.0077
OaOtOtTfTfO,-0.0077
TtOfOtOfTfO,-0.0077
TtOtOtOfTfO,-0.0077
TtOtTtOfTfO,-0.0077
UaOtOtOtRaO,-0.0077
UaOtOtOtRlL,-0.0077
UaOtOtOaRaO,-0.0077
UaOtOtOaRlL,-0.0077
UtTtTtTtOfT,-0.0077
UaOfTtTtOfT,-0.0077
UaOfTtOtRaO,-0.0077
UaOfTtOtRlL,-0.0077
UaOfTtOaRaO,-0.0077
UaOfTtOaRlL,-0.0077
OaOfTtT,-0.0077
RfOaOfTtT,-0.0077
OtOaOfTtT,-0.0077
OaOfTtTfT,-0.0077
OaOtTtTlL,-0.0077
OxRfOaOfTtT,-0.0077
RfOaOfTtTfT,-0.0077
RfOaOtTtTlL,-0.0077
OtOaOfTtTfT,-0.0077
OtOaOtTtTlL,-0.0077
OaOfTtOtTtT,-0.0077
OaOfTtTtOaO,-0.0077
OaOfTtTtTlL,-0.0077
OaOfOtOfTtT,-0.0077
OaOtOtOfTtT,-0.0077
OaOaOtOtTtT,-0.0077
OaOtTtTtTlL,-0.0077
UfOtUfTlL,-0.0077
UfOfUfTlL,-0.0077
OfTtUfTlL,-0.0077
UfOfTtUfTlL,-0.0077
OfUfOtUfTlL,-0.0077
OfUfOfUfTlL,-0.0077
TtUfOtUfTlL,-0.0077
TtUfOfUfTlL,-0.0077
TtUtOtUfTlL,-0.0077
TtUtOfUfTlL,-0.0077
RtUfOtUfTlL,-0.0077
RtUfOfUfTlL,-0.0077
UtOfTtUfTlL,-0.0077
OxTfOtO,-0.0077
OxTfOfT,-0.0077
OxTfOfTfO,-0.0077
OxTfOfTfOfT,-0.0077
OxTfOfTfOfR,-0.0077
OxTfOfTfOtO,-0.0077
OxTfOfTfOlL,-0.0077
TtOtRtTlL,-0.0077
TtOaRtTlL,-0.0077
OtTtOtRtTlL,-0.0077
OtTtOaRtTlL,-0.0077
OfTtOtRtTlL,-0.0077
OfTtOaRtTlL,-0.0077
TtOtRaOtRtT,-0.0077
TtOaRaOtRtT,-0.0077
UtRaO,-0.0077
UtRaOtR,-0.0077
UtRaOlL,-0.0077
UaRaOfT,-0.0077
UtRfOtRaO,-0.0077
UtRfOtRlL,-0.0077
UtRaOtRfO,-0.0077
UtRtOtRaO,-0.0077
UtRtOtRlL,-0.0077
UaRaOtRtO,-0.0077
UtRfOtRaOtR,-0.0077
UtRfOtRaOlL,-0.0077
UtRaOtRfOtR,-0.0077
UtRaOtRfOlL,-0.0077
UtRaOtRtOtR,-0.0077
UtRaOtRtOlL,-0.0077
UtRtOtRaOtR,-0.0077
UtRtOtRaOlL,-0.0077
UaRfOtRaOfT,-0.0077
UaRaOtRfOfT,-0.0077
UaRaOtRtOfT,-0.0077
UaRtOtRaOfT,-0.0077
TfRfOfTlL,-0.0077
TfRtOfTlL,-0.0077
UxTfRfOfTlL,-0.0077
UxTfRtOfTlL,-0.0077
OfTfRfTfRlL,-0.0077
OfTfRfOfTlL,-0.0077
OfTfRtOfTlL,-0.0077
UxOaRlL,-0.0077
UxOtRfTlL,-0.0077
OtOfOfT,0.0073
OxOfUfRlL,0.007
OxOfUfTtU,0.007
OxOfUtTlL,0.007
OxOfUfTtUfR,0.007
OxOfUfTtUtT,0.007
OtOtOtOtO,-0.0064
OfOtT,-0.0064
OxOfOfO,-0.0064
OxOfOaO,-0.0064
OxOtOfT,-0.0064
OfOfTfT,-0.0064
OtOfOtT,-0.0064
TtOtOfO,-0.0064
OxOfOfOfT,-0.0064
OxOfOaOfO,-0.0064
OfOfTtOtO,-0.0064
OfTtOtOfO,-0.0064
OtOtOtTtO,-0.0064
OtTtOtOfO,-0.0064
OtTtOtOlL,-0.0064
TtOfTtOfO,-0.0064
TtOtOfOfO,-0.0064
OfOfTtOfTtO,-0.0064
OfOtOfOaOfT,-0.0064
OfOtOtOaOfO,-0.0064
OfOaOfOtOfT,-0.0064
OfTtOfTtOfO,-0.0064
OfTtOtOfOfO,-0.0064
OtOfOfOfOtO,-0.0064
OtOtOtOtTtO,-0.0064
OtOtTtOfOfT,-0.0064
OtOtTtOtOfO,-0.0064
OtTtOtOfOfO,-0.0064
OtTtOtOtOfO,-0.0064
OtTtOtOtOlL,-0.0064
TtOfOtOfTtO,-0.0064
TtOfTtOfOlL,-0.0064
TtOfTtOfOtO,-0.0064
TtOfTtOtOlL,-0.0064
TtOfTtOtOtO,-0.0064
TtOtOfOfOfO,-0.0064
TtOtOtOfTtO,-0.0064
RtOtOfT,-0.0064
UxRtOtOfT,-0.0064
RfOtRtOtOfT,-0.0064
RtOtRtOtOfT,-0.0064
UxT,-0.0064
UxTfR,-0.0064
RfOfTfO,-0.0064
OxRfOfTfO,-0.0064
OtOxRfOfTfO,-0.0064
OtOfTtT,-0.0064
UtOtTtTtT,-0.0064
OtTtTtOfT,-0.0064
OtOfTtTfT,-0.0064
UtOtTtTtOfT,-0.0064
TtOtTtTtOfT,-0.0064
OtOtTtTtOfT,-0.0064
OtOfTtOtTtT,-0.0064
RtOtOfTtOfT,-0.0064
UaOfOfTlL,-0.0064
UaOtOfOfTlL,-0.0064
OxRtO,-0.0064
RtOxR,-0.0064
OxRtOxR,-0.0064
RtOxRtO,-0.0064
RtOxRlL,-0.0064
OxRtOxRtO,-0.0064
OxRtOxRlL,-0.0064
RtOxRtOxR,-0.0064
OxRtOxRtOxR,-0.0064
RtOxRtOxRtO,-0.0064
RtOxRtOxRlL,-0.0064
OxUtRfTlL,-0.0064
UtOxUtRfTlL,-0.0064
UtRfOfT,-0.0064
UtRtOfT,-0.0064
OtOfOfOtOtO,0.0055
OtOtOtOtU,0.0054
UtOtOtOtOfU,0.0052
RtUtOfTlL,-0.0052
UfRtUtOfTlL,-0.0052
TtOfO,-0.0052
OxOfOfR,-0.0052
OxOfOlL,-0.0052
OxOtOlL,-0.0052
OfOfTtO,-0.0052
OfTtOfO,-0.0052
OtOxOfT,-0.0052
OtOxOtO,-0.0052
OaOtOtT,-0.0052
TtOtOaO,-0.0052
TtOtTtO,-0.0052
OxOfOfOfO,-0.0052
OxOfOfRlL,-0.0052
OxOtOxOfT,-0.0052
OxOtOxOtO,-0.0052
OfOfTtOfO,-0.0052
OfOtOfTfT,-0.0052
OfOtOtOtT,-0.0052
OfOaOtOtT,-0.0052
OfTtOtOaO,-0.0052
OfTtOtTtO,-0.0052
TfTtOaOfT,-0.0052
OtOfOfTfT,-0.0052
OtOfOtOtT,-0.0052
OtOtTtOaO,-0.0052
OaOtOfRlL,-0.0052
OaOtOaOfO,-0.0052
OaOtOtTfT,-0.0052
OtTtOtOaO,-0.0052
OtTtOaOfT,-0.0052
TtOfOtOtO,-0.0052
TtOtOfOlL,-0.0052
TtOtOfOtO,-0.0052
TtOtOaOfO,-0.0052
TtOtOaOlL,-0.0052
TtOtOaOtO,-0.0052
TtOtOaOaO,-0.0052
OxOfOaOtOfO,-0.0052
OfOfOtOfTfT,-0.0052
OfOfTtOtOlL,-0.0052
OfOfTtOtOtO,-0.0052
OfOtOfTtOtO,-0.0052
OfOtOtOfTfT,-0.0052
OfOtOaOtOtT,-0.0052
OfOtOtTfTlL,-0.0052
OfOaOtOtOfO,-0.0052
OfOaOtOaOfO,-0.0052
OfOaOtOtTfT,-0.0052
OfOtTtOaOfT,-0.0052
OfTfTtOaOfT,-0.0052
OfTtOfOtOtO,-0.0052
OfTtOtOfOlL,-0.0052
OfTtOtOfOtO,-0.0052
OfTtOtOaOfO,-0.0052
OfTtOtOaOlL,-0.0052
OfTtOtOaOtO,-0.0052
OfTtOtOaOaO,-0.0052
TfTtOfTtOaO,-0.0052
TfTtOaOtOaO,-0.0052
OtOxOtOxOfT,-0.0052
OtOxOtOxOtO,-0.0052
OtOfOfTtOtO,-0.0052
OtOfOtOtOtT,-0.0052
OtOfOtOaOfO,-0.0052
OtOfOtOtTfT,-0.0052
OtOfOaOtOtT,-0.0052
OtOfTfTtOaO,-0.0052
OtOtOfOfOtT,-0.0052
OtOtOfOtOtT,-0.0052
OtOtOtOfOtT,-0.0052
OtOtOtTtOaO,-0.0052
OtOaOtOfRlL,-0.0052
OtOaOtOtTtO,-0.0052
OtOtTtOtOaO,-0.0052
OtOtTtOaOlL,-0.0052
OtOtTtOaOtO,-0.0052
OtOtTtOtTlL,-0.0052
OaOfOfTtOfT,-0.0052
OaOtOfOtOtT,-0.0052
OaOtOfOaOtO,-0.0052
OaOtOfOtTlL,-0.0052
OaOtOtOtOtT,-0.0052
OaOtOaOfOfO,-0.0052
OaOtOaOfOfT,-0.0052
OaOtOaOfOlL,-0.0052
OaOtOaOtOfR,-0.0052
OaOtOtTtOtO,-0.0052
OaOtOtTtOaO,-0.0052
OtTtOtOfOlL,-0.0052
OtTtOtOfOtO,-0.0052
OtTtOtOaOfO,-0.0052
OtTtOtOaOlL,-0.0052
OtTtOtOaOtO,-0.0052
OtTtOtOaOaO,-0.0052
OtTtOaOtOtO,-0.0052
OtTtOaOtOaO,-0.0052
TtOfTfTtOaO,-0.0052
TtOfTtOtTtO,-0.0052
TtOtOfOfOlL,-0.0052
TtOtOfOtOfO,-0.0052
TtOtOfOtOfT,-0.0052
TtOtOfOtOlL,-0.0052
TtOtOfOaOlL,-0.0052
TtOtOtOfOfO,-0.0052
TtOtOtOtOfO,-0.0052
TtOtOtOaOfO,-0.0052
TtOtOaOfOfO,-0.0052
TtOtOaOfOfT,-0.0052
TtOtOaOfOlL,-0.0052
TtOtOaOtOfO,-0.0052
TtOtOaOtOfT,-0.0052
TtOtOaOtOlL,-0.0052
TtOtOaOaOfO,-0.0052
TtOtOaOaOfT,-0.0052
TtOtOaOaOlL,-0.0052
TtOtTtOaOfT,-0.0052
RfOfO,-0.0052
UtOaOtO,-0.0052
UtOaOlL,-0.0052
RfOfOfO,-0.0052
RfOtOfO,-0.0052
UtOfOtOaO,-0.0052
UtOaOtOfO,-0.0052
UtOaOtOtR,-0.0052
UtOaOtOtO,-0.0052
UtOaOtOlL,-0.0052
RfOfOtOtO,-0.0052
RfOfOtOlL,-0.0052
RfOtOtOtO,-0.0052
RfOtOtOlL,-0.0052
OaOtOtRfT,-0.0052
OaOtOtRlL,-0.0052
OaRtOtOtR,-0.0052
OaRtOtOaR,-0.0052
RtOtOtRtO,-0.0052
RtOtOaRtO,-0.0052
UtOfOtOfOfT,-0.0052
UtOfOtOtRfT,-0.0052
UtOfOtOtRlL,-0.0052
UtOfOtOaOtO,-0.0052
UtOfOtOaOlL,-0.0052
UtOfOtOtOfT,-0.0052
UtOtRtOtOtR,-0.0052
UtOtRtOtOaR,-0.0052
UtOaOtOfOtO,-0.0052
UtOaOtOfOlL,-0.0052
UtOaOtOtRtO,-0.0052
UtOaOtOtOtO,-0.0052
UtOaOtOtOlL,-0.0052
UtOtOfOtOfO,0.0052
UtOtOtOaOtO,-0.0052
UtOtOtOaOlL,-0.0052
UtOaRtOtOtR,-0.0052
UtOaRtOtOaR,-0.0052
RfOfOfOtOfO,-0.0052
RfOfOtOtOlL,-0.0052
RfOtOfOtOfO,-0.0052
RfOtOtOtOlL,-0.0052
OaOtOaOtOtR,-0.0052
OtOtRtOtOtR,-0.0052
OtOtRtOtOaR,-0.0052
OtOaOtOtRfT,-0.0052
OtOaOtOtRlL,-0.0052
OtOaRtOtOtR,-0.0052
OtOaRtOtOaR,-0.0052
OaRtOtOtRfO,-0.0052
OaRtOtOaRfO,-0.0052
RtOtOtRfOfT,-0.0052
RtOtOtRtOfT,-0.0052
RtOtOaRfOfT,-0.0052
RtOtOaRtOfT,-0.0052
UxRtOtOtRtO,-0.0052
UxRtOtOaRtO,-0.0052
OfOfU,0.0052
OtUtOfO,0.0052
OfOfUfR,0.0052
OfOfUfT,0.0052
OfOfUtO,0.0052
OfUtOfO,0.0052
RtUtOfO,0.0052
UtOfOfU,0.0052
OtOtOfOfU,0.0052
OtOfUtOtU,0.0052
OtOfUtOfO,0.0052
OtUtOfOfU,0.0052
OtUtOfUfT,-0.0052
OfOtOtUfR,0.0052
OfOtOtUfT,0.0052
OfOtOtUtO,0.0052
OfOtOfOfU,0.0052
OfOfUfRtU,0.0052
OfOfUtOtU,0.0052
OfOfUtOfO,0.0052
OfUtOfOfU,0.0052
OfUtOfTlL,-0.0052
UfRtUtOfO,0.0052
RtUtOfOfU,0.0052
UtOtOtOtU,0.0052
UtOtUtOfO,0.0052
UtOfOfUfR,0.0052
UtOfOfUfT,0.0052
UtOfOfUtO,0.0052
OtOtOtUtOtU,0.0052
OtOtOtUtOfO,0.0052
OtOtOfOfUfR,0.0052
OtOtOfOfUfT,0.0052
OtOtOfOfUtO,0.0052
OtOfOtOtUfR,0.0052
OtOfOtOtUfT,0.0052
OtOfOtOtUtO,0.0052
OtOfOtOfOfU,0.0052
OtOfUtOtUfR,0.0052
OtOfUtOtUfT,0.0052
OtOfUtOtUtO,0.0052
OtOfUtOfOfU,0.0052
OtUfRtUtOfO,0.0052
OtUtOtOtOtU,0.0052
OtUtOtOtOfO,0.0052
OtUtOtUtOfO,0.0052
OtUtOfOfOtO,0.0052
OtUtOfOfUfR,0.0052
OtUtOfOfUfT,0.0052
OtUtOfOfUtO,0.0052
OfOtOtOtUfR,0.0052
OfOtOtOtUfT,0.0052
OfOtOtOtUtO,0.0052
OfOtOtUfRtU,0.0052
OfOtOtUtOtU,0.0052
OfOtOtUtOfO,0.0052
OfOtOfOfUfR,0.0052
OfOtOfOfUfT,0.0052
OfOtOfOfUtO,0.0052
OfOfOtOtOfU,0.0052
OfOfOtOtUfR,0.0052
OfOfOtOtUfT,0.0052
OfOfOtOtUtO,0.0052
OfOfOtOfOfU,0.0052
OfOfUfRtUfR,0.0052
OfOfUfRtUfT,0.0052
OfOfUfRtUtO,0.0052
OfOfUtOtOtO,0.0052
OfOfUtOtOfU,0.0052
OfOfUtOtUfR,0.0052
OfOfUtOtUfT,0.0052
OfOfUtOtUtO,0.0052
OfOfUtOfOfU,0.0052
OfUfRtUtOfO,0.0052
OfUtOtOtOtU,0.0052
OfUtOtOtOfO,0.0052
OfUtOtUtOfO,0.0052
OfUtOfOfOtO,0.0052
OfUtOfOfUfR,0.0052
OfUtOfOfUfT,0.0052
OfUtOfOfUtO,0.0052
UfRtUtOfOfU,0.0052
RtUfRtUtOfO,0.0052
RtUtOtOtOtU,0.0052
RtUtOtOtOfO,0.0052
RtUtOtUtOfO,0.0052
RtUtOfOfOtO,0.0052
RtUtOfOfUfR,0.0052
RtUtOfOfUfT,0.0052
RtUtOfOfUtO,0.0052
UtOtOtOtUfR,0.0052
UtOtOtOtUfT,0.0052
UtOtOtOtUtO,0.0052
UtOtOtOfOfU,0.0052
UtOtOfOtOtU,0.0052
UtOtOfUtOtU,0.0052
UtOtOfUtOfO,0.0052
UtOtUtOtOtO,0.0052
UtOtUtOtOfU,0.0052
UtOtUtOfOfU,0.0052
UtOtUtOfTlL,-0.0052
UtOfOtOfRlL,-0.0052
UtOfOfOtOtU,0.0052
UtOfOfUfRtU,0.0052
UtOfOfUtOtU,0.0052
UtOfOfUtOfO,0.0052
UtOfUtOfTlL,-0.0052
OtOxR,-0.0052
RfOtOxR,-0.0052
OtOxRlL,-0.0052
OxRfOtOxR,-0.0052
RfOtOxRlL,-0.0052
OtOxRfOfT,-0.0052
OtOxRfOtO,-0.0052
OxRfOtOxRlL,-0.0052
OxRfOtOtOtO,-0.0052
RfOtOxRfOfT,-0.0052
RfOtOxRfOtO,-0.0052
OtOxRfOfTlL,-0.0052
OtOxRfOtOxR,-0.0052
UtOtTtOfT,-0.0052
RfOtOtTlL,-0.0052
RfOtOfTfT,-0.0052
OtOtOfTtT,-0.0052
OaRtOtOtT,-0.0052
UtOtTtOtTlL,-0.0052
UtOtRtOtOtT,-0.0052
UtOaRtOtOtT,-0.0052
OtTtTtOtRtO,-0.0052
OtTtTtOaRtO,-0.0052
OtTtOtRfOfT,-0.0052
OtTtOtRtOfT,-0.0052
OtTtOaRfOfT,-0.0052
OtTtOaRtOfT,-0.0052
TfTtOfTtTlL,-0.0052
RfOtOtTfTlL,-0.0052
RfOtOfTtTlL,-0.0052
RfOtOfTtOtO,-0.0052
TtOtRtOtOtT,-0.0052
TtOtRtOtOtR,-0.0052
TtOtRtOtOaR,-0.0052
TtOtOtOfTtT,-0.0052
TtOaRtOtOtT,-0.0052
TtOaRtOtOtR,-0.0052
TtOaRtOtOaR,-0.0052
OtOtTtTtTlL,-0.0052
OtOfTtTtTlL,-0.0052
OtOfTtTtOtT,-0.0052
OtOfTtOtRtO,-0.0052
OtOfTtOaRtO,-0.0052
OtOtRtOtOtT,-0.0052
OtOtOtTtTlL,-0.0052
OtOtOfTtTfT,-0.0052
OtOtOtOfTtT,-0.0052
OtOaRtOtOtT,-0.0052
OaRtOtOfTfT,-0.0052
OxRfOfO,-0.0052
OaOtOtU,-0.0052
OxRfOfOfO,-0.0052
OxRfOtOfO,-0.0052
RfOfOfTfT,-0.0052
RfOfOtTlL,-0.0052
OfOaOtOtU,-0.0052
OxRfOfOfTfT,-0.0052
OxRfOfOtOtO,-0.0052
OxRfOfOtOlL,-0.0052
OxRfOfOtTlL,-0.0052
OxRfOtOfTfT,-0.0052
OxRfOtOtOlL,-0.0052
OxRfOtOtTlL,-0.0052
RfOfOfTtOtO,-0.0052
RfOfOaOtOtT,-0.0052
RfOfOaOtOtU,-0.0052
RfOfOtTfTlL,-0.0052
RfOtOaOtOtT,-0.0052
RfOtOaOtOtU,-0.0052
OtOfOaOtOtU,-0.0052
OaOtOfOtOtU,-0.0052
UaT,0.0052
OxUaT,0.0052
RtUaT,0.0052
UfRtUaT,0.0052
TfTtUaT,0.0052
UtTtUaT,0.0052
OxUfRtUaT,0.0052
OxUtTtUaT,0.0052
UfTfTtUaT,0.0052
RtUfRtUaT,0.0052
RtUtTtUaT,0.0052
UtTfTtUaT,0.0052
OxUfTfTtUaT,0.0052
OxUtTfTtUaT,0.0052
UfRtUfRtUaT,0.0052
UfRtUtTtUaT,0.0052
TfTtUfRtUaT,0.0052
TfTtUtTtUaT,0.0052
RtUfTfTtUaT,0.0052
RtUtTfTtUaT,0.0052
UtTtUfRtUaT,0.0052
UtTtUtTtUaT,0.0052
UaOtRfO,-0.0052
UaOaRfO,-0.0052
UaOtRfOtR,-0.0052
UaOtRfOlL,-0.0052
UaOtRtOtR,-0.0052
UaOtRtOlL,-0.0052
UaOtOtOfT,-0.0052
UaOaRfOtR,-0.0052
UaOaRfOlL,-0.0052
UaOaRtOtR,-0.0052
UaOaRtOlL,-0.0052
UaOfOfOtOfT,-0.0052
UaOtRfOtRfO,-0.0052
UaOtRtOtRfO,-0.0052
UaOaOfOtOtR,-0.0052
UaOaOfOtOaO,-0.0052
UaOaOfOtOtO,-0.0052
UaOaOfOtOaR,-0.0052
UaOtOtOtRtO,-0.0052
UaOtOtOaRtO,-0.0052
UaOaRfOtRfO,-0.0052
UaOaRtOtRfO,-0.0052
UtOtOtOfRfT,-0.0052
UlL,-0.0052
OxUlL,-0.0052
UfTfRlL,-0.0052
UtOxUlL,-0.0052
OxUfTfRlL,-0.0052
OxUtOxUlL,-0.0052
UfTfRfTfRlL,-0.0052
UtOxUfTfRlL,-0.0052
UtOxUtOxUlL,-0.0052
OfUtT,0.0052
OfUfTfT,0.0052
OfUtTfT,0.0052
OfUtTtU,0.0052
OfUfRtUtT,0.0052
OfUfTfTtU,0.0052
OfUtTfTtU,0.0052
OfUtTtUfR,0.0052
OfUtTtUtT,0.0052
OfUfRtUfTfT,0.0052
OfUfRtUtTfT,0.0052
OfUfRtUtTtU,0.0052
OfUfTfTtUfR,0.0052
OfUfTfTtUtT,0.0052
OfUtTfTtUfR,0.0052
OfUtTfTtUtT,0.0052
OfUtTtUfRtU,0.0052
OfUtTtUfTfT,0.0052
OfUtTtUtTfT,0.0052
OfUtTtUtTtU,0.0052
OfRfOfT,-0.0052
RfOfRfOfT,-0.0052
OfRfOfTlL,-0.0052
OfRfOtOxR,-0.0052
OtOxRfOfR,-0.0052
OxRfOfRfOfT,-0.0052
RfOfRfOfTlL,-0.0052
RfOfRfOtOxR,-0.0052
RfOtOxRfOfR,-0.0052
OfRfOtOxRlL,-0.0052
OtOxRfOfRlL,-0.0052
UaOfTtTlL,-0.0052
UaOfTtOtRtO,-0.0052
UaOfTtOaRtO,-0.0052
OfOfTtTlL,-0.0052
OaOtOfTtT,-0.0052
TtTtOaOfT,-0.0052
RfOfOfTtTlL,-0.0052
OfTtTtOaOfT,-0.0052
OfOfTtOfTtT,-0.0052
OfOfTtTfTlL,-0.0052
OfOtOfTtTlL,-0.0052
OfOaOtOfTtT,-0.0052
TtOfTtTtOaO,-0.0052
TtOfOtOfTtT,-0.0052
TtOaOtOtTtT,-0.0052
OtOfTtTtOaO,-0.0052
OtOfOfTtTlL,-0.0052
OtOfOtOfTtT,-0.0052
OtOaOtOtTtT,-0.0052
OaOtOfTtTfT,-0.0052
OaOtOtTtTlL,-0.0052
TtTfTtOaOfT,-0.0052
TtTtOfTtOaO,-0.0052
TtTtOaOtOaO,-0.0052
TtTtTtOaOfT,-0.0052
OtUfRfTlL,-0.0052
OtUfOtUfT,-0.0052
OtUfOfUfT,-0.0052
OfUfOfTlL,-0.0052
TtUfOfTlL,-0.0052
TtUtOfTlL,-0.0052
OtUfOfTtUfT,-0.0052
OtUtOfTtUfT,-0.0052
UfOtUfOfTlL,-0.0052
UfOtUtOfTlL,-0.0052
UfOfUfOfTlL,-0.0052
UfOfUtOfTlL,-0.0052
OfTtUfOfTlL,-0.0052
OfTtUtOfTlL,-0.0052
UfTtUfOfTlL,-0.0052
UfTtUtOfTlL,-0.0052
UtOtUfOfTlL,-0.0052
UtOfUfOfTlL,-0.0052
UtRfOtRtO,-0.0052
UtRtOtRtO,-0.0052
UtRfOtRfOfT,-0.0052
UtRfOtRtOfT,-0.0052
UtRtOtRfOfT,-0.0052
UtRtOtRtOfT,-0.0052
UtOaOtOfR,-0.0052
OaOtOfRfT,-0.0052
UtOfOtOfRfT,-0.0052
UtOaOtOfRtO,-0.0052
OtOaOtOfRfT,-0.0052
TtR,0.0052
RfTtR,0.0052
TtRfT,0.0052
TtRtU,0.0052
TtRlL,0.0052
UxRfTtR,0.0052
RfTtRfT,0.0052
RfTtRtU,0.0052
RfTtRlL,0.0052
TtRfTtR,0.0052
TtRfTlL,0.0052
TtRtUxR,0.0052
UxRfTtRfT,0.0052
UxRfTtRtU,0.0052
UxRfTtRlL,0.0052
RfTtRfTtR,0.0052
RfTtRfTlL,0.0052
RfTtRtUxR,0.0052
TtRfTtRfT,0.0052
TtRfTtRtU,0.0052
TtRfTtRlL,0.0052
TtRtUxRfT,0.0052
TtRtUxRtU,0.0052
TtRtUxRlL,0.0052
RtUxRfTtR,0.0052
UxRfTtRfTtR,0.0052
UxRfTtRfTlL,0.0052
UxRfTtRtUxR,0.0052
UxRtUxRfTtR,0.0052
RfTtRfTtRfT,0.0052
RfTtRfTtRtU,0.0052
RfTtRfTtRlL,0.0052
RfTtRtUxRfT,0.0052
RfTtRtUxRtU,0.0052
RfTtRtUxRlL,0.0052
TtRfTtRfTtR,0.0052
TtRfTtRfTlL,0.0052
TtRfTtRtUxR,0.0052
TtRtUxRfTtR,0.0052
TtRtUxRfTlL,0.0052
TtRtUxRtUxR,0.0052
RtUxRfTtRfT,0.0052
RtUxRfTtRtU,0.0052
RtUxRfTtRlL,0.0052
RfTfRfTfRfO,-0.0052
OfTfRfTfRfT,-0.0052
OfTfRfTfRtO,-0.0052
OfTfT,-0.005
OfOfOtOfOfO,0.0046
OxRfOlL,0.0041
OtOtOtU,0.004
OtOtOfOtOtU,0.004
OxOfOtO,-0.0039
OxOtOtO,-0.0039
OfOtTfT,-0.0039
OaOtTtO,-0.0039
OtTtOtT,-0.0039
TtOfOlL,-0.0039
TtOfOtO,-0.0039
OxOfOfOlL,-0.0039
OxOfOtOfO,-0.0039
OxOfOtOfT,-0.0039
OxOfOtOlL,-0.0039
OxOfOaOlL,-0.0039
OfOfTtOlL,-0.0039
OfOfTtOtT,-0.0039
OfOtOfOaO,-0.0039
OfOtOfOtT,-0.0039
OfOtOfTtO,-0.0039
OfOaOfOfT,-0.0039
OfOtTtOtO,-0.0039
OfTtOfOlL,-0.0039
OfTtOfOtO,-0.0039
OtOfOfTtO,-0.0039
OtOfOtTfT,-0.0039
OtOaOtTtO,-0.0039
OtOtTtOfO,-0.0039
OaOfOfOlL,-0.0039
OaOfOfOtO,-0.0039
OaOfTfTtO,-0.0039
OaOaOfOfO,-0.0039
OaOaOfOfT,-0.0039
OaOaOfOlL,-0.0039
OaOaOfOtO,-0.0039
OaOtTtOfO,-0.0039
OaOtTtOlL,-0.0039
OaOtTtOtT,-0.0039
OtTtOfOfT,-0.0039
TtOfOtOfO,-0.0039
TtOfOtOlL,-0.0039
TtOfOtOtT,-0.0039
TtOtOfTfT,-0.0039
TtOtOfTtO,-0.0039
TtOtOtOtT,-0.0039
TtOtOtTfT,-0.0039
TtOtOtTtO,-0.0039
TtOtTtOtO,-0.0039
TtOtTtOtT,-0.0039
OxOfOfOfOfR,-0.0039
OxOfOtOfOfR,-0.0039
OxOfOaOfOfR,-0.0039
OfOfOtOfOaO,-0.0039
OfOfOtOfOtT,-0.0039
OfOfOtOfTtO,-0.0039
OfOfOtOtOaO,-0.0039
OfOfTtOfOlL,-0.0039
OfOfTtOfOtO,-0.0039
OfOfTtOtTfT,-0.0039
OfOtOfOaOfO,-0.0039
OfOtOfTtOfO,-0.0039
OfOtOfTtOlL,-0.0039
OfOtOfTtOtT,-0.0039
OfOtOtOfTtO,-0.0039
OfOaOfOtOtO,-0.0039
OfOaOfOtOaO,-0.0039
OfOtTtOfOfT,-0.0039
OfOtTtOtOfT,-0.0039
OfTtOfOtOfO,-0.0039
OfTtOfOtOlL,-0.0039
OfTtOfOtOtT,-0.0039
OfTtOtOfTfT,-0.0039
OfTtOtOfTtO,-0.0039
OfTtOtOtOtT,-0.0039
OfTtOtOtTfT,-0.0039
OfTtOtOtTtO,-0.0039
OfTtOtTtOtO,-0.0039
OfTtOtTtOtT,-0.0039
OtOfOfOfOlL,-0.0039
OtOfOfTtOfO,-0.0039
OtOfOfTtOlL,-0.0039
OtOfOfTtOtT,-0.0039
OtOfOtOfOaO,-0.0039
OtOfOtOfOtT,-0.0039
OtOfOaOfOfT,-0.0039
OtOfOtTtOtO,-0.0039
OtOfTtOtOfO,-0.0039
OtOfTtOtOaO,-0.0039
OtOaOfOfOlL,-0.0039
OtOaOfOfOtO,-0.0039
OtOaOfTfTtO,-0.0039
OtOaOaOfOfO,-0.0039
OtOaOaOfOfT,-0.0039
OtOaOaOfOlL,-0.0039
OtOaOaOfOtO,-0.0039
OtOaOtTtOfO,-0.0039
OtOaOtTtOlL,-0.0039
OtOaOtTtOtT,-0.0039
OaOfOfOtOlL,-0.0039
OaOfOtOtTtO,-0.0039
OaOfTfTtOfO,-0.0039
OaOfTfTtOlL,-0.0039
OaOfTfTtOtO,-0.0039
OaOfTfTtOtT,-0.0039
OaOfTtOtTtO,-0.0039
OaOtOtOtTtO,-0.0039
OaOaOfOfOfO,-0.0039
OaOaOfOfOfT,-0.0039
OaOaOfOtOlL,-0.0039
OaOtTtOfOlL,-0.0039
OaOtTtOfOtO,-0.0039
OaOtTtOfTfT,-0.0039
OaOtTtOfTtO,-0.0039
OaOtTtOtOlL,-0.0039
OaOtTtOtOtO,-0.0039
OaOtTtOtTfT,-0.0039
OaOtTtOtTtO,-0.0039
OtTtOfTtOtO,-0.0039
OtTtOfTtOtT,-0.0039
OtTtOtOfTfT,-0.0039
OtTtOtOfTtO,-0.0039
OtTtOtOtTfT,-0.0039
OtTtOtOtTtO,-0.0039
OtTtOtTtOtO,-0.0039
OtTtOtTtOtT,-0.0039
TtOfOtOfOlL,-0.0039
TtOfOtOfOtO,-0.0039
TtOfOtOtOlL,-0.0039
TtOfOtOtOtO,-0.0039
TtOfOtOtTfT,-0.0039
TtOtOfTtOfT,-0.0039
TtOtOtOfOtO,-0.0039
TtOtOtOtTfT,-0.0039
TtOtOtTtOfT,-0.0039
OtRtOtO,-0.0039
RfOfOlL,-0.0039
RfOtOlL,-0.0039
OtRtOtOtO,-0.0039
OtRtOtOlL,-0.0039
RfOfOfOtO,-0.0039
RfOfOfOlL,-0.0039
RfOaOfOfO,-0.0039
RfOaOaOfO,-0.0039
RfOaOtOfO,-0.0039
RfOtOfOtO,-0.0039
RfOtOfOlL,-0.0039
OtOfOtOaR,-0.0039
RaOtRtOtO,-0.0039
OfOtOfOtOaR,-0.0039
OtRfOtRtOtO,-0.0039
OtRtOtRtOtO,-0.0039
RfOfOfOtOlL,-0.0039
RfOaOfOfOfT,-0.0039
RfOaOfOfOfO,-0.0039
RfOaOfOfOtO,-0.0039
RfOaOfOfOlL,-0.0039
RfOaOaOfOfT,-0.0039
RfOaOaOfOfO,-0.0039
RfOaOaOfOtO,-0.0039
RfOaOaOfOlL,-0.0039
RfOaOtOfOfT,-0.0039
RfOaOtOfOfO,-0.0039
RfOtOfOtOlL,-0.0039
OtOfOtOaRtO,-0.0039
OtOtOfOtOaR,-0.0039
RaOtRtOtOtO,-0.0039
RaOtRtOtOlL,-0.0039
UxRaOtRtOtO,-0.0039
OfUtOtU,0.0039
RtUtOtU,0.0039
UtOtUfR,0.0039
OfUtOtUfR,0.0039
OfUtOtUtO,0.0039
UfRtUtOtU,0.0039
RtUtOtUfR,0.0039
RtUtOtUtO,0.0039
UtOtUfRtU,0.0039
OfOtOfOtOtU,-0.0039
OfUfRtUtOtU,0.0039
OfUtOtUfRtU,0.0039
OfUtOtUtOtU,0.0039
UfRtUtOtUfR,0.0039
UfRtUtOtUtO,0.0039
RtUfRtUtOtU,0.0039
RtUtOtUfRtU,0.0039
RtUtOtUtOtU,0.0039
UtOtUfRtUfR,0.0039
UtOtUfRtUtO,0.0039
UtOtUtOtUfR,0.0039
RfOtOtOfTfO,-0.0039
OtUxRtU,-0.0039
OtUxRtUxR,-0.0039
OtUxRtUxRtU,-0.0039
UtOtTtO,-0.0039
OtTtTtO,-0.0039
OtOtTtT,-0.0039
UtOtTtTtO,-0.0039
RfOtOfTtO,-0.0039
TtOtTtTtO,-0.0039
OtOtTtTfT,-0.0039
OtOfTtTtO,-0.0039
UtOfTtOtTtO,-0.0039
OfTtOtTtTtO,-0.0039
OtRtOtOtTfT,-0.0039
OtRtOtOtTtT,-0.0039
OtRtOtOfTtT,-0.0039
OtRtOtOfTtO,-0.0039
RfOtOfTtOtT,-0.0039
RfOtOfTtOlL,-0.0039
TtTfTtOfTfT,-0.0039
TtTtOtTtTtO,-0.0039
OtOfTtTtOtO,-0.0039
OtOfTtTtOlL,-0.0039
TfTfO,-0.0039
OfTfTfO,-0.0039
OtTfTfO,-0.0039
OxRfOfOlL,-0.0039
OxRfOtOlL,-0.0039
RfOfOfTtO,-0.0039
RfOaOtTtO,-0.0039
OfOfTfTfO,-0.0039
OfOtTfTfO,-0.0039
OaOfTtOtU,-0.0039
OaOfOfTfO,-0.0039
OaOtTtOtU,-0.0039
TtOfTfTfO,-0.0039
TtOtTfTfO,-0.0039
OxRfOfOfTtO,-0.0039
OxRfOfOfOtO,-0.0039
OxRfOfOfOlL,-0.0039
OxRfOtOfTtO,-0.0039
OxRfOtOfOtO,-0.0039
OxRfOtOfOlL,-0.0039
OxRfOaOfOfO,-0.0039
OxRfOaOtOfO,-0.0039
OxRfOaOaOfO,-0.0039
OxRfOaOtTtO,-0.0039
RfOfOfTfTfO,-0.0039
RfOfOfTtOfO,-0.0039
RfOfOfTtOlL,-0.0039
RfOfOfTtOtT,-0.0039
RfOfOtOfTfO,-0.0039
RfOfOtOtOtU,-0.0039
RfOfOtTfTfO,-0.0039
RfOtOfTfTfO,-0.0039
RfOtOfTtOfO,-0.0039
RfOtOtOtOtU,-0.0039
RfOtOtTfTfO,-0.0039
RfOaOfTfTtO,-0.0039
RfOaOfTtOtU,-0.0039
RfOaOtTtOfO,-0.0039
RfOaOtTtOlL,-0.0039
RfOaOtTtOtT,-0.0039
RfOaOtTtOtU,-0.0039
OfTtOfTfTfO,-0.0039
OfTtOtTfTfO,-0.0039
OfOtOfTfTfO,-0.0039
OfOtOtTfTfO,-0.0039
OfOaOfOfTfO,-0.0039
OtOfOfTfTfO,-0.0039
OtOfOtTfTfO,-0.0039
OtOaOfTtOtU,-0.0039
OtOaOtTtOtU,-0.0039
OaOfOfOtOtU,-0.0039
OaOaOfOtOtU,-0.0039
OtTtOfTfTfO,-0.0039
OtTtOtTfTfO,-0.0039
UaOtO,-0.0039
UtTtTfTlL,-0.0039
OaOtTtT,-0.0039
RfOaOtTtT,-0.0039
OtOaOtTtT,-0.0039
OaOfTtTtO,-0.0039
OaOfTtTtT,-0.0039
OaOtTtTfT,-0.0039
OaOtTtTtT,-0.0039
OxRfOaOtTtT,-0.0039
RfOaOfTtTtO,-0.0039
RfOaOfTtTtT,-0.0039
RfOaOtTtTfT,-0.0039
RfOaOtTtTtT,-0.0039
OtOaOfTtTtO,-0.0039
OtOaOfTtTtT,-0.0039
OtOaOtTtTfT,-0.0039
OtOaOtTtTtT,-0.0039
OaOfTtTfTtO,-0.0039
OaOfTtTtOfO,-0.0039
OaOfTtTtOtO,-0.0039
OaOfTtTtOlL,-0.0039
OaOfTtTtOtT,-0.0039
OaOfTtTtTfT,-0.0039
OaOfTtTtTtO,-0.0039
OaOfOtOtTtT,-0.0039
OaOtOtOtTtT,-0.0039
OaOtTtTfTlL,-0.0039
OaOtTtTtTfT,-0.0039
OaOtTtTtTtO,-0.0039
UtRfO,-0.0039
UaRaO,-0.0039
UaRaOtR,-0.0039
UaRaOlL,-0.0039
UaRfOtRaO,-0.0039
UaRfOtRlL,-0.0039
UaRaOtRfO,-0.0039
UaRtOtRaO,-0.0039
UaRtOtRlL,-0.0039
UaRfOtRaOtR,-0.0039
UaRfOtRaOlL,-0.0039
UaRaOtRfOtR,-0.0039
UaRaOtRfOlL,-0.0039
UaRaOtRtOtR,-0.0039
UaRaOtRtOlL,-0.0039
UaRtOtRaOtR,-0.0039
UaRtOtRaOlL,-0.0039
UtOfTfO,-0.0039
TtTtOfTfO,-0.0039
UtOfTtOfTfO,-0.0039
OfTtTtOfTfO,-0.0039
TtTtTtOfTfO,-0.0039
OfTfRlL,-0.0039
RfOfTfRlL,-0.0039
RtOfTfRlL,-0.0039
TfRfOfTfRlL,-0.0039
TfRtOfTfRlL,-0.0039
UtRfOfTfRlL,-0.0039
UtRtOfTfRlL,-0.0039
UxOfT,-0.0039
UxOaR,-0.0039
UxOaRfT,-0.0039
OxOfU,0.0035
OxOfUfR,0.0035
OxOfUtT,0.0035
OxOfUfRtU,0.0035
OxOfUfTfT,0.0035
OxOfUtTfT,0.0035
OxOfUtTtU,0.0035
OxOfUfRtUfR,0.0035
OxOfUfRtUtT,0.0035
OxOfUfTfTtU,0.0035
OxOfUtTfTtU,0.0035
OxOfUtTtUfR,0.0035
OxOfUtTtUtT,0.0035
OfOfOtOtOfO,0.0033
OfOtOtO,-0.003
UtOtUfT,0.0027
OtUtOtUfR,0.0027
OfUtOtUfT,0.0027
RtUtOtUfT,0.0027
OtOfOfOtOtU,0.0027
OtUfRtUtOtU,0.0027
OtUtOtUfRtU,0.0027
UfRtUtOtUfT,0.0027
UtOtUfRtUfT,0.0027
UtOtUtOtUfT,0.0027
UtOfUfT,-0.0026
OfUtOfUfT,-0.0026
RtUtOfUfT,-0.0026
UfRtUtOfUfT,-0.0026
UtOfUfRtUfT,-0.0026
UtOfUtOfUfT,-0.0026
OtOxO,-0.0026
OxOtOxO,-0.0026
OxOtOfO,-0.0026
OxOtOfR,-0.0026
OxOaOfT,-0.0026
OfOfOtT,-0.0026
OfOtTtO,-0.0026
TfTtOaO,-0.0026
OtOxOlL,-0.0026
OaOtOfR,-0.0026
OtTtOfO,-0.0026
OtTtOlL,-0.0026
OtTtOaO,-0.0026
OxOfOaOtO,-0.0026
OxOfOtTlL,-0.0026
OxOtOxOlL,-0.0026
OxOtOfRlL,-0.0026
OfOfOfOtT,-0.0026
OfOtOfRlL,-0.0026
OfOtOtTfT,-0.0026
OfOtTtOfO,-0.0026
OfOtTtOaO,-0.0026
OfTfTtOaO,-0.0026
TfTtOfOfT,-0.0026
TfTtOtOfT,-0.0026
TfTtOaOlL,-0.0026
TfTtOaOtO,-0.0026
TfTtOtTlL,-0.0026
OtOxOtOxO,-0.0026
OtOxOtOfT,-0.0026
OtOxOtOfR,-0.0026
OtOxOtOlL,-0.0026
OtOxOtOtO,-0.0026
OtOfOfOtT,-0.0026
OtOfOtTtO,-0.0026
OtOfTfTtO,-0.0026
OtOtOfOtT,-0.0026
OtOaOtOfR,-0.0026
OtOtTtOlL,-0.0026
OtOtTtOtT,-0.0026
OaOfOfTfT,-0.0026
OaOfOfTtO,-0.0026
OaOtOfOtT,-0.0026
OaOtOaOaO,-0.0026
OaOtOtTtO,-0.0026
OtTtOfTfT,-0.0026
OtTtOfTtO,-0.0026
OtTtOaOlL,-0.0026
OtTtOaOtO,-0.0026
OtTtOtTfT,-0.0026
OtTtOtTtO,-0.0026
TtOtTtOlL,-0.0026
TtOtTtOaO,-0.0026
OxOfOfOtOfO,-0.0026
OxOfOaOfOfT,-0.0026
OxOfOaOtOfT,-0.0026
OxOfOaOtOlL,-0.0026
OxOfOaOtOtO,-0.0026
OxOfOaOtOaO,-0.0026
OxOfOtTtOfT,-0.0026
OxOtOxOtOxO,-0.0026
OxOtOxOtOfT,-0.0026
OxOtOxOtOfR,-0.0026
OxOtOxOtOlL,-0.0026
OxOtOxOtOtO,-0.0026
OfOfOfOfOtT,-0.0026
OfOfOfTtOfT,-0.0026
OfOfOtOtOtT,-0.0026
OfOfOtOtTfT,-0.0026
OfOfTfTtOaO,-0.0026
OfOfTtOtOfO,-0.0026
OfOtOfOtOtT,-0.0026
OfOtOfOaOtO,-0.0026
OfOtOtOfOaO,-0.0026
OfOtOtOaOaO,-0.0026
OfOtOtOtTfT,-0.0026
OfOtOaOtOfR,-0.0026
OfOtOtTtOtO,-0.0026
OfOtOtTtOaO,-0.0026
OfOaOfOfTfT,-0.0026
OfOaOfOfTtO,-0.0026
OfOaOfOtOfO,-0.0026
OfOaOtOfOtT,-0.0026
OfOaOtOtOaO,-0.0026
OfOaOtOaOaO,-0.0026
OfOaOtOtTtO,-0.0026
OfOtTtOtOfO,-0.0026
OfOtTtOtOlL,-0.0026
OfOtTtOtOtO,-0.0026
OfOtTtOaOlL,-0.0026
OfOtTtOaOtO,-0.0026
OfOtTtOtTlL,-0.0026
OfTfTtOfOfT,-0.0026
OfTfTtOtOfT,-0.0026
OfTfTtOaOlL,-0.0026
OfTfTtOaOtO,-0.0026
OfTfTtOtTlL,-0.0026
OfTtOtTtOlL,-0.0026
OfTtOtTtOaO,-0.0026
TfTtOfOtOaO,-0.0026
TfTtOfTtOfO,-0.0026
TfTtOfTtOlL,-0.0026
TfTtOfTtOtO,-0.0026
TfTtOfTtOtT,-0.0026
TfTtOtOtOaO,-0.0026
TfTtOaOtOfO,-0.0026
TfTtOaOtOlL,-0.0026
TfTtOaOtOtO,-0.0026
TfTtOaOtOtT,-0.0026
OtOxOtOxOlL,-0.0026
OtOxOtOfRlL,-0.0026
OtOfOfOfOtT,-0.0026
OtOfOtOfRlL,-0.0026
OtOfOtOtTtO,-0.0026
OtOfOtTtOfO,-0.0026
OtOfOtTtOaO,-0.0026
OtOfTfTtOfO,-0.0026
OtOfTfTtOlL,-0.0026
OtOfTfTtOtO,-0.0026
OtOfTfTtOtT,-0.0026
OtOfTtOtTtO,-0.0026
OtOtOfTfTtO,-0.0026
OtOtOaOtOfR,-0.0026
OtOtOtTtOfO,-0.0026
OtOtOtTtOlL,-0.0026
OtOtOtTtOtT,-0.0026
OtOaOfOfTfT,-0.0026
OtOaOfOfTtO,-0.0026
OtOaOtOfOtT,-0.0026
OtOaOtOaOaO,-0.0026
OtOtTtOfOlL,-0.0026
OtOtTtOfOtO,-0.0026
OtOtTtOfTfT,-0.0026
OtOtTtOfTtO,-0.0026
OtOtTtOtTfT,-0.0026
OtOtTtOtTtO,-0.0026
OaOfOfTtOfO,-0.0026
OaOfOfTtOtO,-0.0026
OaOtOfOtOfR,-0.0026
OaOtOfOaOlL,-0.0026
OaOtOfOtTfT,-0.0026
OaOtOfOtTtO,-0.0026
OaOtOfTfTtO,-0.0026
OaOtOtOtOfR,-0.0026
OaOtOaOfOtO,-0.0026
OaOtOaOaOfO,-0.0026
OaOtOaOaOfT,-0.0026
OaOtOaOaOlL,-0.0026
OaOtOtTtOfO,-0.0026
OaOtOtTtOlL,-0.0026
OaOtOtTtOtT,-0.0026
OtTtOfOtOtO,-0.0026
OtTtOfOtOaO,-0.0026
OtTtOfTtOlL,-0.0026
OtTtOfTtOaO,-0.0026
OtTtOaOtOfO,-0.0026
OtTtOaOtOlL,-0.0026
OtTtOaOtOtT,-0.0026
OtTtOtTtOlL,-0.0026
OtTtOtTtOaO,-0.0026
TtOfOfTtOfT,-0.0026
TtOfTfTtOfO,-0.0026
TtOfTfTtOlL,-0.0026
TtOfTfTtOtO,-0.0026
TtOfTfTtOtT,-0.0026
TtOtOfOaOtO,-0.0026
TtOtOfOtTlL,-0.0026
TtOaOtOtTtO,-0.0026
TtOtTtOfOfT,-0.0026
TtOtTtOfTfT,-0.0026
TtOtTtOfTtO,-0.0026
TtOtTtOtOfT,-0.0026
TtOtTtOaOlL,-0.0026
TtOtTtOaOtO,-0.0026
TtOtTtOtTfT,-0.0026
TtOtTtOtTtO,-0.0026
RtOtO,-0.0026
UtOfOtO,-0.0026
UtOfOlL,-0.0026
OaOtOtR,-0.0026
OaRtOtO,-0.0026
RtOtOtR,-0.0026
RtOtOaR,-0.0026
UtOfOtOfO,-0.0026
UtOfOtOtR,-0.0026
UtOfOtOtO,-0.0026
UtOfOtOlL,-0.0026
UtOtRtOtO,-0.0026
UtOaRtOtO,-0.0026
OaOtOtRtO,-0.0026
OtOtRtOtO,-0.0026
OtOaOtOtR,-0.0026
OtOaRtOtO,-0.0026
OaRtOtOtO,-0.0026
OaRtOtOlL,-0.0026
RtOtOtRfO,-0.0026
RtOtOaRfO,-0.0026
UxRtOtOtR,-0.0026
UxRtOtOaR,-0.0026
UtOfOtOfOtO,-0.0026
UtOfOtOfOlL,-0.0026
UtOfOtOtRtO,-0.0026
UtOfOtOtOtO,-0.0026
UtOfOtOtOlL,-0.0026
UtOtRtOtOtO,-0.0026
UtOtRtOtOlL,-0.0026
UtOtOtOfOtO,-0.0026
UtOtOtOfOlL,-0.0026
UtOaRtOtOtO,-0.0026
UtOaRtOtOlL,-0.0026
OfOtOaOtOtR,-0.0026
RfOtRtOtOtR,-0.0026
RfOtRtOtOaR,-0.0026
OaOtOfOtOtR,-0.0026
OaOtOtOtOtR,-0.0026
OtOfOtOtRfT,-0.0026
OtOfOtOtRlL,-0.0026
OtOtRtOtOtO,-0.0026
OtOtRtOtOlL,-0.0026
OtOaOtOtRtO,-0.0026
OtOtOaOtOtR,-0.0026
OtOaRtOtOtO,-0.0026
OtOaRtOtOlL,-0.0026
OaRfOtRtOtO,-0.0026
OaRtOtRtOtO,-0.0026
RtOtRtOtOtR,-0.0026
RtOtRtOtOaR,-0.0026
RtOtOtRfOtR,-0.0026
RtOtOtRfOlL,-0.0026
RtOtOtRtOtR,-0.0026
RtOtOtRtOtO,-0.0026
RtOtOtRtOlL,-0.0026
RtOtOaRfOtR,-0.0026
RtOtOaRfOlL,-0.0026
RtOtOaRtOtR,-0.0026
RtOtOaRtOtO,-0.0026
RtOtOaRtOlL,-0.0026
UxRtOtOtRfO,-0.0026
UxRtOtOaRfO,-0.0026
OfOtU,-0.0026
OtOfOtU,-0.0026
OtUtOfU,-0.0026
OtUtOfT,-0.0026
OtUtOfUfR,-0.0026
OtUtOfUtO,-0.0026
UtOfOtOfR,-0.0026
OtUfRtUtOfU,-0.0026
OtUfRtUtOfT,-0.0026
OtUtOtUtOfU,-0.0026
OtUtOtUtOfT,-0.0026
OtUtOfUfRtU,-0.0026
OtUtOfUfRlL,-0.0026
OtUtOfUtOtU,-0.0026
OtUtOfUtOfU,-0.0026
OtUtOfUtOfT,-0.0026
OfOfOfOtOtU,-0.0026
UtOtUtOfUfT,-0.0026
UtOfUtOtUfT,-0.0026
OtTtOtR,-0.0026
OtTtOaR,-0.0026
RfOtOtT,-0.0026
RtOtOtT,-0.0026
UtOtTtOtT,-0.0026
UtOtTtOtR,-0.0026
UtOtTtOaR,-0.0026
OtTtTtOtT,-0.0026
OtTtTtOtR,-0.0026
OtTtTtOaR,-0.0026
OtTtOtRfO,-0.0026
OtTtOtRtO,-0.0026
OtTtOaRfO,-0.0026
OtTtOaRtO,-0.0026
TfTtOfTtT,-0.0026
RfOtOtTfT,-0.0026
RfOtOfTtT,-0.0026
TtTtOtTtO,-0.0026
TtTtOtOfT,-0.0026
TtOtTtOtR,-0.0026
TtOtTtOaR,-0.0026
TtOtRtOtO,-0.0026
TtOaRtOtO,-0.0026
OtOtTtTtT,-0.0026
OtOfTtTtT,-0.0026
OtOfTtOtR,-0.0026
OtOfTtOaR,-0.0026
OtOtOtTtT,-0.0026
RtOtOfTfT,-0.0026
UxRtOtOtT,-0.0026
UtOtTtTtOtT,-0.0026
UtOtTtTtOtR,-0.0026
UtOtTtTtOaR,-0.0026
UtOtTtOtRfO,-0.0026
UtOtTtOtRtO,-0.0026
UtOtTtOaRfO,-0.0026
UtOtTtOaRtO,-0.0026
OtTtTtOfTfT,-0.0026
OtTtTtOtRfO,-0.0026
OtTtTtOaRfO,-0.0026
OtTtOtTtOtR,-0.0026
OtTtOtTtOaR,-0.0026
OtTtOfTtOtR,-0.0026
OtTtOfTtOaR,-0.0026
OtTtOtRfOtR,-0.0026
OtTtOtRfOlL,-0.0026
OtTtOtRtOtR,-0.0026
OtTtOtRtOlL,-0.0026
OtTtOaRfOtR,-0.0026
OtTtOaRfOlL,-0.0026
OtTtOaRtOtR,-0.0026
OtTtOaRtOlL,-0.0026
OfTfTtOfTtT,-0.0026
OfTtTtOtTtO,-0.0026
OfTtTtOtOfT,-0.0026
OfTtOtTtOtR,-0.0026
OfTtOtTtOaR,-0.0026
OfTtOtRtOtO,-0.0026
OfTtOaRtOtO,-0.0026
TfTtOtTtTlL,-0.0026
TfTtOfTtTfT,-0.0026
RfOtRtOtOtT,-0.0026
RfOtOtTtTlL,-0.0026
RfOtOtTtOtO,-0.0026
RfOtOfTtTfT,-0.0026
RfOtOtOtOtT,-0.0026
TtTfTtOtTlL,-0.0026
TtTfTtOfTtT,-0.0026
TtTfTtOfTtO,-0.0026
TtTfTtOtOfT,-0.0026
TtTtTtOtTtO,-0.0026
TtTtTtOtOfT,-0.0026
TtTtOtRtOtO,-0.0026
TtTtOaRtOtO,-0.0026
TtOtTtTtOtT,-0.0026
TtOtTtTtOtR,-0.0026
TtOtTtTtOaR,-0.0026
TtOtTtOtRfO,-0.0026
TtOtTtOtRtO,-0.0026
TtOtTtOaRfO,-0.0026
TtOtTtOaRtO,-0.0026
TtOfTtTfTtO,-0.0026
TtOtRtOtOtO,-0.0026
TtOtRtOtOlL,-0.0026
TtOtOtOtTtT,-0.0026
TtOaRtOtOtO,-0.0026
TtOaRtOtOlL,-0.0026
OtOtTtTtTfT,-0.0026
OtOtTtTtTtO,-0.0026
OtOtTtTtOtT,-0.0026
OtOtTtTtOtR,-0.0026
OtOtTtTtOaR,-0.0026
OtOfTtTfTtO,-0.0026
OtOfTtTtTfT,-0.0026
OtOfTtTtTtO,-0.0026
OtOfTtTtOtR,-0.0026
OtOfTtTtOaR,-0.0026
OtOfTtOtRfO,-0.0026
OtOfTtOaRfO,-0.0026
OtOtOtTtTfT,-0.0026
OtOtOtTtTtT,-0.0026
OtOtOfTtTtT,-0.0026
OtOtOfTtTtO,-0.0026
OtOtOtOtTtT,-0.0026
OaRtOtOtTfT,-0.0026
OaRtOtOtTtT,-0.0026
OaRtOtOfTtT,-0.0026
OaRtOtOfTtO,-0.0026
RtOtRtOtOtT,-0.0026
RtOtOtTtTlL,-0.0026
RtOtOfTtTlL,-0.0026
RtOtOfTtOtT,-0.0026
RtOtOfTtOtR,-0.0026
RtOtOfTtOaR,-0.0026
UxRtOtOfTfT,-0.0026
RfOfOtT,-0.0026
RfOfOtU,-0.0026
RfOtOtU,-0.0026
OxRfOfOtT,-0.0026
OxRfOfOtU,-0.0026
OxRfOtOtT,-0.0026
OxRfOtOtU,-0.0026
RfOfOtTfT,-0.0026
OtOxRfOlL,-0.0026
OtOfTtOtU,-0.0026
OtOtTtOtU,-0.0026
TtOaOtOtU,-0.0026
OxRfOfOtTfT,-0.0026
OxRfOtOtTfT,-0.0026
RfOfOfOtOtT,-0.0026
RfOfOfOtOtU,-0.0026
RfOfOtOtOtT,-0.0026
RfOfOtTtOtO,-0.0026
RfOfOtTtOaO,-0.0026
RfOtOxRfOlL,-0.0026
RfOtOfOtOtT,-0.0026
RfOtOfOtOtU,-0.0026
RfOtOtTtOaO,-0.0026
OfTtOaOtOtU,-0.0026
OtOtOfTtOtU,-0.0026
OtOtOtTtOtU,-0.0026
OaOtOfTtOtU,-0.0026
OaOtOtTtOtU,-0.0026
OtTtOaOtOtU,-0.0026
UtOxUfT,-0.0026
OxUtOxUfT,-0.0026
UtOxUtOxUfT,-0.0026
UaOaO,-0.0026
UaOaOfT,-0.0026
UaOaOfO,-0.0026
UaOaOfOfT,-0.0026
UaOaOfOfO,-0.0026
UaOaOfOtO,-0.0026
UaOaOfOlL,-0.0026
UaOtOtOtR,-0.0026
UaOtOtOaO,-0.0026
UaOtOtOtO,-0.0026
UaOtOtOaR,-0.0026
UaOfOfOtOtR,-0.0026
UaOfOfOtOaO,-0.0026
UaOfOfOtOtO,-0.0026
UaOfOfOtOaR,-0.0026
UaOaOfOfOfT,-0.0026
UaOaOfOfOfO,-0.0026
UaOaOfOtOfO,-0.0026
UaOaOfOtOlL,-0.0026
UaOtOtOtRfO,-0.0026
UaOtOtOaOfT,-0.0026
UaOtOtOaOfO,-0.0026
UaOtOtOaRfO,-0.0026
OtOfRfT,-0.0026
OtOtOfRfT,-0.0026
OtOtOtOfRfT,-0.0026
UfTfR,-0.0026
OxUfTfR,-0.0026
OxUtRlL,-0.0026
UfTfRfT,-0.0026
UfTfRtO,-0.0026
OxUfTfRfT,-0.0026
OxUfTfRtO,-0.0026
UfTfRfTfR,-0.0026
UtOxUfTfR,-0.0026
UtOxUtRlL,-0.0026
OxUfTfRfTfR,-0.0026
OxUtRfTfRlL,-0.0026
OxUtOxUfTfR,-0.0026
OxUtOxUtRlL,-0.0026
UfTfRfTfRfT,-0.0026
UfTfRfTfRtO,-0.0026
UtOxUfTfRfT,-0.0026
UtOxUfTfRtO,-0.0026
OfRfOfTfO,-0.0026
RfOfRfOfTfO,-0.0026
UtTtTlL,-0.0026
UaOfTtT,-0.0026
UtTtTtTlL,-0.0026
UaOfTtTfT,-0.0026
UaOfTtOtR,-0.0026
UaOfTtOaR,-0.0026
UtTtTtTtOtR,-0.0026
UtTtTtTtOaR,-0.0026
UaOfTtTtTlL,-0.0026
UaOfTtTtOtR,-0.0026
UaOfTtTtOaR,-0.0026
UaOfTtOfTtT,-0.0026
UaOfTtOtRfO,-0.0026
UaOfTtOaRfO,-0.0026
OfOfTtT,-0.0026
TtTtOaO,-0.0026
RfOfOfTtT,-0.0026
OfTtTtOaO,-0.0026
OfOfTtTfT,-0.0026
OfOtOfTtT,-0.0026
OfOtTtTlL,-0.0026
OtOfOfTtT,-0.0026
OaOtOtTtT,-0.0026
TtTfTtOaO,-0.0026
TtTtOfOfT,-0.0026
TtTtOaOtO,-0.0026
TtTtOaOlL,-0.0026
TtTtTtOaO,-0.0026
OxRfOfOfTtT,-0.0026
OxRfOtOfTtT,-0.0026
RfOfOfTtTfT,-0.0026
RfOfOtTtTlL,-0.0026
OfTtTfTtOaO,-0.0026
OfTtTtOfOfT,-0.0026
OfTtTtOaOtO,-0.0026
OfTtTtOaOlL,-0.0026
OfTtTtTtOaO,-0.0026
OfOfTtOtTtT,-0.0026
OfOfTtTtOaO,-0.0026
OfOfTtTtTlL,-0.0026
OfOfOtOfTtT,-0.0026
OfOtOfTtTfT,-0.0026
OfOtOtOfTtT,-0.0026
OfOtOtTtTlL,-0.0026
OfOaOtOtTtT,-0.0026
OfOtTtTtTlL,-0.0026
TtOfTtTtOfO,-0.0026
TtOfOtOtTtT,-0.0026
OtOfTtTtOfO,-0.0026
OtOfOfTtTfT,-0.0026
OtOfOtOtTtT,-0.0026
OtOfOtTtTlL,-0.0026
OaOtOfTtTtO,-0.0026
OaOtOfTtTtT,-0.0026
OaOtOtTtTfT,-0.0026
OaOtOtTtTtT,-0.0026
OtTtTtTtOaO,-0.0026
TtTfTtOfOfT,-0.0026
TtTfTtOaOtO,-0.0026
TtTfTtOaOlL,-0.0026
TtTtOfTtOfO,-0.0026
TtTtOfOtOaO,-0.0026
TtTtOtOtOaO,-0.0026
TtTtOaOtOfO,-0.0026
TtTtOaOtOtO,-0.0026
TtTtOaOtOlL,-0.0026
TtTtOaOtOtT,-0.0026
TtTtTfTtOaO,-0.0026
TtTtTtOfOfT,-0.0026
TtTtTtOaOtO,-0.0026
TtTtTtOaOlL,-0.0026
OtUfO,-0.0026
OtUfRfT,-0.0026
OtUfOtU,-0.0026
OtUfOfT,-0.0026
OtUfOfU,-0.0026
OtUfOlL,-0.0026
OtUtOlL,-0.0026
UfRfTlL,-0.0026
UfOtUfT,-0.0026
UfOfUfT,-0.0026
OfTtUfT,-0.0026
OtUfRtUfO,-0.0026
OtUfOtUfR,-0.0026
OtUfOtUfO,-0.0026
OtUfOtUtO,-0.0026
OtUfOfTtU,-0.0026
OtUfOfUfR,-0.0026
OtUfOfUfO,-0.0026
OtUfOfUtO,-0.0026
OtUfTtUfO,-0.0026
OtUfTtUtO,-0.0026
OtUtOtUfO,-0.0026
OtUtOfTtU,-0.0026
OtUtOfUfO,-0.0026
UfOfTtUfT,-0.0026
OfUfRfTlL,-0.0026
OfUfOtUfT,-0.0026
OfUfOfUfT,-0.0026
TtUfRfTlL,-0.0026
TtUfOtUfT,-0.0026
TtUfOfUfT,-0.0026
TtUtOtUfT,-0.0026
TtUtOfUfT,-0.0026
RtUfRfTlL,-0.0026
RtUfOtUfT,-0.0026
RtUfOfUfT,-0.0026
UtOfTtUfT,-0.0026
OtUfRtUfRfT,-0.0026
OtUfRtUfOtU,-0.0026
OtUfRtUfOfT,-0.0026
OtUfRtUfOfU,-0.0026
OtUfRtUfOlL,-0.0026
OtUfRtUtOlL,-0.0026
OtUfOtUfRfT,-0.0026
OtUfOtUfRtU,-0.0026
OtUfOtUfRlL,-0.0026
OtUfOtUfOtU,-0.0026
OtUfOtUfOfT,-0.0026
OtUfOtUfOfU,-0.0026
OtUfOtUfOlL,-0.0026
OtUfOtUfTtU,-0.0026
OtUfOtUtOtU,-0.0026
OtUfOtUtOfT,-0.0026
OtUfOtUtOfU,-0.0026
OtUfOtUtOlL,-0.0026
OtUfOfTtUfR,-0.0026
OtUfOfTtUfO,-0.0026
OtUfOfTtUtO,-0.0026
OtUfOfUfRfT,-0.0026
OtUfOfUfRtU,-0.0026
OtUfOfUfRlL,-0.0026
OtUfOfUfOtU,-0.0026
OtUfOfUfOfT,-0.0026
OtUfOfUfOfU,-0.0026
OtUfOfUfOlL,-0.0026
OtUfOfUfTtU,-0.0026
OtUfOfUtOtU,-0.0026
OtUfOfUtOfT,-0.0026
OtUfOfUtOfU,-0.0026
OtUfOfUtOlL,-0.0026
OtUfTtUfRfT,-0.0026
OtUfTtUfOtU,-0.0026
OtUfTtUfOfT,-0.0026
OtUfTtUfOfU,-0.0026
OtUfTtUfOlL,-0.0026
OtUfTtUtOtU,-0.0026
OtUfTtUtOfT,-0.0026
OtUfTtUtOfU,-0.0026
OtUfTtUtOlL,-0.0026
OtUtOtUfRfT,-0.0026
OtUtOtUfOtU,-0.0026
OtUtOtUfOfT,-0.0026
OtUtOtUfOfU,-0.0026
OtUtOtUfOlL,-0.0026
OtUtOtUfTtU,-0.0026
OtUtOtUtOlL,-0.0026
OtUtOfTtUfR,-0.0026
OtUtOfTtUfO,-0.0026
OtUtOfTtUtO,-0.0026
OtUtOfUfRfT,-0.0026
OtUtOfUfOtU,-0.0026
OtUtOfUfOfT,-0.0026
OtUtOfUfOfU,-0.0026
OtUtOfUfOlL,-0.0026
OtUtOfUfTtU,-0.0026
OtUtOfUtOlL,-0.0026
UfRtUfRfTlL,-0.0026
UfRtUfOtUfT,-0.0026
UfRtUfOfUfT,-0.0026
UfOtUfRfTlL,-0.0026
UfOtUfRtUfT,-0.0026
UfOtUfOtUfT,-0.0026
UfOtUfOfUfT,-0.0026
UfOtUfTtUfT,-0.0026
UfOtUtOtUfT,-0.0026
UfOtUtOfUfT,-0.0026
UfOfUfRfTlL,-0.0026
UfOfUfRtUfT,-0.0026
UfOfUfOtUfT,-0.0026
UfOfUfOfUfT,-0.0026
UfOfUfTtUfT,-0.0026
UfOfUtOtUfT,-0.0026
UfOfUtOfUfT,-0.0026
OfTtUfRfTlL,-0.0026
OfTtUfRtUfT,-0.0026
OfTtUfOtUfT,-0.0026
OfTtUfOfUfT,-0.0026
OfTtUfTtUfT,-0.0026
OfTtUtOtUfT,-0.0026
OfTtUtOfUfT,-0.0026
OfUfOfTtUfT,-0.0026
OfUtOfTtUfT,-0.0026
UfTtUfRfTlL,-0.0026
UfTtUfOtUfT,-0.0026
UfTtUfOfUfT,-0.0026
UfTtUtOtUfT,-0.0026
UfTtUtOfUfT,-0.0026
TtUfOfTtUfT,-0.0026
TtUtOfTtUfT,-0.0026
RtUfOfTtUfT,-0.0026
RtUtOfTtUfT,-0.0026
UtOtUfRfTlL,-0.0026
UtOtUfOtUfT,-0.0026
UtOtUfOfUfT,-0.0026
UtOtUfTtUfT,-0.0026
UtOfUfRfTlL,-0.0026
UtOfUfOtUfT,-0.0026
UtOfUfOfUfT,-0.0026
UtOfUfTtUfT,-0.0026
TtOtRtT,-0.0026
TtOaRtT,-0.0026
OtTtOtRtT,-0.0026
OtTtOaRtT,-0.0026
OfTtOtRtT,-0.0026
OfTtOaRtT,-0.0026
UtOtTtOtRtT,-0.0026
UtOtTtOaRtT,-0.0026
UtOfTtOtRtT,-0.0026
UtOfTtOaRtT,-0.0026
TtOtTtOtRtT,-0.0026
TtOtTtOaRtT,-0.0026
TtOfTtOtRtT,-0.0026
TtOfTtOaRtT,-0.0026
TtOtRfOtRtT,-0.0026
TtOtRtOtRtT,-0.0026
TtOaRfOtRtT,-0.0026
TtOaRtOtRtT,-0.0026
UaRtO,-0.0026
UtRfOtR,-0.0026
UtRfOlL,-0.0026
UtRtOtR,-0.0026
UtRtOlL,-0.0026
UaRfOfT,-0.0026
UaRtOfT,-0.0026
UtRfOtRfO,-0.0026
UtRtOtRfO,-0.0026
UaRfOtRtO,-0.0026
UaRtOtRtO,-0.0026
UtRfOtRfOtR,-0.0026
UtRfOtRfOlL,-0.0026
UtRfOtRtOtR,-0.0026
UtRfOtRtOlL,-0.0026
UtRtOtRfOtR,-0.0026
UtRtOtRfOlL,-0.0026
UtRtOtRtOtR,-0.0026
UtRtOtRtOlL,-0.0026
UaRfOtRfOfT,-0.0026
UaRfOtRtOfT,-0.0026
UaRtOtRfOfT,-0.0026
UaRtOtRtOfT,-0.0026
UtOfRtO,-0.0026
OfOtOfRfT,-0.0026
OaOtOfRtO,-0.0026
UtOfOtOfRtO,-0.0026
UtOtOtOfRtO,-0.0026
OtOfOtOfRfT,-0.0026
OtOaOtOfRtO,-0.0026
TtTfO,-0.0026
OfTtTfO,-0.0026
UtOfTtTfO,-0.0026
TtOfTtTfO,-0.0026
OfTtOfTtTfO,-0.0026
TtTtOfTtTfO,-0.0026
RfTfRfO,-0.0026
OfTfRfT,-0.0026
OfTfRtO,-0.0026
TfRfTfRfO,-0.0026
RfTfRfOfT,-0.0026
RfTfRfOtO,-0.0026
RfTfRtOfT,-0.0026
RfTfRtOtO,-0.0026
RfOfTfRfT,-0.0026
RfOfTfRtO,-0.0026
OfTfRfTfR,-0.0026
UtRfTfRfO,-0.0026
RtOfTfRfT,-0.0026
RtOfTfRtO,-0.0026
UxTfRfTfRfO,-0.0026
TfRfTfRfOfT,-0.0026
TfRfTfRfOtO,-0.0026
TfRfTfRtOfT,-0.0026
TfRfTfRtOtO,-0.0026
TfRfOfTfRfT,-0.0026
TfRfOfTfRtO,-0.0026
TfRtOfTfRfT,-0.0026
TfRtOfTfRtO,-0.0026
RfTfRfOfTfR,-0.0026
RfTfRtOfTfR,-0.0026
RfOfTfRfTfR,-0.0026
OfTfRfTfRfO,-0.0026
UtRfTfRfOfT,-0.0026
UtRfTfRfOtO,-0.0026
UtRfTfRtOfT,-0.0026
UtRfTfRtOtO,-0.0026
UtRfOfTfRfT,-0.0026
UtRfOfTfRtO,-0.0026
UtRtOfTfRfT,-0.0026
UtRtOfTfRtO,-0.0026
RtOfTfRfTfR,-0.0026
UxOtRlL,-0.0026
UxRfOlL,-0.0022
RfOlL,0.0019
OfOtOtU,0.0014
OfOtOtOtU,0.0014
OtOfOtOtOtU,0.0014
UtOfU,-0.0013
OfUtOfU,-0.0013
RtUtOfU,-0.0013
UtOfUfR,-0.0013
UtOfUtO,-0.0013
OfUtOfUfR,-0.0013
OfUtOfUtO,-0.0013
UfRtUtOfU,-0.0013
RtUtOfUfR,-0.0013
RtUtOfUtO,-0.0013
UtOfUfRtU,-0.0013
UtOfUfRlL,-0.0013
UtOfUtOfU,-0.0013
OfUfRtUtOfU,-0.0013
OfUtOfUfRtU,-0.0013
OfUtOfUfRlL,-0.0013
OfUtOfUtOfU,-0.0013
UfRtUtOfUfR,-0.0013
UfRtUtOfUtO,-0.0013
RtUfRtUtOfU,-0.0013
RtUtOfUfRtU,-0.0013
RtUtOfUfRlL,-0.0013
RtUtOfUtOfU,-0.0013
UtOfUfRtUfR,-0.0013
UtOfUfRtUtO,-0.0013
UtOfUtOfUfR,-0.0013
UtOfUtOfUtO,-0.0013
RtUtOfT,-0.0013
UfRtUtOfT,-0.0013
RtUfRtUtOfT,-0.0013
UtOfRtUtOtO,-0.0013
OxOaO,-0.0013
OaOfR,-0.0013
OxOfOtT,-0.0013
OxOtOaO,-0.0013
OxOaOfO,-0.0013
OxOaOlL,-0.0013
OxOaOtO,-0.0013
OxOaOaO,-0.0013
OfOtOfR,-0.0013
TfTtOfO,-0.0013
TfTtOlL,-0.0013
TfTtOtO,-0.0013
TfTtOtT,-0.0013
OaOfRlL,-0.0013
OxOfOfOfR,-0.0013
OxOfOfOtO,-0.0013
OxOfOtTfT,-0.0013
OxOfOtTtO,-0.0013
OxOtOfOfO,-0.0013
OxOtOfOfT,-0.0013
OxOtOfOfR,-0.0013
OxOtOfOlL,-0.0013
OxOtOtOfO,-0.0013
OxOtOtOfT,-0.0013
OxOtOtOlL,-0.0013
OxOtOaOfO,-0.0013
OxOtOaOfT,-0.0013
OxOtOaOlL,-0.0013
OxOaOfOfO,-0.0013
OxOaOfOfT,-0.0013
OxOaOfOlL,-0.0013
OxOaOtOfO,-0.0013
OxOaOtOfT,-0.0013
OxOaOtOlL,-0.0013
OxOaOaOfO,-0.0013
OxOaOaOfT,-0.0013
OxOaOaOlL,-0.0013
OfOfOfTfT,-0.0013
OfOfOfTtO,-0.0013
OfOfTfTtO,-0.0013
OfOtOaOaO,-0.0013
OfOtOtTtO,-0.0013
OfOaOfOfO,-0.0013
OfOaOfOlL,-0.0013
OfOaOfOtO,-0.0013
OfOtTtOlL,-0.0013
OfOtTtOtT,-0.0013
OfTfTtOfO,-0.0013
OfTfTtOlL,-0.0013
OfTfTtOtO,-0.0013
OfTfTtOtT,-0.0013
TfTtOfOlL,-0.0013
TfTtOfOtO,-0.0013
TfTtOtOlL,-0.0013
TfTtOtOtO,-0.0013
TfTtOtTfT,-0.0013
OtOfOtOfR,-0.0013
OtTtOfOlL,-0.0013
OtTtOfOtO,-0.0013
TtOfOfTfT,-0.0013
TtOfOfTtO,-0.0013
TtOtOfOtT,-0.0013
TtOtTtOfO,-0.0013
OxOfOfOfOfT,-0.0013
OxOfOfOfRlL,-0.0013
OxOfOfOtOfT,-0.0013
OxOfOfOtOlL,-0.0013
OxOfOfOtOtO,-0.0013
OxOfOfOtOaO,-0.0013
OxOfOtTtOfO,-0.0013
OxOfOtTtOtO,-0.0013
OxOtOfOfOfR,-0.0013
OxOtOfOfRlL,-0.0013
OxOtOtOfOfR,-0.0013
OxOtOaOfOfR,-0.0013
OxOaOfOfOfR,-0.0013
OxOaOtOfOfR,-0.0013
OxOaOaOfOfR,-0.0013
OfOfOfOfTfT,-0.0013
OfOfOfOfTtO,-0.0013
OfOfOfTtOfO,-0.0013
OfOfOfTtOtO,-0.0013
OfOfOtOaOaO,-0.0013
OfOfOtOtTtO,-0.0013
OfOfTfTtOfO,-0.0013
OfOfTfTtOlL,-0.0013
OfOfTfTtOtO,-0.0013
OfOfTfTtOtT,-0.0013
OfOfTtOtOaO,-0.0013
OfOfTtOtTtO,-0.0013
OfOtOfOtOfR,-0.0013
OfOtOfOaOlL,-0.0013
OfOtOfOtTfT,-0.0013
OfOtOfOtTtO,-0.0013
OfOtOfTfTtO,-0.0013
OfOtOtOtTtO,-0.0013
OfOtOaOaOfO,-0.0013
OfOtOaOaOfT,-0.0013
OfOtOaOaOlL,-0.0013
OfOtOtTtOfO,-0.0013
OfOtOtTtOlL,-0.0013
OfOtOtTtOtT,-0.0013
OfOaOfOfOfO,-0.0013
OfOaOfOfOfT,-0.0013
OfOaOfOtOlL,-0.0013
OfOtTtOfOlL,-0.0013
OfOtTtOfOtO,-0.0013
OfOtTtOfTfT,-0.0013
OfOtTtOfTtO,-0.0013
OfOtTtOtOaO,-0.0013
OfOtTtOtTfT,-0.0013
OfOtTtOtTtO,-0.0013
OfTfTtOfOlL,-0.0013
OfTfTtOfOtO,-0.0013
OfTfTtOtOlL,-0.0013
OfTfTtOtOtO,-0.0013
OfTfTtOtTfT,-0.0013
OfTtOfOfTfT,-0.0013
OfTtOfOfTtO,-0.0013
OfTtOtOfOtT,-0.0013
OfTtOtTtOfO,-0.0013
TfTtOfOtOfO,-0.0013
TfTtOfOtOlL,-0.0013
TfTtOfOtOtO,-0.0013
TfTtOfOtOtT,-0.0013
TfTtOtOtOfO,-0.0013
TfTtOtOtOlL,-0.0013
TfTtOtOtOtO,-0.0013
TfTtOtOtOtT,-0.0013
TfTtOtTfTlL,-0.0013
OtOfOfOfTfT,-0.0013
OtOfOfOfTtO,-0.0013
OtOfOfTfTtO,-0.0013
OtOfOtOaOaO,-0.0013
OtOfOaOfOfO,-0.0013
OtOfOaOfOlL,-0.0013
OtOfOaOfOtO,-0.0013
OtOfOtTtOlL,-0.0013
OtOfOtTtOtT,-0.0013
OtOtOfOtOfR,-0.0013
OtTtOfOfTfT,-0.0013
OtTtOfOfTtO,-0.0013
OtTtOfOtOfO,-0.0013
OtTtOfOtOlL,-0.0013
OtTtOfOtOtT,-0.0013
OtTtOfTtOfO,-0.0013
OtTtOtOfOtT,-0.0013
OtTtOtOtOtT,-0.0013
OtTtOtTtOfO,-0.0013
TtOfOfTtOfO,-0.0013
TtOfOfTtOtO,-0.0013
TtOfOtOtTtO,-0.0013
TtOtOfOfOtO,-0.0013
TtOtOfOtTfT,-0.0013
TtOtOfOtTtO,-0.0013
TtOtOtOtTtO,-0.0013
TtOtTtOfOlL,-0.0013
TtOtTtOfOtO,-0.0013
TtOtTtOtOlL,-0.0013
TtOtTtOtOtO,-0.0013
RtOtOtO,-0.0013
RtOtOlL,-0.0013
UxRtOtO,-0.0013
RfOfOfOfO,-0.0013
RfOfOaOfO,-0.0013
RfOfOtOfO,-0.0013
RfOtRtOtO,-0.0013
RfOtOfOfO,-0.0013
RfOtOaOfO,-0.0013
RfOtOtOfO,-0.0013
OtOfOtOtR,-0.0013
RtOtRtOtO,-0.0013
UxRtOtOtO,-0.0013
UxRtOtOlL,-0.0013
OfOtOfOtOtR,-0.0013
RfOfOfOfOfT,-0.0013
RfOfOfOfOfO,-0.0013
RfOfOfOfOtO,-0.0013
RfOfOfOfOlL,-0.0013
RfOfOaOfOfT,-0.0013
RfOfOaOfOfO,-0.0013
RfOfOaOfOtO,-0.0013
RfOfOaOfOlL,-0.0013
RfOfOtOfOfT,-0.0013
RfOfOtOfOfO,-0.0013
RfOtRtOtOtO,-0.0013
RfOtRtOtOlL,-0.0013
RfOtOfOfOfT,-0.0013
RfOtOfOfOfO,-0.0013
RfOtOfOfOtO,-0.0013
RfOtOfOfOlL,-0.0013
RfOtOaOfOfT,-0.0013
RfOtOaOfOfO,-0.0013
RfOtOaOfOtO,-0.0013
RfOtOaOfOlL,-0.0013
RfOtOtOfOfT,-0.0013
RfOtOtOfOfO,-0.0013
OtOfOtOtRtO,-0.0013
OtOtOfOtOtR,-0.0013
RtOtRtOtOtO,-0.0013
RtOtRtOtOlL,-0.0013
UxRfOtRtOtO,-0.0013
UxRtOtRtOtO,-0.0013
OfUtOfT,-0.0013
UtOtUtOfU,-0.0013
UtOtUtOfT,-0.0013
UtOfUtOtU,-0.0013
UtOfUtOfT,-0.0013
OfUfRtUtOfT,-0.0013
OfUtOtUtOfU,-0.0013
OfUtOtUtOfT,-0.0013
OfUtOfUtOtU,-0.0013
OfUtOfUtOfT,-0.0013
RtUtOtUtOfU,-0.0013
RtUtOtUtOfT,-0.0013
RtUtOfUtOtU,-0.0013
RtUtOfUtOfT,-0.0013
UtOtUtOfUfR,-0.0013
UtOtUtOfUtO,-0.0013
UtOfUtOtUfR,-0.0013
UtOfUtOtUtO,-0.0013
TtTfTtO,-0.0013
UtOtTtOtO,-0.0013
UtOtTtOlL,-0.0013
OtTtTtOtO,-0.0013
OtTtTtOlL,-0.0013
OfTtTfTtO,-0.0013
TfTtOtTtT,-0.0013
RfOtOtTtT,-0.0013
RfOtOtTtO,-0.0013
TtTfTtOtT,-0.0013
TtTfTtOtO,-0.0013
TtTfTtOlL,-0.0013
TtTtTfTtO,-0.0013
TtTtOtOtO,-0.0013
TtTtOtOlL,-0.0013
OtOtTtTtO,-0.0013
RtOtOtTfT,-0.0013
RtOtOtTtT,-0.0013
RtOtOfTtT,-0.0013
RtOtOfTtO,-0.0013
UtOtTtTtOtO,-0.0013
UtOtTtTtOlL,-0.0013
UtOtTtOtTfT,-0.0013
UtOtTtOtTtO,-0.0013
UtOtTtOfTfT,-0.0013
UtOtTtOfTtO,-0.0013
OtTtTtTfTtO,-0.0013
OtTtTtOtTfT,-0.0013
OtTtTtOtTtT,-0.0013
OtTtTtOfTtT,-0.0013
OtTtTtOfTtO,-0.0013
OfTfTtOtTtT,-0.0013
OfTtTfTtOtT,-0.0013
OfTtTfTtOtO,-0.0013
OfTtTfTtOlL,-0.0013
OfTtTtTfTtO,-0.0013
OfTtTtOtOtO,-0.0013
OfTtTtOtOlL,-0.0013
TfTtOtTtTfT,-0.0013
TfTtOtTtTtT,-0.0013
TfTtOfTtTtT,-0.0013
TfTtOfTtTtO,-0.0013
RfOtOtTtTfT,-0.0013
RfOtOtTtTtT,-0.0013
RfOtOtTtOtT,-0.0013
RfOtOtTtOlL,-0.0013
RfOtOfTfTtO,-0.0013
RfOtOfTtTtT,-0.0013
RfOtOfTtTtO,-0.0013
TtTfTtOtTfT,-0.0013
TtTfTtOtTtT,-0.0013
TtTfTtOtOtO,-0.0013
TtTfTtOtOlL,-0.0013
TtTtTfTtOtT,-0.0013
TtTtTfTtOtO,-0.0013
TtTtTfTtOlL,-0.0013
TtTtTtOtOtO,-0.0013
TtTtTtOtOlL,-0.0013
TtTtOfTfTtO,-0.0013
TtTtOtOtOtT,-0.0013
TtTtOtOtOtO,-0.0013
TtTtOtOtOlL,-0.0013
TtOtTtTtOtO,-0.0013
TtOtTtTtOlL,-0.0013
OtOtTtTtOtO,-0.0013
OtOtTtTtOlL,-0.0013
RtOtOtTfTlL,-0.0013
RtOtOtTtTfT,-0.0013
RtOtOtTtTtO,-0.0013
RtOtOfTtTfT,-0.0013
RtOtOfTtTtO,-0.0013
RtOtOfTtOtO,-0.0013
RtOtOfTtOlL,-0.0013
UxRtOtOtTfT,-0.0013
UxRtOtOtTtT,-0.0013
UxRtOtOfTtT,-0.0013
UxRtOtOfTtO,-0.0013
OtTfO,-0.0013
TtOtU,-0.0013
OfTtOtU,-0.0013
OtTtOtU,-0.0013
TtOtTfO,-0.0013
RfOfOtTtO,-0.0013
OfTtOtTfO,-0.0013
OfOfTtOtU,-0.0013
OfOtTtOtU,-0.0013
TtOfTtOtU,-0.0013
TtOfOtOtU,-0.0013
TtOtOtOtU,-0.0013
TtOtTtOtU,-0.0013
OxRfOfOfOfO,-0.0013
OxRfOfOtOfO,-0.0013
OxRfOfOaOfO,-0.0013
OxRfOfOtTtO,-0.0013
OxRfOtOfOfO,-0.0013
OxRfOtOtOfO,-0.0013
OxRfOtOaOfO,-0.0013
OxRfOtOtTtO,-0.0013
RfOfOfTfTtO,-0.0013
RfOfOfTtOtU,-0.0013
RfOfOtTtOfO,-0.0013
RfOfOtTtOlL,-0.0013
RfOfOtTtOtT,-0.0013
RfOfOtTtOtU,-0.0013
RfOtOfTtOtU,-0.0013
RfOtOtTtOfO,-0.0013
RfOtOtTtOtU,-0.0013
OfTtOfTtOtU,-0.0013
OfTtOfOtOtU,-0.0013
OfTtOtOtOtU,-0.0013
OfTtOtTtOtU,-0.0013
OfOtOfTtOtU,-0.0013
OfOtOtTtOtU,-0.0013
OfOaOfOtOtU,-0.0013
OtOfOfTtOtU,-0.0013
OtOfOtTtOtU,-0.0013
OtTtOfTtOtU,-0.0013
OtTtOfOtOtU,-0.0013
OtTtOtOtOtU,-0.0013
OtTtOtTtOtU,-0.0013
TtOfTtOtTfO,-0.0013
UtOxU,-0.0013
OxUtOxU,-0.0013
UtOxUtO,-0.0013
OxUtOxUtO,-0.0013
UtOxUtOxU,-0.0013
OxUtOxUtOxU,-0.0013
UtOxUtOxUtO,-0.0013
UaOfO,-0.0013
UaOfOfT,-0.0013
UaOfOfO,-0.0013
UaOtOfT,-0.0013
UaOtOfO,-0.0013
UaOtOtO,-0.0013
UaOtOlL,-0.0013
UaOfOfOfT,-0.0013
UaOfOfOfO,-0.0013
UaOfOfOtO,-0.0013
UaOfOfOlL,-0.0013
UaOtOfOfT,-0.0013
UaOtOfOfO,-0.0013
UaOtOtOfO,-0.0013
UaOtOtOlL,-0.0013
UaOfOfOfOfT,-0.0013
UaOfOfOfOfO,-0.0013
UaOfOfOtOfO,-0.0013
UaOfOfOtOlL,-0.0013
UaOtOfOfOfT,-0.0013
UaOtOfOfOfO,-0.0013
UaOtOfOfOtO,-0.0013
UaOtOfOfOlL,-0.0013
UaOtOtOfOfT,-0.0013
UaOtOtOfOfO,-0.0013
UaOtOtOtOfT,-0.0013
UaOtOtOtOfO,-0.0013
UaOtOtOtOtO,-0.0013
UaOtOtOtOlL,-0.0013
RtUtOfRfT,-0.0013
OfRtUtOfRfT,-0.0013
RtUtOfRfTlL,-0.0013
OxUtR,-0.0013
OxUtRfT,-0.0013
OxUtRtO,-0.0013
UtOxUtR,-0.0013
OxUtRfTfR,-0.0013
OxUtOxUtR,-0.0013
UtOxUtRfT,-0.0013
UtOxUtRtO,-0.0013
OxUtRfTfRfT,-0.0013
OxUtRfTfRtO,-0.0013
OxUtOxUtRfT,-0.0013
OxUtOxUtRtO,-0.0013
UtOxUtRfTfR,-0.0013
UtOxUtOxUtR,-0.0013
UtTtT,-0.0013
UtTtTfT,-0.0013
UtTtTtT,-0.0013
UtTtTtTfT,-0.0013
UtTtTtTtO,-0.0013
UaOfTtTtT,-0.0013
UaOfTtTtO,-0.0013
UaOfTtOtO,-0.0013
UaOfTtOlL,-0.0013
UtTtTtTtOtO,-0.0013
UtTtTtTtOlL,-0.0013
UaOfTtTtTfT,-0.0013
UaOfTtTtTtO,-0.0013
UaOfTtTtOtO,-0.0013
UaOfTtTtOlL,-0.0013
OfOtTtT,-0.0013
TtTtOfO,-0.0013
RfOfOtTtT,-0.0013
OfTtTtOfO,-0.0013
OfOfTtTtO,-0.0013
OfOfTtTtT,-0.0013
OfOtOtTtT,-0.0013
OfOtTtTfT,-0.0013
OfOtTtTtT,-0.0013
OtOfOtTtT,-0.0013
TtTfTtOfO,-0.0013
TtTtOfOtO,-0.0013
TtTtOfOlL,-0.0013
TtTtTtOfO,-0.0013
OxRfOfOtTtT,-0.0013
OxRfOtOtTtT,-0.0013
RfOfOfTtTtO,-0.0013
RfOfOfTtTtT,-0.0013
RfOfOtTtTfT,-0.0013
RfOfOtTtTtT,-0.0013
OfTtTfTtOfO,-0.0013
OfTtTtOfOtO,-0.0013
OfTtTtOfOlL,-0.0013
OfTtTtTtOfO,-0.0013
OfOfTtTfTtO,-0.0013
OfOfTtTtOfO,-0.0013
OfOfTtTtOtO,-0.0013
OfOfTtTtOlL,-0.0013
OfOfTtTtOtT,-0.0013
OfOfTtTtTfT,-0.0013
OfOfTtTtTtO,-0.0013
OfOfOtOtTtT,-0.0013
OfOtOfTtTtO,-0.0013
OfOtOfTtTtT,-0.0013
OfOtOtOtTtT,-0.0013
OfOtOtTtTfT,-0.0013
OfOtOtTtTtT,-0.0013
OfOtTtTfTlL,-0.0013
OfOtTtTtTfT,-0.0013
OfOtTtTtTtO,-0.0013
OtOfOfTtTtO,-0.0013
OtOfOfTtTtT,-0.0013
OtOfOtTtTfT,-0.0013
OtOfOtTtTtT,-0.0013
OtTtTtTtOfO,-0.0013
TtTfTtOfOtO,-0.0013
TtTfTtOfOlL,-0.0013
TtTtOfOtOfO,-0.0013
TtTtOfOtOtO,-0.0013
TtTtOfOtOlL,-0.0013
TtTtOfOtOtT,-0.0013
TtTtOtOtOfO,-0.0013
TtTtTfTtOfO,-0.0013
TtTtTtOfOtO,-0.0013
TtTtTtOfOlL,-0.0013
UfRfT,-0.0013
UfOtU,-0.0013
UfOfU,-0.0013
UfOlL,-0.0013
OfTtU,-0.0013
OfUfO,-0.0013
TtUfO,-0.0013
UfOtUfR,-0.0013
UfOtUfO,-0.0013
UfOtUtO,-0.0013
UfOfTtU,-0.0013
UfOfUfR,-0.0013
UfOfUfO,-0.0013
UfOfUtO,-0.0013
OfTtUfR,-0.0013
OfTtUfO,-0.0013
OfTtUtO,-0.0013
OfUfRfT,-0.0013
OfUfOtU,-0.0013
OfUfOfT,-0.0013
OfUfOfU,-0.0013
OfUfOlL,-0.0013
OfUtOlL,-0.0013
UfTtUfO,-0.0013
TtUfRfT,-0.0013
TtUfOtU,-0.0013
TtUfOfT,-0.0013
TtUfOfU,-0.0013
TtUfOlL,-0.0013
TtUtOtU,-0.0013
TtUtOfT,-0.0013
TtUtOfU,-0.0013
TtUtOlL,-0.0013
RtUfRfT,-0.0013
RtUfOtU,-0.0013
RtUfOfU,-0.0013
RtUfOlL,-0.0013
RtUtOlL,-0.0013
UtOtUfO,-0.0013
UtOfTtU,-0.0013
UtOfUfO,-0.0013
UfRtUfRfT,-0.0013
UfRtUfOtU,-0.0013
UfRtUfOfU,-0.0013
UfRtUfOlL,-0.0013
UfRtUtOlL,-0.0013
UfOtUfRfT,-0.0013
UfOtUfRtU,-0.0013
UfOtUfRlL,-0.0013
UfOtUfOtU,-0.0013
UfOtUfOfT,-0.0013
UfOtUfOfU,-0.0013
UfOtUfOlL,-0.0013
UfOtUfTtU,-0.0013
UfOtUtOtU,-0.0013
UfOtUtOfT,-0.0013
UfOtUtOfU,-0.0013
UfOtUtOlL,-0.0013
UfOfTtUfR,-0.0013
UfOfTtUfO,-0.0013
UfOfTtUtO,-0.0013
UfOfUfRfT,-0.0013
UfOfUfRtU,-0.0013
UfOfUfRlL,-0.0013
UfOfUfOtU,-0.0013
UfOfUfOfT,-0.0013
UfOfUfOfU,-0.0013
UfOfUfOlL,-0.0013
UfOfUfTtU,-0.0013
UfOfUtOtU,-0.0013
UfOfUtOfT,-0.0013
UfOfUtOfU,-0.0013
UfOfUtOlL,-0.0013
OfTtUfRfT,-0.0013
OfTtUfRtU,-0.0013
OfTtUfRlL,-0.0013
OfTtUfOtU,-0.0013
OfTtUfOfT,-0.0013
OfTtUfOfU,-0.0013
OfTtUfOlL,-0.0013
OfTtUfTtU,-0.0013
OfTtUtOtU,-0.0013
OfTtUtOfT,-0.0013
OfTtUtOfU,-0.0013
OfTtUtOlL,-0.0013
OfUfRtUfO,-0.0013
OfUfOtUfR,-0.0013
OfUfOtUfO,-0.0013
OfUfOtUtO,-0.0013
OfUfOfTtU,-0.0013
OfUfOfUfR,-0.0013
OfUfOfUfO,-0.0013
OfUfOfUtO,-0.0013
OfUfTtUfO,-0.0013
OfUfTtUtO,-0.0013
OfUtOtUfO,-0.0013
OfUtOfTtU,-0.0013
OfUtOfUfO,-0.0013
UfTtUfRfT,-0.0013
UfTtUfOtU,-0.0013
UfTtUfOfT,-0.0013
UfTtUfOfU,-0.0013
UfTtUfOlL,-0.0013
UfTtUtOtU,-0.0013
UfTtUtOfT,-0.0013
UfTtUtOfU,-0.0013
UfTtUtOlL,-0.0013
TtUfRtUfO,-0.0013
TtUfOtUfR,-0.0013
TtUfOtUfO,-0.0013
TtUfOtUtO,-0.0013
TtUfOfTtU,-0.0013
TtUfOfUfR,-0.0013
TtUfOfUfO,-0.0013
TtUfOfUtO,-0.0013
TtUfTtUfO,-0.0013
TtUtOtUfR,-0.0013
TtUtOtUfO,-0.0013
TtUtOtUtO,-0.0013
TtUtOfTtU,-0.0013
TtUtOfUfR,-0.0013
TtUtOfUfO,-0.0013
TtUtOfUtO,-0.0013
RtUfOtUfR,-0.0013
RtUfOtUfO,-0.0013
RtUfOtUtO,-0.0013
RtUfOfTtU,-0.0013
RtUfOfUfR,-0.0013
RtUfOfUfO,-0.0013
RtUfOfUtO,-0.0013
RtUfTtUfO,-0.0013
RtUtOtUfO,-0.0013
RtUtOfTtU,-0.0013
RtUtOfUfO,-0.0013
UtOtUfRfT,-0.0013
UtOtUfOtU,-0.0013
UtOtUfOfT,-0.0013
UtOtUfOfU,-0.0013
UtOtUfOlL,-0.0013
UtOtUfTtU,-0.0013
UtOtUtOlL,-0.0013
UtOfTtUfR,-0.0013
UtOfTtUfO,-0.0013
UtOfTtUtO,-0.0013
UtOfUfRfT,-0.0013
UtOfUfOtU,-0.0013
UtOfUfOfT,-0.0013
UtOfUfOfU,-0.0013
UtOfUfOlL,-0.0013
UtOfUfTtU,-0.0013
UtOfUtOlL,-0.0013
UfRtUfOtUfR,-0.0013
UfRtUfOtUfO,-0.0013
UfRtUfOtUtO,-0.0013
UfRtUfOfTtU,-0.0013
UfRtUfOfUfR,-0.0013
UfRtUfOfUfO,-0.0013
UfRtUfOfUtO,-0.0013
UfRtUfTtUfO,-0.0013
UfRtUtOtUfO,-0.0013
UfRtUtOfTtU,-0.0013
UfRtUtOfUfO,-0.0013
UfOtUfRtUfR,-0.0013
UfOtUfRtUfO,-0.0013
UfOtUfRtUtO,-0.0013
UfOtUfOtUfR,-0.0013
UfOtUfOtUfO,-0.0013
UfOtUfOtUtO,-0.0013
UfOtUfOfTtU,-0.0013
UfOtUfOfUfR,-0.0013
UfOtUfOfUfO,-0.0013
UfOtUfOfUtO,-0.0013
UfOtUfTtUfR,-0.0013
UfOtUfTtUfO,-0.0013
UfOtUfTtUtO,-0.0013
UfOtUtOtUfR,-0.0013
UfOtUtOtUfO,-0.0013
UfOtUtOtUtO,-0.0013
UfOtUtOfTtU,-0.0013
UfOtUtOfUfR,-0.0013
UfOtUtOfUfO,-0.0013
UfOtUtOfUtO,-0.0013
UfOfTtUfRfT,-0.0013
UfOfTtUfRtU,-0.0013
UfOfTtUfRlL,-0.0013
UfOfTtUfOtU,-0.0013
UfOfTtUfOfT,-0.0013
UfOfTtUfOfU,-0.0013
UfOfTtUfOlL,-0.0013
UfOfTtUfTtU,-0.0013
UfOfTtUtOtU,-0.0013
UfOfTtUtOfT,-0.0013
UfOfTtUtOfU,-0.0013
UfOfTtUtOlL,-0.0013
UfOfUfRtUfR,-0.0013
UfOfUfRtUfO,-0.0013
UfOfUfRtUtO,-0.0013
UfOfUfOtUfR,-0.0013
UfOfUfOtUfO,-0.0013
UfOfUfOtUtO,-0.0013
UfOfUfOfTtU,-0.0013
UfOfUfOfUfR,-0.0013
UfOfUfOfUfO,-0.0013
UfOfUfOfUtO,-0.0013
UfOfUfTtUfR,-0.0013
UfOfUfTtUfO,-0.0013
UfOfUfTtUtO,-0.0013
UfOfUtOtUfR,-0.0013
UfOfUtOtUfO,-0.0013
UfOfUtOtUtO,-0.0013
UfOfUtOfTtU,-0.0013
UfOfUtOfUfR,-0.0013
UfOfUtOfUfO,-0.0013
UfOfUtOfUtO,-0.0013
OfTtUfRtUfR,-0.0013
OfTtUfRtUfO,-0.0013
OfTtUfRtUtO,-0.0013
OfTtUfOtUfR,-0.0013
OfTtUfOtUfO,-0.0013
OfTtUfOtUtO,-0.0013
OfTtUfOfTtU,-0.0013
OfTtUfOfUfR,-0.0013
OfTtUfOfUfO,-0.0013
OfTtUfOfUtO,-0.0013
OfTtUfTtUfR,-0.0013
OfTtUfTtUfO,-0.0013
OfTtUfTtUtO,-0.0013
OfTtUtOtUfR,-0.0013
OfTtUtOtUfO,-0.0013
OfTtUtOtUtO,-0.0013
OfTtUtOfTtU,-0.0013
OfTtUtOfUfR,-0.0013
OfTtUtOfUfO,-0.0013
OfTtUtOfUtO,-0.0013
OfUfRtUfRfT,-0.0013
OfUfRtUfOtU,-0.0013
OfUfRtUfOfT,-0.0013
OfUfRtUfOfU,-0.0013
OfUfRtUfOlL,-0.0013
OfUfRtUtOlL,-0.0013
OfUfOtUfRfT,-0.0013
OfUfOtUfRtU,-0.0013
OfUfOtUfRlL,-0.0013
OfUfOtUfOtU,-0.0013
OfUfOtUfOfT,-0.0013
OfUfOtUfOfU,-0.0013
OfUfOtUfOlL,-0.0013
OfUfOtUfTtU,-0.0013
OfUfOtUtOtU,-0.0013
OfUfOtUtOfT,-0.0013
OfUfOtUtOfU,-0.0013
OfUfOtUtOlL,-0.0013
OfUfOfTtUfR,-0.0013
OfUfOfTtUfO,-0.0013
OfUfOfTtUtO,-0.0013
OfUfOfUfRfT,-0.0013
OfUfOfUfRtU,-0.0013
OfUfOfUfRlL,-0.0013
OfUfOfUfOtU,-0.0013
OfUfOfUfOfT,-0.0013
OfUfOfUfOfU,-0.0013
OfUfOfUfOlL,-0.0013
OfUfOfUfTtU,-0.0013
OfUfOfUtOtU,-0.0013
OfUfOfUtOfT,-0.0013
OfUfOfUtOfU,-0.0013
OfUfOfUtOlL,-0.0013
OfUfTtUfRfT,-0.0013
OfUfTtUfOtU,-0.0013
OfUfTtUfOfT,-0.0013
OfUfTtUfOfU,-0.0013
OfUfTtUfOlL,-0.0013
OfUfTtUtOtU,-0.0013
OfUfTtUtOfT,-0.0013
OfUfTtUtOfU,-0.0013
OfUfTtUtOlL,-0.0013
OfUtOtUfRfT,-0.0013
OfUtOtUfOtU,-0.0013
OfUtOtUfOfT,-0.0013
OfUtOtUfOfU,-0.0013
OfUtOtUfOlL,-0.0013
OfUtOtUfTtU,-0.0013
OfUtOtUtOlL,-0.0013
OfUtOfTtUfR,-0.0013
OfUtOfTtUfO,-0.0013
OfUtOfTtUtO,-0.0013
OfUtOfUfRfT,-0.0013
OfUtOfUfOtU,-0.0013
OfUtOfUfOfT,-0.0013
OfUtOfUfOfU,-0.0013
OfUtOfUfOlL,-0.0013
OfUtOfUfTtU,-0.0013
OfUtOfUtOlL,-0.0013
UfTtUfRtUfO,-0.0013
UfTtUfOtUfR,-0.0013
UfTtUfOtUfO,-0.0013
UfTtUfOtUtO,-0.0013
UfTtUfOfTtU,-0.0013
UfTtUfOfUfR,-0.0013
UfTtUfOfUfO,-0.0013
UfTtUfOfUtO,-0.0013
UfTtUfTtUfO,-0.0013
UfTtUtOtUfR,-0.0013
UfTtUtOtUfO,-0.0013
UfTtUtOtUtO,-0.0013
UfTtUtOfTtU,-0.0013
UfTtUtOfUfR,-0.0013
UfTtUtOfUfO,-0.0013
UfTtUtOfUtO,-0.0013
TtUfRtUfRfT,-0.0013
TtUfRtUfOtU,-0.0013
TtUfRtUfOfT,-0.0013
TtUfRtUfOfU,-0.0013
TtUfRtUfOlL,-0.0013
TtUfRtUtOtU,-0.0013
TtUfRtUtOfT,-0.0013
TtUfRtUtOfU,-0.0013
TtUfRtUtOlL,-0.0013
TtUfOtUfRfT,-0.0013
TtUfOtUfRtU,-0.0013
TtUfOtUfRlL,-0.0013
TtUfOtUfOtU,-0.0013
TtUfOtUfOfT,-0.0013
TtUfOtUfOfU,-0.0013
TtUfOtUfOlL,-0.0013
TtUfOtUfTtU,-0.0013
TtUfOtUtOtU,-0.0013
TtUfOtUtOfT,-0.0013
TtUfOtUtOfU,-0.0013
TtUfOtUtOlL,-0.0013
TtUfOfTtUfR,-0.0013
TtUfOfTtUfO,-0.0013
TtUfOfTtUtO,-0.0013
TtUfOfUfRfT,-0.0013
TtUfOfUfRtU,-0.0013
TtUfOfUfRlL,-0.0013
TtUfOfUfOtU,-0.0013
TtUfOfUfOfT,-0.0013
TtUfOfUfOfU,-0.0013
TtUfOfUfOlL,-0.0013
TtUfOfUfTtU,-0.0013
TtUfOfUtOtU,-0.0013
TtUfOfUtOfT,-0.0013
TtUfOfUtOfU,-0.0013
TtUfOfUtOlL,-0.0013
TtUfTtUfRfT,-0.0013
TtUfTtUfOtU,-0.0013
TtUfTtUfOfT,-0.0013
TtUfTtUfOfU,-0.0013
TtUfTtUfOlL,-0.0013
TtUfTtUtOtU,-0.0013
TtUfTtUtOfT,-0.0013
TtUfTtUtOfU,-0.0013
TtUfTtUtOlL,-0.0013
TtUtOtUfRfT,-0.0013
TtUtOtUfRtU,-0.0013
TtUtOtUfRlL,-0.0013
TtUtOtUfOtU,-0.0013
TtUtOtUfOfT,-0.0013
TtUtOtUfOfU,-0.0013
TtUtOtUfOlL,-0.0013
TtUtOtUfTtU,-0.0013
TtUtOtUtOtU,-0.0013
TtUtOtUtOfT,-0.0013
TtUtOtUtOfU,-0.0013
TtUtOtUtOlL,-0.0013
TtUtOfTtUfR,-0.0013
TtUtOfTtUfO,-0.0013
TtUtOfTtUtO,-0.0013
TtUtOfUfRfT,-0.0013
TtUtOfUfRtU,-0.0013
TtUtOfUfRlL,-0.0013
TtUtOfUfOtU,-0.0013
TtUtOfUfOfT,-0.0013
TtUtOfUfOfU,-0.0013
TtUtOfUfOlL,-0.0013
TtUtOfUfTtU,-0.0013
TtUtOfUtOtU,-0.0013
TtUtOfUtOfT,-0.0013
TtUtOfUtOfU,-0.0013
TtUtOfUtOlL,-0.0013
RtUfRtUfRfT,-0.0013
RtUfRtUfOtU,-0.0013
RtUfRtUfOfU,-0.0013
RtUfRtUfOlL,-0.0013
RtUfRtUtOlL,-0.0013
RtUfOtUfRfT,-0.0013
RtUfOtUfRtU,-0.0013
RtUfOtUfRlL,-0.0013
RtUfOtUfOtU,-0.0013
RtUfOtUfOfT,-0.0013
RtUfOtUfOfU,-0.0013
RtUfOtUfOlL,-0.0013
RtUfOtUfTtU,-0.0013
RtUfOtUtOtU,-0.0013
RtUfOtUtOfT,-0.0013
RtUfOtUtOfU,-0.0013
RtUfOtUtOlL,-0.0013
RtUfOfTtUfR,-0.0013
RtUfOfTtUfO,-0.0013
RtUfOfTtUtO,-0.0013
RtUfOfUfRfT,-0.0013
RtUfOfUfRtU,-0.0013
RtUfOfUfRlL,-0.0013
RtUfOfUfOtU,-0.0013
RtUfOfUfOfT,-0.0013
RtUfOfUfOfU,-0.0013
RtUfOfUfOlL,-0.0013
RtUfOfUfTtU,-0.0013
RtUfOfUtOtU,-0.0013
RtUfOfUtOfT,-0.0013
RtUfOfUtOfU,-0.0013
RtUfOfUtOlL,-0.0013
RtUfTtUfRfT,-0.0013
RtUfTtUfOtU,-0.0013
RtUfTtUfOfT,-0.0013
RtUfTtUfOfU,-0.0013
RtUfTtUfOlL,-0.0013
RtUfTtUtOtU,-0.0013
RtUfTtUtOfT,-0.0013
RtUfTtUtOfU,-0.0013
RtUfTtUtOlL,-0.0013
RtUtOtUfRfT,-0.0013
RtUtOtUfOtU,-0.0013
RtUtOtUfOfT,-0.0013
RtUtOtUfOfU,-0.0013
RtUtOtUfOlL,-0.0013
RtUtOtUfTtU,-0.0013
RtUtOtUtOlL,-0.0013
RtUtOfTtUfR,-0.0013
RtUtOfTtUfO,-0.0013
RtUtOfTtUtO,-0.0013
RtUtOfUfRfT,-0.0013
RtUtOfUfOtU,-0.0013
RtUtOfUfOfT,-0.0013
RtUtOfUfOfU,-0.0013
RtUtOfUfOlL,-0.0013
RtUtOfUfTtU,-0.0013
RtUtOfUtOlL,-0.0013
UtOtUfRtUfO,-0.0013
UtOtUfOtUfR,-0.0013
UtOtUfOtUfO,-0.0013
UtOtUfOtUtO,-0.0013
UtOtUfOfTtU,-0.0013
UtOtUfOfUfR,-0.0013
UtOtUfOfUfO,-0.0013
UtOtUfOfUtO,-0.0013
UtOtUfTtUfR,-0.0013
UtOtUfTtUfO,-0.0013
UtOtUfTtUtO,-0.0013
UtOtUtOtUfO,-0.0013
UtOtUtOfTtU,-0.0013
UtOtUtOfUfO,-0.0013
UtOfTtUfRfT,-0.0013
UtOfTtUfRtU,-0.0013
UtOfTtUfRlL,-0.0013
UtOfTtUfOtU,-0.0013
UtOfTtUfOfT,-0.0013
UtOfTtUfOfU,-0.0013
UtOfTtUfOlL,-0.0013
UtOfTtUfTtU,-0.0013
UtOfTtUtOtU,-0.0013
UtOfTtUtOfT,-0.0013
UtOfTtUtOfU,-0.0013
UtOfTtUtOlL,-0.0013
UtOfUfRtUfO,-0.0013
UtOfUfOtUfR,-0.0013
UtOfUfOtUfO,-0.0013
UtOfUfOtUtO,-0.0013
UtOfUfOfTtU,-0.0013
UtOfUfOfUfR,-0.0013
UtOfUfOfUfO,-0.0013
UtOfUfOfUtO,-0.0013
UtOfUfTtUfR,-0.0013
UtOfUfTtUfO,-0.0013
UtOfUfTtUtO,-0.0013
UtOfUtOtUfO,-0.0013
UtOfUtOfTtU,-0.0013
UtOfUtOfUfO,-0.0013
UaRfO,-0.0013
UaRfOtR,-0.0013
UaRfOlL,-0.0013
UaRtOtR,-0.0013
UaRtOlL,-0.0013
UaRfOtRfO,-0.0013
UaRtOtRfO,-0.0013
UaRfOtRfOtR,-0.0013
UaRfOtRfOlL,-0.0013
UaRfOtRtOtR,-0.0013
UaRfOtRtOlL,-0.0013
UaRtOtRfOtR,-0.0013
UaRtOtRfOlL,-0.0013
UaRtOtRtOtR,-0.0013
UaRtOtRtOlL,-0.0013
OfRtO,-0.0013
OtOfRtO,-0.0013
OfOtOfRtO,-0.0013
OtOtOfRtO,-0.0013
OtOfOtOfRtO,-0.0013
OtOtOtOfRtO,-0.0013
OtRtU,-0.0013
UtOtTfO,-0.0013
OtTtTfO,-0.0013
TtTtTfO,-0.0013
UtOtTtTfO,-0.0013
OtTtTtTfO,-0.0013
OfTtTtTfO,-0.0013
TtTtOtTfO,-0.0013
TtOtTtTfO,-0.0013
UtOtTtTtTfO,-0.0013
UtOfTtTtTfO,-0.0013
UtOfTtOtTfO,-0.0013
OfTtTtOtTfO,-0.0013
OfTtOtTtTfO,-0.0013
TtTtTtOtTfO,-0.0013
TtTtOtTtTfO,-0.0013
TtOtTtTtTfO,-0.0013
TtOfTtTtTfO,-0.0013
TfRfO,-0.0013
OfTfR,-0.0013
UxTfRfO,-0.0013
TfRfOfT,-0.0013
TfRfOtO,-0.0013
TfRtOfT,-0.0013
TfRtOtO,-0.0013
RfOfTfR,-0.0013
OfTfRfO,-0.0013
UtRfOtO,-0.0013
UtRtOtO,-0.0013
RtOfTfR,-0.0013
UxTfRfOfT,-0.0013
UxTfRfOtO,-0.0013
UxTfRtOfT,-0.0013
UxTfRtOtO,-0.0013
TfRfOfTfR,-0.0013
TfRtOfTfR,-0.0013
RfOfTfRfO,-0.0013
OfTfRfOfT,-0.0013
OfTfRfOtO,-0.0013
OfTfRtOfT,-0.0013
OfTfRtOtO,-0.0013
UtRfOfTfR,-0.0013
UtRtOfTfR,-0.0013
RtOfTfRfO,-0.0013
UxTfRfOfTfR,-0.0013
UxTfRtOfTfR,-0.0013
TfRfOfTfRfO,-0.0013
TfRtOfTfRfO,-0.0013
RfOfTfRfOfT,-0.0013
RfOfTfRfOtO,-0.0013
RfOfTfRtOfT,-0.0013
RfOfTfRtOtO,-0.0013
OfTfRfOfTfR,-0.0013
OfTfRtOfTfR,-0.0013
UtRfOfTfRfO,-0.0013
UtRtOfTfRfO,-0.0013
RtOfTfRfOfT,-0.0013
RtOfTfRfOtO,-0.0013
RtOfTfRtOfT,-0.0013
RtOfTfRtOtO,-0.0013
UxOtR,-0.0013
UxOlL,-0.0013
UxOtRfT,-0.0013
OtOfOtOtU,-0.0012
OfOtOtOtOtU,-0.0012
OfOtOtOtO,0.0008
OtOtOtOfO,0.0003
OfOtOtOfOtO,0.0002
OtOtOtOtOtU,0.0002
OtUtOtUfTlL,0.0002
OtUtOtUfT,0.0001
OfOfOtOtU,0.0001
