bridge,tx_hash,true_label,fold_1,fold_1_score,fold_2,fold_2_score,fold_3,fold_3_score,fold_4,fold_4_score,fold_5,fold_5_score
nomad,0xf19c95622b7f6c4c00ebba8cd9928e7a882c41507026955e86084a362532218c,0,0,0.044958774000406265,0,0.0025364235043525696,0,0.0031144919339567423,0,0.03912423178553581,0,0.11744694411754608
nomad,0x793062a4d1e7378d7e361f4ee3fe7c48173816547b00bea70e77354840599343,0,0,0.04454299807548523,0,0.0025123402010649443,0,0.003308555344119668,0,0.03855601325631142,0,0.12239473313093185
nomad,0xd39f5c81cdb79670a169f970f2075663aeadf20a0223d7bc2534a6809ed5cc78,0,0,0.11979358643293381,0,0.09222415089607239,0,0.0016614925116300583,0,0.009672192856669426,0,0.14812828600406647
nomad,0xa0798526dd05a8a41d9a99c02b0c8696c34ec5328b34039dba86988e05759e22,0,0,0.07758551836013794,0,0.05423183739185333,0,0.11937236785888672,0,0.25857406854629517,0,0.024643640965223312
nomad,0xe81c0f4838ca7182066a0aee56c92001d6f4dc14c69691e5089e0403fa4db5b8,0,0,0.12380038946866989,0,0.10764233767986298,0,0.0026350407861173153,0,0.008336743339896202,0,0.14778898656368256
nomad,0xd5c0f3286886eaea6fb905e458a43eeb98ae673e78b051126cfe67217295c0f5,0,0,0.12096283584833145,0,0.0930083841085434,0,0.0017398516647517681,0,0.009701218456029892,0,0.1458658128976822
nomad,0x4580eed6508c1f24d1942159465c362c9e737c7791e69e60e75f0f933f72ead5,0,0,0.12096283584833145,0,0.0930083841085434,0,0.0017398516647517681,0,0.009701218456029892,0,0.1458658128976822
nomad,0xe4bd62fbb600d5c7f83fe056d79ce8ac8c5ded121757b0a537c70c1573cb46a4,0,0,0.12096283584833145,0,0.0930083841085434,0,0.0017398516647517681,0,0.009701218456029892,0,0.1458658128976822
nomad,0x67dcabb4cc4ce04f58a974ab32b6c12fa827555fd1ee67d222ca5773c4a803b3,0,0,0.12381389737129211,0,0.10762955248355865,0,0.0026348703540861607,0,0.008336437866091728,0,0.14780159294605255
nomad,0x3810c42479c4d5fe8164436e2b5d1e5b7836c6f183e29e18e6381433a1a1fde9,0,0,0.12376005947589874,0,0.10767945647239685,0,0.0026355127338320017,0,0.008337614126503468,0,0.14775271713733673
nomad,0xaba2e024dc6337766f3b5d823ed2b956a1c8cb4a1164fc404c56a71162139c3c,0,0,0.04452458769083023,0,0.0025130705907940865,0,0.0033065301831811666,0,0.03856759890913963,0,0.12239818274974823
nomad,0x396148325dfbb736db390807a383a3f72f0e07d0636f16253372f811d2da19c7,0,0,0.07759110629558563,0,0.054237622767686844,0,0.11935137957334518,0,0.2585831880569458,0,0.024643614888191223
nomad,0x546c3b04a0095b7cde6770413d41cdb256194bb8a81dbbbf07634cf57a12fb3d,0,0,0.1238197386264801,0,0.10762406885623932,0,0.002634800039231777,0,0.008336301892995834,0,0.14780697226524353
nomad,0x2b6f609bcaa567fa108f79c6f32f22750c37334895203013c253997e5ae6c0b7,0,0,0.12095228582620621,0,0.09301566332578659,0,0.001740047475323081,0,0.009702382609248161,0,0.1458602249622345
nomad,0x67e4e3787f6b5b7bc754f48504e413bd60a4a66cd5a50b1c0262f47e9e9dfb8c,0,0,0.12094750255346298,0,0.09301911294460297,0,0.00174014235381037,0,0.009702909737825394,0,0.14585784077644348
nomad,0xa6f696f7b4116f3c318e298d416e8a2b9d2d9ae3bac67b1f408c1d7a826bba5b,0,0,0.12380621582269669,0,0.10763685405254364,0,0.0026349660474807024,0,0.00833660364151001,0,0.14779438078403473
nomad,0xaec8026bf25e56e9b6fcdfbcaa5e74cfb575413035cc88317055841da981fabf,0,0,0.12096108496189117,0,0.09300953894853592,0,0.0017398794880136847,0,0.009701421484351158,0,0.14586496353149414
nomad,0x8a06aee1be47af057a02c3095d157b7daf0e6d7bffa2b74f1eb653730441b65c,0,0,0.059007517993450165,0,0.0022324509918689728,0,0.0028205672279000282,0,0.047221846878528595,0,0.06748577207326889
nomad,0x18a6b4f5eaac97fcba88ec40ad8a937f4a607bb05c291c3e57f4fa1833c3b9ea,0,0,0.12093695253133774,0,0.09302632510662079,0,0.0017403403762727976,0,0.009704062715172768,0,0.1458522230386734
nomad,0x32bfb8fe72567326f2f926467b58b1e5c47b5d856b5a35722dfafb9507cc6eda,0,0,0.12380621582269669,0,0.10763685405254364,0,0.0026349660474807024,0,0.00833660364151001,0,0.14779438078403473
nomad,0xac7cadc8d2b3967a4866f6a8c5f7903a8634c9fdfd0a5edc14eb9a9201635097,0,0,0.07758475840091705,0,0.05423107370734215,0,0.11937510222196579,0,0.2585729956626892,0,0.02464365027844906
nomad,0x6099cae325bdaee712802e80d7273b65728c390dc0f90ba82dd42d9e882c973a,0,0,0.12093695253133774,0,0.09302632510662079,0,0.0017403403762727976,0,0.009704062715172768,0,0.1458522230386734
nomad,0x1f4d28627da94a4569fc2294c1e4cbda1e8f34fb3e97db2a833534b0d6731d5f,0,0,0.11991939693689346,0,0.09215550124645233,0,0.001659566187299788,0,0.00966127309948206,0,0.14818629622459412
nomad,0xd4f22dc5978df9dcac20a268bae473a44fa450a4e27bbdf7e5cfa99720fa3418,0,0,0.07758530974388123,0,0.05423162877559662,0,0.1193731352686882,0,0.25857383012771606,0,0.02464364841580391
nomad,0x8d53e6ccdacac4dda2665053116b0cbd53fc2b13c37f672b17c8b0ce10e74623,0,0,0.12094086408615112,0,0.09302366524934769,0,0.0017402685480192304,0,0.009703620336949825,0,0.14585435390472412
nomad,0x459f8c6643f0d2f8f8d3ace3a160e9c901423713e002e6d216f2b98e1d2fccf0,0,0,0.07758530974388123,0,0.05423162877559662,0,0.1193731352686882,0,0.25857383012771606,0,0.02464364841580391
nomad,0x8ae98b16cccbea9dfcdf55b0ea907c346e67e89f9fc40a0a9041d64379ffd9ed,0,0,0.12094086408615112,0,0.09302366524934769,0,0.0017402685480192304,0,0.009703620336949825,0,0.14585435390472412
nomad,0x9940b9d013b2d45a4e07534bb6fc12705919f744158d87a5de65613423f51325,0,0,0.12383897602558136,0,0.10760558396577835,0,0.002634563948959112,0,0.00833587534725666,0,0.14782506227493286
nomad,0x2118851b8851f54a5a24364bb5fd4b4f00324c0154ccd43be2171cfa90d9ecd2,0,0,0.12094086408615112,0,0.09302366524934769,0,0.0017402685480192304,0,0.009703620336949825,0,0.14585435390472412
nomad,0xfad1163f38aa3262abe0953f8399f3fac13cf156b0fc8cdb3f86a148c3329774,0,0,0.12094086408615112,0,0.09302366524934769,0,0.0017402685480192304,0,0.009703620336949825,0,0.14585435390472412
nomad,0x621312c3ba84d1021029ee3cd5d274901fa070d0fa8bf0c80d0950fca244fa5b,0,0,0.12094086408615112,0,0.09302366524934769,0,0.0017402685480192304,0,0.009703620336949825,0,0.14585435390472412
nomad,0x001dbdef19f6538b675b97576ac64f196fcba9b1d5cea61297b47cfebd709543,0,0,0.04496374353766441,0,0.0025361974257975817,0,0.0031149352435022593,0,0.03912120684981346,0,0.11744397133588791
nomad,0x189b69a44a7653d349dc162585a5ca985fb6d25b0c82a6f0172fc2adfb4e37ac,0,0,0.12094086408615112,0,0.09302366524934769,0,0.0017402685480192304,0,0.009703620336949825,0,0.14585435390472412
nomad,0x4c48977e6bbfbb5ff5cecb8a6822c102981274eba81be202fb1d37752de28ee6,0,0,0.07784378528594971,0,0.0540815033018589,0,0.1216752901673317,0,0.2583807408809662,0,0.025683283805847168
nomad,0xea19599a5013702f7113b7aa005293ede1e9440056cafff0f4d6b7be3b6c36af,0,0,0.11981238424777985,0,0.09221389144659042,0,0.0016611894825473428,0,0.009670568630099297,0,0.1481354832649231
nomad,0xdb2b8eb6ff900f964934644f07dc9607d5c1dcb9baa2412c25b0b4b9ee82949e,0,0,0.04431190714240074,0,0.002331067342311144,0,0.0030547380447387695,0,0.037207890301942825,0,0.11963824927806854
nomad,0xc414af13abfa58854004be1dbca468ecac86201f0bea894d88d2c62f82d152dc,0,0,0.07758326083421707,0,0.05422953516244888,0,0.11938076466321945,0,0.2585705518722534,0,0.024643676355481148
nomad,0x5cde905e149069a031e84d52e8bab322e6073c7f4cbc72e0bcf01c95e656d8a7,0,0,0.12094750255346298,0,0.09301911294460297,0,0.00174014235381037,0,0.009702909737825394,0,0.14585784077644348
nomad,0xc7ccca220ac9a6b99c63c1cee89201466e50b69af56e6bc44e43b132de40e9e6,0,0,0.04494968801736832,0,0.0025368593633174896,0,0.0031136658508330584,0,0.039129771292209625,0,0.11745255440473557
nomad,0xac06a800aee24f388e21c787b3d41a59408d6d7172383cc978affffd36351f35,0,0,0.077584408223629,0,0.054230738431215286,0,0.11937645822763443,0,0.2585723400115967,0,0.024643657729029655
nomad,0x81dcee06759c3dfe8215fac9de8edb0fdc73f617719d474d491348fe9d545048,0,0,0.12377043068408966,0,0.10767002403736115,0,0.0026353958528488874,0,0.00833739060908556,0,0.14776195585727692
nomad,0x6dd6bd13be4b279a8d48fe06b76cc35fa1f7f30b13e1f49e47540e9231e0c26a,0,0,0.04494898021221161,0,0.0025368835777044296,0,0.003113594837486744,0,0.03913015127182007,0,0.11745302379131317
nomad,0xed48e95402f83ff851a1dc06c2473e794dd8186a81f0903d740c440b4296cbd2,0,0,0.12094086408615112,0,0.09302366524934769,0,0.0017402685480192304,0,0.009703620336949825,0,0.14585435390472412
nomad,0xf0728ba1e8d30ffcc81ab504c9942aa229488c9a7f7ee735b2d2d40ead259216,0,0,0.120984748005867,0,0.09299316257238388,0,0.0017394411843270063,0,0.009698829613626003,0,0.14587749540805817
nomad,0xa257014da6616108836faaf44fb8b6bc79aa5977f174847b3b606a5965728a8b,0,0,0.1238197386264801,0,0.10762406885623932,0,0.002634800039231777,0,0.008336301892995834,0,0.14780697226524353
nomad,0xb7ccf367f97682b1b9d07f690f4274ae20fc93cfa91fb43239075c529dae9c75,0,0,0.04453182592988014,0,0.0025127893313765526,0,0.0033073122613132,0,0.038563039153814316,0,0.1223967969417572
nomad,0x0654bb64dfd7141f26850fe3a259f759fc83abe3f8c0c099eccba990e7051dfd,0,0,0.12094086408615112,0,0.09302366524934769,0,0.0017402685480192304,0,0.009703620336949825,0,0.14585435390472412
nomad,0xcf7d20b0f467e22e93a350f496582f1999d9ca3fccf85afaa67ea76641c3ec20,0,0,0.04494849592447281,0,0.0025369180366396904,0,0.0031135552562773228,0,0.039130378514528275,0,0.11745331436395645
nomad,0x2b4ec03817a0b7757af0d12ac0cf9e598462b6ef73013d5a3f455fd676ede247,0,0,0.12287899851799011,0,0.10600346326828003,0,0.002584043424576521,0,0.008367329835891724,0,0.15039826929569244
nomad,0x2a64c9896d023f7e717c3a85b752f6852f25571e2b6d776aac588a387f8f1bd2,0,0,0.12094086408615112,0,0.09302366524934769,0,0.0017402685480192304,0,0.009703620336949825,0,0.14585435390472412
nomad,0x499d0e257f79f81a318ca04558fa79c7fae83b403a0eb522faad6cee346dafc6,0,0,0.11975062638521194,0,0.09224678575992584,0,0.001662144553847611,0,0.009675804525613785,0,0.14811208844184875
nomad,0xc36b166c942fb7966fab06192bfa00a2758728b927b5856727f268ceae2d100b,0,0,0.04451892524957657,0,0.0025132964365184307,0,0.003305892925709486,0,0.03857111185789108,0,0.12239918112754822
nomad,0x79b68095a17bb105549fa8b9f8b4e5eae88e135ec3ced0283b56f37c6253a55d,0,0,0.12385815382003784,0,0.10758724808692932,0,0.002634325996041298,0,0.00833542924374342,0,0.14784328639507294
nomad,0x8cc0b2c1ef363865bbfeb3842dddf41841693a7798f91a73901a854596cf19e7,0,0,0.04495221748948097,0,0.0025367336347699165,0,0.0031138828489929438,0,0.0391281321644783,0,0.11745107173919678
nomad,0x80b5d3f8d734f29e966e8061a087848e8743b7fd069a4179a14238a089e9cd82,0,0,0.12377075850963593,0,0.10766979306936264,0,0.0026353891007602215,0,0.008337385952472687,0,0.14776216447353363
nomad,0x0d63f2999b60aa618173ebec58f5310c4ff02bee7db134661003073998b8857c,0,0,0.12377075850963593,0,0.10766979306936264,0,0.0026353891007602215,0,0.008337385952472687,0,0.14776216447353363
nomad,0x27355f4dbcdc3d25abf751f47ed06c998ad826bfb3f58a38243d9d81fa58e40f,0,0,0.04499492794275284,0,0.0025347277987748384,0,0.003117748536169529,0,0.03910253569483757,0,0.1174241453409195
nomad,0x7f0a393a5f9c8baa440d5b74c3906cf65905e23906dcd300de5511f776b633ee,0,0,0.12096492946147919,0,0.09300698339939117,0,0.0017398131312802434,0,0.009700996801257133,0,0.1458670049905777
nomad,0x18935c37bb8eac7946a28dc739fdd96acb2b93c1fd2cdb70a240598b32ef503b,0,0,0.04495031386613846,0,0.0025368265341967344,0,0.003113713813945651,0,0.0391293428838253,0,0.1174522265791893
nomad,0xeb5f57b03d01f67f027a6da4e3af8e4743023504c7b2c300a3f56528e079cd83,0,0,0.12096492946147919,0,0.09300698339939117,0,0.0017398131312802434,0,0.009700996801257133,0,0.1458670049905777
nomad,0x9e664e4fa9a528a6f872fbd5b7d5a958deb5ab30245c92a95f40e73fd9426941,0,0,0.12096492946147919,0,0.09300698339939117,0,0.0017398131312802434,0,0.009700996801257133,0,0.1458670049905777
nomad,0x199e6eca791e6e56d1133ce2a4fe4c06f86326fb1d7cd8d00ec4c0e468a86ebd,0,0,0.07784278690814972,0,0.05408051237463951,0,0.12167985737323761,0,0.25837820768356323,0,0.025683628395199776
nomad,0x15ffe69c3578121e8f81bd536e69b08cc7dcc0a9fd62ea49a0c69b3e4cafd221,0,0,0.12096492946147919,0,0.09300698339939117,0,0.0017398131312802434,0,0.009700996801257133,0,0.1458670049905777
nomad,0x2aa54e2e69b81df0b9c6b44c9925cc8a87a9d080df751f6590a4c166c5886d1d,0,0,0.044954992830753326,0,0.002536608837544918,0,0.0031141526997089386,0,0.039126500487327576,0,0.1174493357539177
nomad,0xdcae77f73cad86086ff4205bd608bc08d838c960b0d50a6a2c4806337f10466f,0,0,0.12096492946147919,0,0.09300698339939117,0,0.0017398131312802434,0,0.009700996801257133,0,0.1458670049905777
nomad,0xf5b88585a0c97b685cf9c9eb0eda8756605711537606f3ad0c8b922e8ed5e8d2,0,0,0.0778430849313736,0,0.0540807843208313,0,0.12167839705944061,0,0.2583790123462677,0,0.025683511048555374
nomad,0x05e4088662db600ea8f5e8b736d0e7e12db12a8f105ea09cdedaa3750df6dfc3,0,0,0.12096492946147919,0,0.09300698339939117,0,0.0017398131312802434,0,0.009700996801257133,0,0.1458670049905777
nomad,0xfad432af17b7fe1268d253004de54fa14692fac625fe7adf9c4bdfdf877e8c2d,0,0,0.04496293514966965,0,0.0025362446904182434,0,0.0031148591078817844,0,0.039121732115745544,0,0.11744444072246552
nomad,0xdc65ed77c26a2eb45cbba47058b9181e46d81fc100daeecdb7869e682d200429,0,0,0.12096492946147919,0,0.09300698339939117,0,0.0017398131312802434,0,0.009700996801257133,0,0.1458670049905777
nomad,0x1fe6495133405400a27247031d9ef19e903f12d7a0cd2ec2dc51fb30d94f2661,0,0,0.12096492946147919,0,0.09300698339939117,0,0.0017398131312802434,0,0.009700996801257133,0,0.1458670049905777
nomad,0x6fb254f1d2e5bae76b0dfad90792680b611fba9c28d799f2adf9754225dd7072,0,0,0.12096492946147919,0,0.09300698339939117,0,0.0017398131312802434,0,0.009700996801257133,0,0.1458670049905777
nomad,0x0c91067607f7eec1449c5d025fc9bb9af58f83a8e4f735e67b90c0aa801a922b,0,0,0.04496784508228302,0,0.0025359985884279013,0,0.003115311497822404,0,0.03911883383989334,0,0.117441326379776
nomad,0xa7fb6affd86d5863ffab1d6c86b6255f4fee8cd370a43155e58acf15629dd764,0,0,0.12095228582620621,0,0.09301566332578659,0,0.001740047475323081,0,0.009702382609248161,0,0.1458602249622345
nomad,0xcba9418a72ccb283674cb53709ca9a5462103ac1bd260e912fa1de41fccd4a02,0,0,0.12093695253133774,0,0.09302632510662079,0,0.0017403403762727976,0,0.009704062715172768,0,0.1458522230386734
nomad,0xf5b92e11aeb083096d6cb5eec797526e4e883ea6f026d23fae4817f8b71274a1,0,0,0.12096283584833145,0,0.0930083841085434,0,0.0017398516647517681,0,0.009701218456029892,0,0.1458658128976822
nomad,0x112429f5281282f548e2d2d4446b6aa9b0986ecfef6204d738e8bdc3d1f1059f,0,0,0.04495388641953468,0,0.002536654705181718,0,0.0031140376813709736,0,0.0391271635890007,0,0.11745019257068634
nomad,0x597473952cdce751012c077dd04563b28ddd5f38c390e828731197a425d34de7,0,0,0.12377075850963593,0,0.10766979306936264,0,0.0026353891007602215,0,0.008337385952472687,0,0.14776216447353363
nomad,0x8f620eafe54422b4b64ff6e37514ae8074fbb844d4b80aac42c331c7f27e5b8f,0,0,0.120984748005867,0,0.09299316257238388,0,0.0017394411843270063,0,0.009698829613626003,0,0.14587749540805817
nomad,0x97e2014719e27763ba9bccb74995a718a9346ad917acddffbeacb87a8571ff6f,0,0,0.07759127020835876,0,0.05423775315284729,0,0.11935091018676758,0,0.25858354568481445,0,0.02464362233877182
nomad,0xbd00a31d65646c4fc6ca4158296cf3c348c6d59f976916c9275832e773e7d3bf,0,0,0.04495339095592499,0,0.0025366724003106356,0,0.0031139918137341738,0,0.039127424359321594,0,0.1174502968788147
nomad,0xd62cdd3ced8ec1d17f7edaf9e9d4dfa2ff23db3914a531926e9efed25e286ac4,0,0,0.12094086408615112,0,0.09302366524934769,0,0.0017402685480192304,0,0.009703620336949825,0,0.14585435390472412
nomad,0x04138e023f25527c4b03c766f17c81bcdf1ad6b58ef52415d8c64d49ce1834ca,0,0,0.07759121060371399,0,0.05423776060342789,0,0.11935102939605713,0,0.2585834860801697,0,0.02464362233877182
nomad,0x636b95e6eddee23a278bedecddb8e2113d3a4c3c74b65c26210aebad439f5f5e,0,0,0.12284315377473831,0,0.10603861510753632,0,0.0025844876654446125,0,0.008368337526917458,0,0.1503695845603943
nomad,0x50bb515bac5ea264337a931735b9cf79a4737fc0b709bbd0e3babe51e0e545db,0,0,0.12380038946866989,0,0.10764233767986298,0,0.0026350407861173153,0,0.008336743339896202,0,0.14778898656368256
nomad,0xe0b2c96bdfbc51c22f3cd28e001e9ae77d7a0d01405db8eb8ef241de82b0fecf,0,0,0.04454448074102402,0,0.0025122761726379395,0,0.0033087304327636957,0,0.0385550893843174,0,0.12239428609609604
nomad,0xa1808b92cf8e019164bb3a71090df567cf6d9b0ba64856850d4d160db5cfaacf,0,0,0.04495221748948097,0,0.0025367336347699165,0,0.0031138828489929438,0,0.0391281321644783,0,0.11745107173919678
nomad,0xcc786d7e0ccde49e7cee2031f4354738ec9b643f868f2c1e14e5ba5c1925987a,0,0,0.12284274399280548,0,0.10603894293308258,0,0.0025844923220574856,0,0.008368351496756077,0,0.1503690779209137
nomad,0xf7cc60c470feeab36b877280589cd103d8f6ec17d84f0f839a8a52c1854970cc,0,0,0.1238197386264801,0,0.10762406885623932,0,0.002634800039231777,0,0.008336301892995834,0,0.14780697226524353
nomad,0x77a4a0e52e5275ea1b0315b6628c5fec3ac19bcb23cc2707a96f341255c3654c,0,0,0.04495339095592499,0,0.0025366724003106356,0,0.0031139918137341738,0,0.039127424359321594,0,0.1174502968788147
nomad,0xa4e7a3019c50075a7950ebb526d06015a0126c7a271cf6902a3cabcb87cf75db,0,0,0.12380038946866989,0,0.10764233767986298,0,0.0026350407861173153,0,0.008336743339896202,0,0.14778898656368256
nomad,0x103998fc817b40dec3496e9137f278512a9e0112da9bf894c807a2aedabf62b8,0,0,0.04499492794275284,0,0.0025347277987748384,0,0.003117748536169529,0,0.03910253569483757,0,0.1174241453409195
nomad,0xd8a24335c4345cc5381f02731426fa72a466e0e933cb3c241ee91fa8a8dbe8ac,0,0,0.12096283584833145,0,0.0930083841085434,0,0.0017398516647517681,0,0.009701218456029892,0,0.1458658128976822
nomad,0x384f094ae4fe5622ff1ed8e77361c31d233d54026108f422d1f06b392c6ccee2,0,0,0.12094086408615112,0,0.09302366524934769,0,0.0017402685480192304,0,0.009703620336949825,0,0.14585435390472412
nomad,0x530086f3e57e2b8c19c5f0136657653b2dc908a052feea83c845c207eebfd28a,0,0,0.04495339095592499,0,0.0025366724003106356,0,0.0031139918137341738,0,0.039127424359321594,0,0.1174502968788147
nomad,0xb06f7ff33bdb2c087134990c3416098daef72944a0ba6d36b68b0867cacf52a5,0,0,0.12288990616798401,0,0.10599242150783539,0,0.002583910711109638,0,0.008367029950022697,0,0.15040777623653412
nomad,0xd83cce85af7d2bd03fd531befe5ed87ade1cb9ba42f7e344b3870252b1419cdf,0,0,0.1209324449300766,0,0.0930294319987297,0,0.0017404214013367891,0,0.00970454327762127,0,0.14584986865520477
nomad,0x6b21ce2cd61e982182fc7e3bc933c730c8174b2b96a7f4789f07e386bc714ba8,0,0,0.04495339095592499,0,0.0025366724003106356,0,0.0031139918137341738,0,0.039127424359321594,0,0.1174502968788147
nomad,0xbc4a1d82be4958075d037bdc6b87552bf05769a0b66bc05250e41e4e3f23d7cf,0,0,0.12378033250570297,0,0.10766083002090454,0,0.0026352815330028534,0,0.008337178267538548,0,0.1477707028388977
nomad,0xf76e441aaab93bb11717daa7b547b4f61a61648e74da1e1da39e97bab3b1d838,0,0,0.12094086408615112,0,0.09302366524934769,0,0.0017402685480192304,0,0.009703620336949825,0,0.14585435390472412
nomad,0x6962018a3134fa4a542c88b838b277b7300d98b66ffe41c71b937b31cd894756,0,0,0.07758615911006927,0,0.05423250421881676,0,0.11936987936496735,0,0.2585752606391907,0,0.02464365027844906
nomad,0xa9893962da89ace9705499737035cd1a693dc2426339147963f18bddd62ebb53,0,0,0.12380038946866989,0,0.10764233767986298,0,0.0026350407861173153,0,0.008336743339896202,0,0.14778898656368256
nomad,0xa2d8c9b3733c6a4fea2aaa17e8578ab29ff0904dc5341ad00ac1118e3bf5e7ea,0,0,0.120984748005867,0,0.09299316257238388,0,0.0017394411843270063,0,0.009698829613626003,0,0.14587749540805817
nomad,0x950cd2218b284ff07c574c14a38a61d22a012829108b4b739ed1ee540324b074,0,0,0.04496374353766441,0,0.0025361974257975817,0,0.0031149352435022593,0,0.03912120684981346,0,0.11744397133588791
nomad,0x06c77ee846f3030226a96f38809a5e810b81a7e8e213d427cad074360f3e853c,0,0,0.044956501573324203,0,0.002536532236263156,0,0.003114280290901661,0,0.03912559896707535,0,0.11744838953018188
nomad,0x704f02d127922552ee0eec8aebc151257b942dacf1f90b5a9fa97c749cb9d690,0,0,0.04496374353766441,0,0.0025361974257975817,0,0.0031149352435022593,0,0.03912120684981346,0,0.11744397133588791
nomad,0x5e5f35b2bcd6aa91a8e05d24c03b21ce2787674467bb9e24efad05e66c9d8f0a,0,0,0.12380038946866989,0,0.10764233767986298,0,0.0026350407861173153,0,0.008336743339896202,0,0.14778898656368256
nomad,0xfd83a18c36c878a823ab4c060112b78919974ca5203f74865a6ac9cf50bd9589,0,0,0.04495031386613846,0,0.0025368265341967344,0,0.003113713813945651,0,0.0391293428838253,0,0.1174522265791893
nomad,0xa302f4eb679d57b88733c2e8fa33daed71bc3920101122ae8a9e954854f75e9e,0,0,0.044940829277038574,0,0.002537277527153492,0,0.0031128497794270515,0,0.03913506492972374,0,0.11745807528495789
nomad,0x3e50285643209c554aa8604d6d9d17e4a1a69c342dc37728f233740b64eefa7d,0,0,0.12096758931875229,0,0.09300506860017776,0,0.0017397580668330193,0,0.009700710885226727,0,0.1458684653043747
nomad,0xd9dedbf4846c53d18772c7eff9bc53239a1257ccabe1cdd76aa72767fcc78c76,0,0,0.12096283584833145,0,0.0930083841085434,0,0.0017398516647517681,0,0.009701218456029892,0,0.1458658128976822
nomad,0x42f0f6cb6294cc34280339e6735b782e28aa2a30ae80913816b54a8ea5c6bfce,0,0,0.04494102671742439,0,0.002537268213927746,0,0.003112877020612359,0,0.039134930819272995,0,0.11745783686637878
nomad,0x40c4d5344a500b0e1328a71b94e2f4d6208ffc032d20936bf44bd5380e043104,0,0,0.12096283584833145,0,0.0930083841085434,0,0.0017398516647517681,0,0.009701218456029892,0,0.1458658128976822
nomad,0xaed2587d8537ff097d5ad456f31c25e45aabce5d16fa3698f94f26bf9ab8db3e,0,0,0.07758542150259018,0,0.054231755435466766,0,0.11937271058559418,0,0.25857388973236084,0,0.024643640965223312
nomad,0x3dee835e53a84f41ff7c6d0e39af2c24397d0054de08748a8330d02ad406df47,0,0,0.04494102671742439,0,0.002537268213927746,0,0.003112877020612359,0,0.039134930819272995,0,0.11745783686637878
nomad,0xf7b708285b9b1ca3bf92b6873ff0a37179cce418370eb230c50ca78044ea4b8e,0,0,0.12376988679170609,0,0.10767050087451935,0,0.0026353977154940367,0,0.008337404578924179,0,0.14776138961315155
nomad,0xc96874997735467e0d5bbb114bfb492ec62d39e91267051863f7e2062546b151,0,0,0.044942308217287064,0,0.0025372065138071775,0,0.003113002283498645,0,0.03913415968418121,0,0.11745704710483551
nomad,0xab876b170ba7781d51dce2e090927b2be541836d03587069395ebdd24515b1d2,0,0,0.044939592480659485,0,0.0025373375974595547,0,0.0031127464026212692,0,0.039135780185461044,0,0.11745870113372803
nomad,0x23af4ae0db4d71df2863f39a9373d7005eb5b19d9aa4a631b41bf9909c139e57,0,0,0.044956501573324203,0,0.002536532236263156,0,0.003114280290901661,0,0.03912559896707535,0,0.11744838953018188
nomad,0xf01d63519b8a6f18a2b1cd46bb85b63c0f74458e351a9f5368eff28cf874444a,0,0,0.12094086408615112,0,0.09302366524934769,0,0.0017402685480192304,0,0.009703620336949825,0,0.14585435390472412
nomad,0xb58bdbc111dfb19e40c69ef029123c3ed6c9f5a2b7df4656d757d74dbde30672,0,0,0.1238197386264801,0,0.10762406885623932,0,0.002634800039231777,0,0.008336301892995834,0,0.14780697226524353
nomad,0x8cd3e90891e59fa91759746b86933ef5dc7636cfb6072c2f56ba30a94b5cb2ba,0,0,0.12374410033226013,0,0.10769396275281906,0,0.0026357024908065796,0,0.008337956853210926,0,0.14773842692375183
nomad,0x13a38026f9c8615c761edd300a3e0a6fa7376cfaad1d834eac708fa027853262,0,0,0.12380038946866989,0,0.10764233767986298,0,0.0026350407861173153,0,0.008336743339896202,0,0.14778898656368256
nomad,0x1a9a2911a488f38cca09c78705eac57c2f4cc76337efcb0dd71e1c34d85f30ff,0,0,0.1238197386264801,0,0.10762406885623932,0,0.002634800039231777,0,0.008336301892995834,0,0.14780697226524353
nomad,0x2fd1b853ef46617ecdc8e43633045558d30774dc3cb15c71d64ad7b5b3a5aba6,0,0,0.12096283584833145,0,0.0930083841085434,0,0.0017398516647517681,0,0.009701218456029892,0,0.1458658128976822
nomad,0x9018d4f6cccd05b661a6156dda6f46f8409bf0173a31c3a8a29841676452942f,0,0,0.12094086408615112,0,0.09302366524934769,0,0.0017402685480192304,0,0.009703620336949825,0,0.14585435390472412
nomad,0x5d63751097e01e21caf41a996dbc5aba04ac7071d56ae4c85c845e6bed0868b5,0,0,0.12096283584833145,0,0.0930083841085434,0,0.0017398516647517681,0,0.009701218456029892,0,0.1458658128976822
nomad,0xeaa078d04eb694a2b39ca1b04a95aa7ed52e9252280ceedebca6b8276f968585,0,0,0.1209561750292778,0,0.09301300346851349,0,0.001739974832162261,0,0.009701949544250965,0,0.14586250483989716
nomad,0x5bb95ce2cbeb12f9bdf44f663d938f317cccb7f3ccb6cc67ae7d33c421f4bd89,0,0,0.12379695475101471,0,0.10764569044113159,0,0.0026350868865847588,0,0.008336818777024746,0,0.14778566360473633
nomad,0x44fad9c379388eb590553495bd09a09ee825a9da16ef403b413a03704a20d1e5,0,0,0.1209561750292778,0,0.09301300346851349,0,0.001739974832162261,0,0.009701949544250965,0,0.14586250483989716
nomad,0x741fcbfb0a55ba696fdcfcd72d5aec86f5f6d3cea4a6a02e76af463f15712c89,0,0,0.12097527831792831,0,0.09299978613853455,0,0.0017396134790033102,0,0.00969986617565155,0,0.1458723247051239
nomad,0xeeb020e9ccaaf8612372f0498a60fceeeff55a2f72b9fdce3b255218b3848922,0,0,0.12094086408615112,0,0.09302366524934769,0,0.0017402685480192304,0,0.009703620336949825,0,0.14585435390472412
nomad,0x713b1269c416bf57514e501bad03f5d9e02623043a9697dcb151585d394b61c4,0,0,0.044956501573324203,0,0.002536532236263156,0,0.003114280290901661,0,0.03912559896707535,0,0.11744838953018188
nomad,0x3dcffc5240f6882b8e790f4eebbfad6650f14f42191409205749054711c5a168,0,0,0.12093695253133774,0,0.09302632510662079,0,0.0017403403762727976,0,0.009704062715172768,0,0.1458522230386734
nomad,0xd3f2c9be03d55e278e0992a906c163c748398de807316e3c46ed57b530df6471,0,0,0.044956501573324203,0,0.002536532236263156,0,0.003114280290901661,0,0.03912559896707535,0,0.11744838953018188
nomad,0x25f1e2f94231e9b8d8e5ee09b21740762682469868d2e6f9b1e86b641da64db2,0,0,0.12376818060874939,0,0.1076720729470253,0,0.0026354161091148853,0,0.008337446488440037,0,0.14775991439819336
nomad,0x727a11be92effbcd457aab35fda20d23a7129031a81333318a4b9eba99f64bfc,0,0,0.12376818060874939,0,0.1076720729470253,0,0.0026354161091148853,0,0.008337446488440037,0,0.14775991439819336
nomad,0x3d6cb5eff50e6e76f8de79a13f9a22de050b2a8ca2cc988fc153564c4e9a95e5,0,0,0.12096758931875229,0,0.09300506860017776,0,0.0017397580668330193,0,0.009700710885226727,0,0.1458684653043747
nomad,0x925bd5ded029d4ef8d2946213d735d976b424c4fa55e8eefa283fbb05d957f81,0,0,0.11978478729724884,0,0.09222880005836487,0,0.0016616289503872395,0,0.009672973304986954,0,0.1481248289346695
nomad,0xde39b81ce6eb77d29d602a3a9fdf7f301532dd5e75cdb1a1b3e08bfcdc5a718c,0,0,0.12376008927822113,0,0.10767946392297745,0,0.0026355141308158636,0,0.008337615057826042,0,0.14775270223617554
nomad,0x1dbd87245933e4decd0928aac6ede1fc1a1d8ce59e8b4c5b75839df1d5723e09,0,0,0.12096283584833145,0,0.0930083841085434,0,0.0017398516647517681,0,0.009701218456029892,0,0.1458658128976822
nomad,0x0dffe9291ebb83579dc85517991e6b4380a237a1fae5d52cb327c0b535457c03,0,0,0.12379445135593414,0,0.10764800012111664,0,0.002635111566632986,0,0.008336862549185753,0,0.14778345823287964
nomad,0xc616d3304bcf945b30c48c98ef4dd9fd9ddd3c70bb693176c0d4c05b4868bd4e,0,0,0.04495031386613846,0,0.0025368265341967344,0,0.003113713813945651,0,0.0391293428838253,0,0.1174522265791893
nomad,0xbe654cc2e5c10ebe3ddfb8a7c4f9ee87986242024121daff69546e440192f0d5,0,0,0.12093695253133774,0,0.09302632510662079,0,0.0017403403762727976,0,0.009704062715172768,0,0.1458522230386734
nomad,0x1889f96426060da30816d22993cd8857ea6d752ccbfc478ea860922c80e8fe20,0,0,0.12086339294910431,0,0.09306870400905609,0,0.0017414868343621492,0,0.009710747748613358,0,0.14581990242004395
nomad,0x449088f9695e6cbcbf566bb6dd2cfc8910f8b407ba75a4f458c80696c2855ad9,0,0,0.04495440050959587,0,0.0025366300251334906,0,0.00311410054564476,0,0.039126839488744736,0,0.11744969338178635
nomad,0x69600bc7285912d7f0889b1145dec427ab98868749725036f297f7b1e3f98f3b,0,0,0.12378488481044769,0,0.10765679180622101,0,0.0026352230925112963,0,0.008337080478668213,0,0.14777471125125885
nomad,0xae55289b09a0370f326250a9adf5529b8074f84f06be4b73961cff043f88bd22,0,0,0.04499492794275284,0,0.0025347277987748384,0,0.003117748536169529,0,0.03910253569483757,0,0.1174241453409195
nomad,0x6e409151cdbac9279c76bdbbae4654c6cb9fa6f1052af72236bcf658db1b5aee,0,0,0.04453891143202782,0,0.002512506674975157,0,0.0033081164583563805,0,0.038558535277843475,0,0.12239562720060349
nomad,0x5b6d1f7f732caa4d82c724c83254a1cb69bf7c9fa3988b983d6b09943fd49034,0,0,0.12096283584833145,0,0.0930083841085434,0,0.0017398516647517681,0,0.009701218456029892,0,0.1458658128976822
nomad,0x6eac971d8fe30d5229682e4ffee0317d0ab39a11a98b182d723f149fa6083041,0,0,0.12379445135593414,0,0.10764800012111664,0,0.002635111566632986,0,0.008336862549185753,0,0.14778345823287964
nomad,0x0069b0c2e89ee93d821f2f330d0ca7865fa346af29e5b73694b3ab4073470a2e,0,0,0.04496374353766441,0,0.0025361974257975817,0,0.0031149352435022593,0,0.03912120684981346,0,0.11744397133588791
nomad,0x3a45b153116621a0127a6c8345b9b9d2082d22122e40448e0462af54e152ceed,0,0,0.12376004457473755,0,0.10767947137355804,0,0.0026355113368481398,0,0.008337616920471191,0,0.14775267243385315
nomad,0xd9b4737db568df1ba2af6d130b0834a55ef6f8ad0446865845673c7bfa8b2d25,0,0,0.04495339095592499,0,0.0025366724003106356,0,0.0031139918137341738,0,0.039127424359321594,0,0.1174502968788147
nomad,0x79089f241ec73dbd2f8d74befad5f1f6239fb4a2149619d30cb6a757c6c6e6a0,0,0,0.12100644409656525,0,0.09297801554203033,0,0.0017390232533216476,0,0.00969640538096428,0,0.14588908851146698
nomad,0xa87ddab9e0cc78bb73125c7a7e44b4669b9c25ef516e2fa1f9de896c1aa6d296,0,0,0.07759083807468414,0,0.05423731356859207,0,0.11935245990753174,0,0.25858283042907715,0,0.02464361861348152
nomad,0x0337bb8e450cb125e4071e519b1e350954a4f600abbacc7eec5e92ec7c94f3b0,0,0,0.04499492794275284,0,0.0025347277987748384,0,0.003117748536169529,0,0.03910253569483757,0,0.1174241453409195
nomad,0x4c361b7f27ef4a07a763053304cb66b3ecca52cc72f8b87b04fef9a6a8447292,0,0,0.052131909877061844,0,0.00534471683204174,0,0.009594092145562172,0,0.07397022098302841,0,0.04993133619427681
nomad,0xbd73e2f6e16e94a302b0fbf071cc97cdd5c68dced2802afaab5bb0f1da1a6907,0,0,0.04340733215212822,0,0.004224572796374559,0,0.0087897889316082,0,0.06927831470966339,0,0.0455189011991024
nomad,0x67f54ae35ff4d9355c63ecd5a42c6e1e62f72e5a6cd63fbb8bc491a5c1c34022,0,0,0.04326137527823448,0,0.003481432097032666,0,0.006735899019986391,0,0.0645047128200531,0,0.04821532964706421
nomad,0xb837703d4518894ff4f485edcf1f2620423c7bb1217160c78046511f51a2cd9e,0,0,0.043408237397670746,0,0.004224955569952726,0,0.008789134211838245,0,0.06928542256355286,0,0.04551169276237488
nomad,0xbb44a5da5f5d6aa9652512cdea441a55366e29fa3f2e8bd7df7d9c6bf8621a12,0,0,0.0432613305747509,0,0.003481426741927862,0,0.006735898554325104,0,0.0645044669508934,0,0.0482155904173851
nomad,0x9fe6bbf812449a5ed18375a7f8e954bc808f3219eec92d22c123e49f4ac5fac5,0,0,0.043263666331768036,0,0.0034822775050997734,0,0.006736482959240675,0,0.06452787667512894,0,0.04819371551275253
nomad,0x3e26cabd2e1bb83cd5cb33ff492ae7bb0308865c5598d9c32c80f93a971d79cb,0,0,0.04340945929288864,0,0.004225481301546097,0,0.008788207545876503,0,0.06929507851600647,0,0.04550188407301903
nomad,0x7405f2e6d17c582720ba1ea67d9333b7eb9c2f80be6473bdf4f81b84e68690b6,0,0,0.05213096737861633,0,0.00534538459032774,0,0.009592531248927116,0,0.07397210597991943,0,0.04992824047803879
nomad,0x5f0c596a8a24e6781150b602b96bf4ca0759814dfac90f502ef083f324e4566e,0,0,0.043408576399087906,0,0.004225095734000206,0,0.008788850158452988,0,0.06928814947605133,0,0.045508887618780136
nomad,0xc08ad31bb385a10adda58baba325354d625f405a3aa054fee951daa98212d5f8,0,0,0.05176116153597832,0,0.005200214218348265,0,0.009945894591510296,0,0.0734185129404068,0,0.049980126321315765
nomad,0x6ba0e9d332319de3c17b01a8af5f512b582fbd379a57e07ed97c3029b5b55b8b,0,0,0.04340822622179985,0,0.0042249662801623344,0,0.008789103478193283,0,0.06928538531064987,0,0.04551171883940697
nomad,0x5973de4b6016dc61ee8eb87dcb27639c32d648326e9dbf092fd139335f7d8798,0,0,0.03203175961971283,0,0.004239188041538,0,0.008769365958869457,0,0.07060468196868896,0,0.04527789354324341
nomad,0x0941c61f2a7bdcc51604572d6559b09751dcf26b1a7a1928f50e5e87182f7dfe,0,0,0.03203421086072922,0,0.00423866230994463,0,0.008770077489316463,0,0.07059559226036072,0,0.0452900193631649
nomad,0xf2759f2b71087fde89bb7de4cc7e5bc4918481faeb687c4ad7f816de50c5c04f,0,0,0.03207556530833244,0,0.004181352909654379,0,0.008480431511998177,0,0.07029101252555847,0,0.04553990811109543
nomad,0x630c43667c206c7f4bf8f8468459e55162c924b5d03d39a643e839097e0cc128,0,0,0.032032400369644165,0,0.004239048808813095,0,0.00876960065215826,0,0.0706021785736084,0,0.04528116434812546
nomad,0xb83922d63b6e5a859c62d22672b02b15f76c9d909ea97009673a023114e78ac9,0,0,0.032018568366765976,0,0.004357585217803717,0,0.008229524828493595,0,0.07109634578227997,0,0.04535510018467903
nomad,0x44910f311a4368072f50dde7cefe27b917b8bea7e4ab2b4a2e5e9cbdb93cc3d1,0,0,0.043412838131189346,0,0.0042999014258384705,0,0.008254331536591053,0,0.06870174407958984,0,0.045927468687295914
nomad,0xcc96e1f7c28665023ae37355e00e7ff61dfc78363c48a0e3d2ba8329cf440754,0,0,0.04326212778687477,0,0.003481723600998521,0,0.006736086681485176,0,0.06451229751110077,0,0.04820826277136803
nomad,0x3104735181aa6c3f0cae4476311c8f531bb2f2484e603f89e5f0b07f30b75132,0,0,0.03204835578799248,0,0.004324819892644882,0,0.008433808572590351,0,0.070645272731781,0,0.045167721807956696
ronin1,0xed2c72ef1a552ddaec6dd1f5cddf0b59a8f37f82bdda5257d9c7c37db7bb9b08,1,0,0.03880685195326805,0,0.003514201147481799,0,0.003301141317933798,0,0.04319145530462265,0,0.13498613238334656
nomad,0xe497963ee3726e46afb35657f2e44f0afda468d440ddd63cff155628141ec01f,0,0,0.04326080530881882,0,0.0034812395460903645,0,0.00673573138192296,0,0.06449903547763824,0,0.04822063446044922
nomad,0x42fd6cc9b75807783e1837f216383e015b1872787190408e7aee8b992cb68b48,0,0,0.04326071962714195,0,0.0034811957739293575,0,0.0067357150837779045,0,0.0644981637597084,0,0.04822144657373428
nomad,0x680c26edde8c1cc455e86cc0c548529d77b8bc0ca9360b535e08ace4a7425a11,0,0,0.04340948164463043,0,0.004225486423820257,0,0.008788157254457474,0,0.06929545104503632,0,0.04550154507160187
nomad,0xbba6ac6e70bf406268086b4e8cda7959a7be8d6e9d9dcb6e508a84fd1f347486,0,0,0.04325994476675987,0,0.0034809261560440063,0,0.006735545117408037,0,0.0644904226064682,0,0.04822871834039688
nomad,0xf99101190e757996ff4ddd8d016f1e6e30222115a0cf31a47fa3b978ae6ee3d9,0,0,0.043262187391519547,0,0.0034817387349903584,0,0.006736119743436575,0,0.06451297551393509,0,0.04820756986737251
nomad,0x2111f1dd3692786fa04d592bd84eb72f2ffa41bd18739c7e9e064092207d295d,0,0,0.05213133990764618,0,0.005345147103071213,0,0.009593072347342968,0,0.0739714726805687,0,0.04992935061454773
nomad,0xcc32b3c82c2e96347ea9c2623ff94f0115d107df6a1cb2fa7f3855d09cd50d10,0,0,0.04326071962714195,0,0.0034811957739293575,0,0.0067357150837779045,0,0.0644981637597084,0,0.04822144657373428
nomad,0xd5139b7d8e386388ebe2dce6a919f00f98b43efd04c07836c18d600730da3ac1,0,0,0.04325994476675987,0,0.003480929881334305,0,0.006735544186085463,0,0.0644904375076294,0,0.04822870343923569
nomad,0x06e0de79af74094d3854d02baf4970758383bcca0d84b025f0e23ff8091ddd3e,0,0,0.043260712176561356,0,0.0034811957739293575,0,0.006735716946423054,0,0.0644981637597084,0,0.048221442848443985
nomad,0x01182eba6adc0d4f5b472526d2849bea729511b905b1509a485371b293e49028,0,0,0.04326105862855911,0,0.0034813140518963337,0,0.006735818926244974,0,0.06450162082910538,0,0.04821828007698059
nomad,0xc7ccfba1f99b7bbf607f6e3fd815d312a5721a98fbdbc863f2115e8a08924c12,0,0,0.0434073805809021,0,0.004224584437906742,0,0.008789768442511559,0,0.06927861273288727,0,0.04551854729652405
nomad,0x8d051698559301a7053fb799d80d39916443f62f9c877b03006a127e248cbdd3,0,0,0.04326105862855911,0,0.0034813140518963337,0,0.006735818926244974,0,0.06450162082910538,0,0.04821828007698059
nomad,0xe4f33223821784fd4ed795c1adeee30ade87d4215c73d093a3384ceee44a4a8b,0,0,0.043260298669338226,0,0.0034810532815754414,0,0.006735620088875294,0,0.06449384987354279,0,0.048225585371255875
nomad,0x59a5bb860f89ae2642df50b30e6fe247e4881ed2a7f487e797245d364b1ffcdc,0,0,0.04326105862855911,0,0.0034813140518963337,0,0.006735818926244974,0,0.06450162082910538,0,0.04821828007698059
nomad,0xf7ed9b591e506f1829f2d813cdc00c896812f005f25f54e14a034396c9e58288,0,0,0.04326105862855911,0,0.0034813140518963337,0,0.006735818926244974,0,0.06450162082910538,0,0.04821828007698059
nomad,0xce22cbc4846095528550cf861d8a420344d81ef643f9fba9b54630ab905dbeeb,0,0,0.04325994476675987,0,0.003480929881334305,0,0.006735544186085463,0,0.0644904375076294,0,0.04822870343923569
nomad,0x2cd3353f3bff776899321981a319331f747d42d0a7b3075836db50102e712b83,0,0,0.04326080530881882,0,0.0034812395460903645,0,0.00673573138192296,0,0.06449903547763824,0,0.04822063446044922
nomad,0x2d5d25c0db48fa8ca0be887b029d10a9131dffb040c00d099c3c295887541af8,0,0,0.04326163977384567,0,0.0034815347753465176,0,0.006735966540873051,0,0.06450759619474411,0,0.04821271449327469
nomad,0x36de8aee8862049339f75f9ee3577cf2b71efb4039513d9d38396a27b7f7fc17,0,0,0.043258510529994965,0,0.0034804169554263353,0,0.006735175848007202,0,0.06447611004114151,0,0.04824209585785866
nomad,0xfd9a399bf47a203d5fce6944d0ca470670371e5eb0f3165ae2059e9d67840647,0,0,0.043260298669338226,0,0.0034810532815754414,0,0.006735620088875294,0,0.06449384987354279,0,0.048225585371255875
nomad,0xb8de9f388043b27027a946bb087c19ae488a8d6402fe207ae07d253d717edf61,0,0,0.043790265917778015,0,0.004231202881783247,0,0.008441201411187649,0,0.06817898154258728,0,0.04596736654639244
nomad,0xd79a3ea9371a350d555bfbb36ad4c58a69ea0ce38affb0d4d08d5e0ef8cac5e0,0,0,0.043260298669338226,0,0.0034810532815754414,0,0.006735620088875294,0,0.06449384987354279,0,0.048225585371255875
nomad,0x8040c6a10b1b0b801800c9480b972ffa3b80b8b812b4f3d8711aceebf188ff88,0,0,0.04325994476675987,0,0.003480929881334305,0,0.006735544186085463,0,0.0644904375076294,0,0.04822870343923569
nomad,0x5ca41381afddd1786a115eb1a9f9501ffd25ce6f1e458f4e9597efea067722c1,0,0,0.04326105862855911,0,0.0034813140518963337,0,0.006735818926244974,0,0.06450162082910538,0,0.04821828007698059
nomad,0xae92fb09d0b3c932455e309eae163deea742071eb34c703368d1df86a2f96ac1,0,0,0.03201685845851898,0,0.004358112346380949,0,0.008229004219174385,0,0.07110487669706345,0,0.045343831181526184
nomad,0xbd3d8cec59ef6118de8aceb317594a508b775088de2ae534b709dc45738cf883,0,0,0.04340938851237297,0,0.0042254626750946045,0,0.008788240142166615,0,0.06929473578929901,0,0.045502129942178726
nomad,0xbf2f02e58ae98104ee208412831b4b810b9ca80b738d3bdbc408adbc000bbb4e,0,0,0.043261896818876266,0,0.0034816362895071507,0,0.0067360298708081245,0,0.06451014429330826,0,0.04821029305458069
nomad,0x174757786ff1c04a67ab0c4fac932ba099f63455906f8671663e9297a784307d,0,0,0.043260712176561356,0,0.0034811957739293575,0,0.006735716946423054,0,0.0644981637597084,0,0.048221442848443985
nomad,0x9a462c5fc4e21d28874d92614138dc1c72f148bd156742dc669db12fcb2558d9,0,0,0.04325774684548378,0,0.003480129176750779,0,0.006734995637089014,0,0.06446842849254608,0,0.04824940860271454
nomad,0x57d1bb78dc7c541d41929c3dede3dfd258247a16361fa0bb07df46e6f5dee7bc,0,0,0.04325774684548378,0,0.003480129176750779,0,0.006734995637089014,0,0.06446842849254608,0,0.04824940860271454
nomad,0xad2c5648eded03bbc9dcbdb3585ce57fc4771211490fe6c20153c8e6c352774e,0,0,0.04325774684548378,0,0.003480129176750779,0,0.006734995637089014,0,0.06446842849254608,0,0.04824940860271454
nomad,0x10c83c5c133398ec8798450d00f6aacee365356d3ed4d0c4d9619621d7dddd93,0,0,0.04325774684548378,0,0.003480129176750779,0,0.006734995637089014,0,0.06446842849254608,0,0.04824940860271454
nomad,0xb4a35f8f4efb16c29e5844ed91617907b50dff9350730f49b7e1ac0c45222910,0,0,0.052130453288555145,0,0.00534577714279294,0,0.009591654874384403,0,0.0739731639623642,0,0.04992645978927612
nomad,0xceea8d2fa3d60696ff25d73c61bed502990c6b6b2f552409f40ad17da1d7b956,0,0,0.043260298669338226,0,0.0034810532815754414,0,0.006735620088875294,0,0.06449384987354279,0,0.048225585371255875
nomad,0xe1b7e67d6c2ee9650b70f3b780b0e02c7ac1c83bc5e56d2b7167b87c21a31bcb,0,0,0.04326232895255089,0,0.0034817797131836414,0,0.006736119277775288,0,0.06451445817947388,0,0.048206232488155365
nomad,0x826fe708227ed0016c4b9d210f6bbfc77d996ee3fafa199d5ef707057fc84ff8,0,0,0.04325971007347107,0,0.003480838378891349,0,0.006735458504408598,0,0.06448809802532196,0,0.048230960965156555
nomad,0xe9cbed7af35783da26ba2206397111d520005cd5f6f8f659d1ff9708c91f0a15,0,0,0.04325994476675987,0,0.0034809261560440063,0,0.006735545117408037,0,0.0644904226064682,0,0.04822871834039688
nomad,0x163f0aa3a435720f8bf4e56ef9acd91f8fb6220d983c420b95fd7bde9b8cedb6,0,0,0.04326123371720314,0,0.0034813934471458197,0,0.0067358603700995445,0,0.06450355052947998,0,0.048216503113508224
nomad,0xa05d462ec3eae547a9166bf2007c2005e756e6cf4428d9392e82c5aa1c8ffc91,0,0,0.04325971007347107,0,0.003480838378891349,0,0.006735458504408598,0,0.06448809802532196,0,0.048230960965156555
nomad,0x1236a5d84e1854cabafa27253c6c15f2394827c6711acfef8ba120e283d28192,0,0,0.043406881392002106,0,0.004224361386150122,0,0.008790133520960808,0,0.06927450001239777,0,0.04552273452281952
nomad,0x72f69f071d9a1bd4d7b7abb05932606001cd4e86a4280393ca801f10751f89a3,0,0,0.05213133990764618,0,0.005345147103071213,0,0.009593072347342968,0,0.0739714726805687,0,0.04992935061454773
nomad,0x621c78d63fe4553c293c84af9c4141083912e777b6bf06c186d2fce7f49918d7,0,0,0.04325971007347107,0,0.003480838378891349,0,0.006735458504408598,0,0.06448809802532196,0,0.048230960965156555
nomad,0x41aa7534c45d83e5d1f6b2289e26eb68b1036bbdc2ffed996687244a9d3ad886,0,0,0.04326105862855911,0,0.0034813140518963337,0,0.006735818926244974,0,0.06450162082910538,0,0.04821828007698059
nomad,0x150e6ea0e1434f3d20bbea3a1d5064045d37ea564d3352f748a3ea5f9fb6bf4b,0,0,0.04325994476675987,0,0.003480929881334305,0,0.006735544186085463,0,0.0644904375076294,0,0.04822870343923569
nomad,0x358a2a682be278161bb7bc0e44656c29e126b5ea0aabbeae9df6e7ac387dee13,0,0,0.04326265677809715,0,0.003481911728158593,0,0.006736245937645435,0,0.06451786309480667,0,0.048203080892562866
nomad,0x0b2540d2547ff80d073d3bb65f78375e904852b7bee77141de19b5ab337a64d7,0,0,0.04325994476675987,0,0.0034809261560440063,0,0.006735545117408037,0,0.0644904226064682,0,0.04822871834039688
nomad,0x072144bc23079c0967a8a38f5684a0d7ddd69e6f05a02843b158bf82f92d4881,0,0,0.04325886070728302,0,0.003480520797893405,0,0.006735268980264664,0,0.06447939574718475,0,0.04823904484510422
nomad,0x7ba60ead3d95f1e23bb5914518c10aacbad167db8dea24acaf2239004458d4a1,0,0,0.05213167518377304,0,0.005344898905605078,0,0.00959364790469408,0,0.07397078722715378,0,0.04993041604757309
nomad,0x9ac445c235a42c888dcd4e3c9cc3fe418c5d8e93c82557e750d1305a6c20be50,0,0,0.043790049850940704,0,0.004231038503348827,0,0.008441383950412273,0,0.06817583739757538,0,0.04597055912017822
nomad,0x3ad81bc80c2be1a9cbe4a045bc9e62a5f2fbb54fb248e97e48cb9519fd73a425,0,0,0.04325774684548378,0,0.003480129176750779,0,0.006734995637089014,0,0.06446842849254608,0,0.04824940860271454
nomad,0x7618013807c319989f20fce5b75e2b438b4dd772a3afee9810a193d09bd4c840,0,0,0.04325971007347107,0,0.003480838378891349,0,0.006735458504408598,0,0.06448809802532196,0,0.048230960965156555
nomad,0x59898d09af1e863097fae96ab50bbc88d8f155ab18c085feee7eef595c96a488,0,0,0.04326105862855911,0,0.0034813140518963337,0,0.006735818926244974,0,0.06450162082910538,0,0.04821828007698059
nomad,0xa90ab64b0ba36a638124224ac831340b4967a83bf2373c14deb1a1d119689eff,0,0,0.052132412791252136,0,0.005344333592802286,0,0.00959493312984705,0,0.07396930456161499,0,0.049932993948459625
nomad,0x7f02b8604eeb75a47be66d3a497a98a882ea489d29dbbac33ca144804d8faf34,0,0,0.04326117783784866,0,0.00348138390108943,0,0.006735844537615776,0,0.06450319290161133,0,0.048216812312603
nomad,0x41830a02aa11c31fea06a9c9d8f20c2c36739c211e6e3d0ec6022282da6fb69b,0,0,0.04325994476675987,0,0.0034809261560440063,0,0.006735545117408037,0,0.0644904226064682,0,0.04822871834039688
nomad,0xf43b7aaebc4095b695fe2d01fb87940e228d21e1941c6de868f45603991a0d8d,0,0,0.04325971007347107,0,0.003480838378891349,0,0.006735458504408598,0,0.06448809802532196,0,0.048230960965156555
nomad,0xa28e3940593c8cf9b3b32db7f994c6be219c01f73482da102f4580e50e5eb734,0,0,0.04326071962714195,0,0.0034811957739293575,0,0.0067357150837779045,0,0.0644981637597084,0,0.04822144657373428
nomad,0x22124280418338eada8a16c1cf0fc915b1d592f8c401fcb80a38c4ac82aaf974,0,0,0.04340652376413345,0,0.004224204923957586,0,0.008790434338152409,0,0.06927154213190079,0,0.045525774359703064
nomad,0xc71c464955295ff8658559ec9ca9fc62231da050845c90703a52111d4bb4dc09,0,0,0.043418388813734055,0,0.004302443470805883,0,0.008251398801803589,0,0.06874802708625793,0,0.04588091000914574
nomad,0x06c33c8922610b87bc12c43ece205acf1e626ec6f500f8a8ddf2304d80ce72d2,0,0,0.04325994476675987,0,0.003480929881334305,0,0.006735544186085463,0,0.0644904375076294,0,0.04822870343923569
nomad,0x7f4a89d34860a908a3bd0029bae23f822fdb83e1dc4c138cf7adba086ef545a9,0,0,0.043260712176561356,0,0.0034811957739293575,0,0.006735716946423054,0,0.0644981637597084,0,0.048221442848443985
nomad,0xb8438fce16f2adfd1102f69cddb9b346c93da1712208a60096faebb48837a797,0,0,0.04325994476675987,0,0.0034809261560440063,0,0.006735545117408037,0,0.0644904226064682,0,0.04822871834039688
nomad,0x0f5ab83a47a05d2d5d2a7aea857aa29da3fc0bea97276202524302b332e73210,0,0,0.04323213919997215,0,0.0038601369597017765,0,0.008184881880879402,0,0.0677906796336174,0,0.045037299394607544
nomad,0xc1603847465cf13ddaa8def90680bfb9dce9b5a6c5f8e5e7a152880d76b3e08b,0,0,0.04325994476675987,0,0.003480929881334305,0,0.006735544186085463,0,0.0644904375076294,0,0.04822870343923569
nomad,0xc72bdcbfe659f7f3cdc3246dbaa7ca49ac446c899dc7de8242d2383d4f1592e5,0,0,0.04325663670897484,0,0.003479727078229189,0,0.006734704133123159,0,0.06445728242397308,0,0.04825976490974426
nomad,0x09b359eabaa24ac60118633ace9a8391a5a33262e9293ec1209cd4211fc16451,0,0,0.04341404512524605,0,0.004300462082028389,0,0.008253687992691994,0,0.06871183216571808,0,0.04591728746891022
nomad,0x68fcfae55a0004aa61bea083765312109a4b78dab575f676a5490c39131cfa2a,0,0,0.04325663670897484,0,0.003479726379737258,0,0.006734704598784447,0,0.06445726007223129,0,0.04825976490974426
nomad,0x7a8f2214ad4ed872920a6ae26ca63d3ebb6d8f7550db43347cf8c1f19c40a9fc,0,0,0.04325663670897484,0,0.003479727078229189,0,0.006734704133123159,0,0.06445728242397308,0,0.04825976490974426
nomad,0x03b1d55c551899d112797571ae67c5b942dac8425ad5baf93c99748e2a0eee02,0,0,0.04325971007347107,0,0.003480838378891349,0,0.006735458504408598,0,0.06448809802532196,0,0.048230960965156555
nomad,0x5513e316013e245740c4c15925d893e81b3851008f879b8750cc912d5ff2d2fb,0,0,0.052131686359643936,0,0.005344860255718231,0,0.009593721479177475,0,0.0739707350730896,0,0.04993059113621712
nomad,0xdf01931be6611fb7280ca04fedc69bb0f8fe0c3e0cba7004af75809953628e98,0,0,0.04340947046875954,0,0.004225478507578373,0,0.008788169361650944,0,0.069295234978199,0,0.04550168663263321
nomad,0xe9c0066a33c042af1d5fd28a4f5469ffc4d1f9fe06de7f1ab15db4f00e99fbd1,0,0,0.04325994476675987,0,0.0034809261560440063,0,0.006735545117408037,0,0.0644904226064682,0,0.04822871834039688
nomad,0x1f30cfb108fbf5b9908b52d9db27545312d717aa5a39a6f0f200a2a5c5d670db,0,0,0.04325994476675987,0,0.003480929881334305,0,0.006735544186085463,0,0.0644904375076294,0,0.04822870343923569
nomad,0xbff18a7bb6673e1544da298d785858d2a965844d8c681b97e0d997a465f63973,0,0,0.04325886070728302,0,0.0034805212635546923,0,0.006735268514603376,0,0.06447941064834595,0,0.04823904484510422
nomad,0xc0e801a20b4fdccfa086713f717f253448fbde2b42bfdd6f6e00ee5e40db6b50,0,0,0.04325971007347107,0,0.003480838378891349,0,0.006735458504408598,0,0.06448809802532196,0,0.048230960965156555
nomad,0xdb6da5add6aa820488d999f2cdc922b865ec8c812e9f2c5a385d7aad63d379c6,0,0,0.04325971007347107,0,0.003480838378891349,0,0.006735458504408598,0,0.06448809802532196,0,0.048230960965156555
nomad,0x0321371ec1acbd07b77bad768cd9ee18fa5bf1e05bce35d1bede86122b4ee639,0,0,0.04325994476675987,0,0.003480929881334305,0,0.006735544186085463,0,0.0644904375076294,0,0.04822870343923569
nomad,0x934dae3683b4e81a40c7bc888290c7e09422b3354d8a72ede1d0995b17e91af2,0,0,0.04326071962714195,0,0.0034811957739293575,0,0.0067357150837779045,0,0.0644981637597084,0,0.04822144657373428
nomad,0x1f9151e464bf76c52a2f711442949d5810fccc256bfee54228d4a2f9397b7184,0,0,0.04325897619128227,0,0.003480571089312434,0,0.006735293660312891,0,0.06448069959878922,0,0.048237841576337814
nomad,0xc8989c7d2bc7ac06a11f3dab007843e0db26bc505c2de5bbd890a0d4c1fc8de8,0,0,0.03203434497117996,0,0.004238711670041084,0,0.008770011365413666,0,0.07059656083583832,0,0.045289866626262665
nomad,0xf584dae3f6c45e899ac37f9fb54a17a19ae79faf8e48ed71731e9c8c9fe6d8d3,0,0,0.04325971007347107,0,0.003480838378891349,0,0.006735458504408598,0,0.06448809802532196,0,0.048230960965156555
nomad,0x7c726066cf8df8b89fad1c3fd909ddb221d4713f8a56f9d0d3fd61104d939f0f,0,0,0.04325975477695465,0,0.003480863058939576,0,0.006735490635037422,0,0.06448883563280106,0,0.04823032766580582
nomad,0xcf08ba4913d3dda377b8bb1b776ffd10cc2dcfb5fcd7c1937e29ab9e8e197e54,0,0,0.04325975477695465,0,0.003480863058939576,0,0.006735490635037422,0,0.06448883563280106,0,0.04823032766580582
nomad,0xda28545bc711ab276df5e0c449fc97f69a1a341285bdbb386d318b4444fa959e,0,0,0.04325975477695465,0,0.003480863058939576,0,0.006735490635037422,0,0.06448883563280106,0,0.04823032766580582
nomad,0x09b5ff888a961ada5a0395bf8297e84f12e501fb21972b6b16421c391c5c5346,0,0,0.04325994476675987,0,0.003480929881334305,0,0.006735544186085463,0,0.0644904375076294,0,0.04822870343923569
nomad,0x595b664bc59fff282fe8c0b3a694415539216ad8dbbfc1337649f2c576d782f8,0,0,0.05213138088583946,0,0.005345093086361885,0,0.00959318969398737,0,0.073971226811409,0,0.04992959648370743
nomad,0xc86cee27e91a00309bc181261b5399eef6a3f6848c2dec25cd91a152ed508bc3,0,0,0.04326093941926956,0,0.003481288906186819,0,0.00673579890280962,0,0.06450048089027405,0,0.04821931943297386
nomad,0xba43ae794efc8ee179db5155f9b501c60671dd8151ea8b263d0dd358dcc2d74c,0,0,0.07798321545124054,0,0.07281511276960373,0,0.001544050290249288,0,0.014543183147907257,0,0.12690848112106323
nomad,0x994d71f5f82009647e452bf2c159bfac34f145161e7019b8c3f8bff1222becef,0,0,0.04325886070728302,0,0.0034805212635546923,0,0.006735268514603376,0,0.06447941064834595,0,0.04823904484510422
nomad,0x0d8067042bb3ad388396c47ed561fbd4cdc6c4a77d335de3786bb96f3c10f510,0,0,0.04325994476675987,0,0.003480929881334305,0,0.006735544186085463,0,0.0644904375076294,0,0.04822870343923569
nomad,0x3c54dc42cccd6df4c57b0acb866483f2044a92502f92fddd4381c23c16f29425,0,0,0.04326181858778,0,0.003481611842289567,0,0.006736007984727621,0,0.06450926512479782,0,0.04821111261844635
nomad,0xae80a4b607d47542b90c717f91ecb8b94c25b1e43cf3bdea6235df08e5b8f5ad,0,0,0.04325994476675987,0,0.003480929881334305,0,0.006735544186085463,0,0.0644904375076294,0,0.04822870343923569
nomad,0xf1b9f0018d614d4d9798a617a8327c0e7826741eec95e29bd40f001fc9310f60,0,0,0.043261896818876266,0,0.0034816362895071507,0,0.0067360298708081245,0,0.06451014429330826,0,0.04821029305458069
nomad,0xad2e5b735ad1a88707053c7f83c569f0e2dacd8e7b3934bdb6b87d79478880b5,0,0,0.04325975477695465,0,0.003480863058939576,0,0.006735490635037422,0,0.06448883563280106,0,0.04823032766580582
nomad,0x29957dc028003abf88ca473f8ea74e5ad0349020391b206b3339c29fe2372e94,0,0,0.04326193407177925,0,0.003481642808765173,0,0.006736032664775848,0,0.0645105168223381,0,0.048209916800260544
nomad,0x3de209b01c8735c914f05a114267c207754c8bc1f4f85a45cbbc30ebbc4b925d,0,0,0.043261896818876266,0,0.0034816362895071507,0,0.0067360298708081245,0,0.06451014429330826,0,0.04821029305458069
nomad,0xe6a56730b11f900ad12afa3f1292371a435e62619b76cbb1765002e02408a6dc,0,0,0.04325994476675987,0,0.0034809261560440063,0,0.006735545117408037,0,0.0644904226064682,0,0.04822871834039688
nomad,0x9d333fbed0a680d86b73f45f09ff3a428d632b535529f96e98533faac869527b,0,0,0.04326365888118744,0,0.0034822686575353146,0,0.006736460607498884,0,0.06452769041061401,0,0.048193834722042084
nomad,0x67a7b2fcd39f533eceeb34c856789a8c3aff642deee827e9b0ce6c80df0b4742,0,0,0.04325994476675987,0,0.003480929881334305,0,0.006735544186085463,0,0.0644904375076294,0,0.04822870343923569
nomad,0x72cbec84824d9ed404633419348abd2cc778a3fe4d4915ffd71e87ae795ca7a8,0,0,0.04340563341975212,0,0.004223805386573076,0,0.00879110861569643,0,0.06926445662975311,0,0.04553307965397835
nomad,0x309faa46a63ca5070699e3f931804fdd6b005d245db1e069781649ddffd3191e,0,0,0.04326077923178673,0,0.003481227671727538,0,0.006735742092132568,0,0.0644988864660263,0,0.04822076857089996
nomad,0x1c171d0603495ca6a50cdd14c9f12a3e5767313fd2ea953eae5bc91a71462952,0,0,0.04325663670897484,0,0.003479727078229189,0,0.006734704133123159,0,0.06445728242397308,0,0.04825976490974426
nomad,0xd17b2ef89f9ae67d01e0e7d2bf8489aa445a72dcf0d34f2ede05da49f405d7cb,0,0,0.04326071962714195,0,0.0034811957739293575,0,0.0067357150837779045,0,0.0644981637597084,0,0.04822144657373428
nomad,0xbf6c20ce0ead3eda115d619a1c58e29c9dbd8709df41a12efeb1dd6b4c2a5890,0,0,0.04325994476675987,0,0.0034809261560440063,0,0.006735545117408037,0,0.0644904226064682,0,0.04822871834039688
nomad,0xf9d1ee34368bb5112ffa8e5a710fc40feaeffb090c9f8bf7ec1f04be410a73f8,0,0,0.043263014405965805,0,0.0034820265136659145,0,0.0067363157868385315,0,0.06452121585607529,0,0.04819992929697037
nomad,0xb215a9091a7da1c8e9cd622dca327df2ddfa5374aa982ae86a27f3a2463ff066,0,0,0.04326071962714195,0,0.0034811957739293575,0,0.0067357150837779045,0,0.0644981637597084,0,0.04822144657373428
nomad,0x58f03cf590fcbdee978198f5ba12d179bff002751920b6a46930b0d4066b0bda,0,0,0.04325994476675987,0,0.0034809261560440063,0,0.006735545117408037,0,0.0644904226064682,0,0.04822871834039688
nomad,0xfa858930bb654c504d12b3c2fb0f59c7630e81222a11958e8ff6dc7f8fb91c74,0,0,0.04325663670897484,0,0.003479727078229189,0,0.006734704133123159,0,0.06445728242397308,0,0.04825976490974426
nomad,0xaee9b16ebf5f3ca2b9fe83013cc473f3c9f7166984d7eb43daaadd9751b6d44b,0,0,0.04326105862855911,0,0.0034813140518963337,0,0.006735818926244974,0,0.06450162082910538,0,0.04821828007698059
nomad,0x351fca1e4a6d9587ee6c16a28a75c6c89b345c134f78caaa6a39390b6e960baa,0,0,0.04325663670897484,0,0.003479727078229189,0,0.006734704133123159,0,0.06445728242397308,0,0.04825976490974426
nomad,0x436377003b69f3779df784d9ee9687522cfb9ea52d7084e6589e33e36cdc911c,0,0,0.04326071962714195,0,0.0034811957739293575,0,0.0067357150837779045,0,0.0644981637597084,0,0.04822144657373428
nomad,0xa9e033a2e4b0b2dd6e2c822d3b3b0b2170ba4866b36597c12ea94cac3ef9c152,0,0,0.04325663670897484,0,0.003479726379737258,0,0.006734704598784447,0,0.06445726007223129,0,0.04825976490974426
nomad,0xa96eb771c755620f0bc9c6d082feaf5b3019cd57961a8db16f982892d4326993,0,0,0.04326080530881882,0,0.0034812395460903645,0,0.00673573138192296,0,0.06449903547763824,0,0.04822063446044922
nomad,0xad629eecc167ebde65011aca1c47dda9f54e7c38910633b84dee16b0b33eceee,0,0,0.04325663670897484,0,0.003479726379737258,0,0.006734704598784447,0,0.06445726007223129,0,0.04825976490974426
nomad,0x50cc042052fa2bde25c63a7babccbd21bc5d620ab107473e4384aae4c634e586,0,0,0.04325994476675987,0,0.0034809261560440063,0,0.006735545117408037,0,0.0644904226064682,0,0.04822871834039688
nomad,0x55f57f3d5ccc4543f1a6289aef33b84a1d8c49bd4f22ff9d7b2ba878bbbe5794,0,0,0.05176108703017235,0,0.005200251471251249,0,0.009945819154381752,0,0.07341855019330978,0,0.049979984760284424
nomad,0xa867c35716399f2c82fbd991ba3765feedac4b2ad4c61d233f6e735944bc1a8f,0,0,0.04325994476675987,0,0.0034809261560440063,0,0.006735545117408037,0,0.0644904226064682,0,0.04822871834039688
nomad,0x73912428d44d9f4f28f056c05ab6b961486250e2c7da737a7eaa5185ce5e4dc1,0,0,0.04325663670897484,0,0.003479727078229189,0,0.006734704133123159,0,0.06445728242397308,0,0.04825976490974426
nomad,0xcd62b9310a85b59723ab2db75faf992a56199f8aea7b562383f237596a969a6e,0,0,0.043260712176561356,0,0.0034811957739293575,0,0.006735716946423054,0,0.0644981637597084,0,0.048221442848443985
nomad,0x145ec39d7a72daca08e14eaac1185ada302ab1adae6f3433779cb2cf177369a5,0,0,0.05213150009512901,0,0.005345029756426811,0,0.00959338340908289,0,0.07397113740444183,0,0.049929868429899216
nomad,0xfc73cee5446544067d22fa046f9d945efc76cc04663a758113a7be050b865b38,0,0,0.04325663670897484,0,0.003479727078229189,0,0.006734704133123159,0,0.06445728242397308,0,0.04825976490974426
nomad,0x39b37a29471dd501a9f255c27aae51ef401b570fdfce01377ca459dad4f77efc,0,0,0.04325994476675987,0,0.003480929881334305,0,0.006735544186085463,0,0.0644904375076294,0,0.04822870343923569
nomad,0x804906361b631483d7851dd751ba1ffd8ed6682c0cfee5d46327937fadbd065a,0,0,0.04325663670897484,0,0.003479726379737258,0,0.006734704598784447,0,0.06445726007223129,0,0.04825976490974426
nomad,0xdc8c6c59a49c34c7e9ac3f3c016a7f3c9b8e87ef63d1765655769e1528018a2e,0,0,0.04325994476675987,0,0.0034809261560440063,0,0.006735545117408037,0,0.0644904226064682,0,0.04822871834039688
nomad,0x17c8577c1601b6b0d88372c7444e023606bbae23ad377128837c6dc125929b68,0,0,0.04340944066643715,0,0.004225478507578373,0,0.008788215927779675,0,0.0692950189113617,0,0.04550191015005112
nomad,0xfe32b96b852b3b7cb68c3f13b697f53f265ee2c847b76b424ecd288ba310135d,0,0,0.043260712176561356,0,0.0034811957739293575,0,0.006735716946423054,0,0.0644981637597084,0,0.048221442848443985
nomad,0xb2d1c7ff9f8f91e98043872604ebfcbf8ad5c6f255eaadd51887e8bbbc05ec97,0,0,0.04325994476675987,0,0.003480929881334305,0,0.006735544186085463,0,0.0644904375076294,0,0.04822870343923569
nomad,0x996a3d330c2eac9f4299fcee45094a784d231824ae0b331018636b61277146ea,0,0,0.04326088726520538,0,0.0034812712110579014,0,0.006735786329954863,0,0.06450016051530838,0,0.04821966588497162
nomad,0xc405a559766cb58ec7bea34484368c6dabecabd94d5c433cc7901dcf45200d4b,0,0,0.04325994476675987,0,0.0034809261560440063,0,0.006735545117408037,0,0.0644904226064682,0,0.04822871834039688
nomad,0xaeacd77aaaf0f6f203c8a972e24dcc727b9cc3183d3f1ee21f9272b922ceb19d,0,0,0.04326071962714195,0,0.0034811957739293575,0,0.0067357150837779045,0,0.0644981637597084,0,0.04822144657373428
nomad,0x1f95fd9030f6c9db91307aca22e62de1e1790de9bb0300b740148658df25b8a9,0,0,0.04325994476675987,0,0.003480929881334305,0,0.006735544186085463,0,0.0644904375076294,0,0.04822870343923569
nomad,0x57ddd14a3e77e1973ccebab640f9f31f3522927196bd98fdcbcdc79fca74974c,0,0,0.03202055022120476,0,0.0043571749702095985,0,0.008229771628975868,0,0.07109025865793228,0,0.04536605253815651
nomad,0xb3caa405b7d365a20d02a7a371bb3995cb644ea36d235398ed6d405267baa295,0,0,0.04325971007347107,0,0.003480838378891349,0,0.006735458504408598,0,0.06448809802532196,0,0.048230960965156555
nomad,0x4fa1d86ba2886ea79e016b9dd89b76d7a03cc532b71caed9aa34f28be1771b47,0,0,0.04326105862855911,0,0.0034813140518963337,0,0.006735818926244974,0,0.06450162082910538,0,0.04821828007698059
nomad,0x98bc063749be25dc8872da56e06baa074243388b9344e09235ace13df2800923,0,0,0.04325972869992256,0,0.003480856539681554,0,0.006735499948263168,0,0.06448841840028763,0,0.04823062941431999
nomad,0x6a686802d7e7ba43591b2aa6406fbc4a800927f649c9ab9556ec68ded956693b,0,0,0.04325774684548378,0,0.003480129176750779,0,0.006734995637089014,0,0.06446842849254608,0,0.04824940860271454
nomad,0x7e73398abaa2a787b1e68a6cd192493a3ddf9b313e5a3386865d7f0d146d42b7,0,0,0.04325975477695465,0,0.003480863058939576,0,0.006735490635037422,0,0.06448883563280106,0,0.04823032766580582
nomad,0x0c2f5965adbc46988495ef937765186350065e3f9f12944648e659502d301489,0,0,0.04325975477695465,0,0.003480863058939576,0,0.006735490635037422,0,0.06448883563280106,0,0.04823032766580582
nomad,0x29b92d6d04533047a41e2fae0ad5dc241ad1f5ef587600211cd9668fc3d15cb9,0,0,0.04325774684548378,0,0.003480129176750779,0,0.006734995637089014,0,0.06446842849254608,0,0.04824940860271454
nomad,0xd48206a3af777f5333bd68aee112a4efb7f7b24e0f9a95e1c61c96ad80d56889,0,0,0.04325975477695465,0,0.003480863058939576,0,0.006735490635037422,0,0.06448883563280106,0,0.04823032766580582
nomad,0xac3e5fc709f7dbe2e7374880c3be08ab9feeb44e72bd420d624bc1109361f30d,0,0,0.04325975477695465,0,0.003480863058939576,0,0.006735490635037422,0,0.06448883563280106,0,0.04823032766580582
nomad,0x1ada0e1733585bf54bde979eb4b802f3f1cbe5ddf5df4e33457d19ce47ef8a50,0,0,0.04325975477695465,0,0.003480863058939576,0,0.006735490635037422,0,0.06448883563280106,0,0.04823032766580582
nomad,0x78a609cc7b9681f2d1379d2167a6fa3914d3889b4b703478e798a49fc7abc4ae,0,0,0.04325975477695465,0,0.003480863058939576,0,0.006735490635037422,0,0.06448883563280106,0,0.04823032766580582
nomad,0x0459aedbcaf0ed164e161b580161c8015f23a85332ab01e3641d4037513e6de7,0,0,0.04325975477695465,0,0.003480863058939576,0,0.006735490635037422,0,0.06448883563280106,0,0.04823032766580582
nomad,0x4f632f76d95c6852233b67ec8197c3d24028a45605dc9ba42e5cd6298a86b830,0,0,0.04325975477695465,0,0.003480863058939576,0,0.006735490635037422,0,0.06448883563280106,0,0.04823032766580582
nomad,0x1f8f6fb3fba9356685da96b50612de6036ba420273a99bfe2b350ae8bb35b6af,0,0,0.04325774684548378,0,0.003480129176750779,0,0.006734995637089014,0,0.06446842849254608,0,0.04824940860271454
nomad,0x20e4145b59bcb49687fcd58d0c29f8dbdbc4992f7a84c10447849327c03c6a82,0,0,0.04325973242521286,0,0.0034808542113751173,0,0.006735499482601881,0,0.06448842585086823,0,0.04823063313961029
nomad,0x46ea7c7cf8bbf2a8bc6454e6334ff9aaa4454773c38183f8dd3718107a0fc7bd,0,0,0.04325972869992256,0,0.003480856539681554,0,0.006735499948263168,0,0.06448841840028763,0,0.04823062941431999
nomad,0x731ada760d920219f590ff069f41b4d53118fb0896be0a64d60314b1d65ec7af,0,0,0.04325972869992256,0,0.003480856539681554,0,0.006735499948263168,0,0.06448841840028763,0,0.04823062941431999
nomad,0xf80fdedbeef2ec9142b6e5bbbe677106413998ea6e95cce0b37303d396ecb416,0,0,0.04325975477695465,0,0.003480863058939576,0,0.006735490635037422,0,0.06448883563280106,0,0.04823032766580582
nomad,0x711cab637cdd50b6e7ed61c36576347aac7b77634e70608a84d41de694ea97a7,0,0,0.04325975477695465,0,0.003480863058939576,0,0.006735490635037422,0,0.06448883563280106,0,0.04823032766580582
nomad,0xbc1d1aa0b45441392e546f63e0d1ee2c7f2163eb0aa0c51a2f2f735353644d01,0,0,0.04325972869992256,0,0.003480856539681554,0,0.006735499948263168,0,0.06448841840028763,0,0.04823062941431999
nomad,0xbc0318f30318db9966ed03eff5458549d76e904f2909b022e1706149a0202dea,0,0,0.04325975477695465,0,0.003480863058939576,0,0.006735490635037422,0,0.06448883563280106,0,0.04823032766580582
nomad,0x4d5d8efc1f5ec46b3b411237d3877424556afc913ccb603d2ab75088f8d9dbdc,0,0,0.04325972869992256,0,0.003480856539681554,0,0.006735499948263168,0,0.06448841840028763,0,0.04823062941431999
nomad,0x3b9d46bc3e4de190c24573afba23a57c81fd5095a2d33d9818e95b1927c44ecb,0,0,0.04325972869992256,0,0.003480856539681554,0,0.006735499948263168,0,0.06448841840028763,0,0.04823062941431999
nomad,0x2b1292338505632950341c4ad48f93b918ea0f5836b6423b88753520c84b874c,0,0,0.04325975477695465,0,0.003480863058939576,0,0.006735490635037422,0,0.06448883563280106,0,0.04823032766580582
nomad,0xc7b6c05d9082063993b8b6bc82ca6f8edea97ca6a05bbfc28c432ea82ea55f28,0,0,0.04325975477695465,0,0.003480863058939576,0,0.006735490635037422,0,0.06448883563280106,0,0.04823032766580582
nomad,0xd58fdd8d30f55caa427168f73994b8d8e09a914b3e2341e6bc292576f5c81afd,0,0,0.04325975477695465,0,0.003480863058939576,0,0.006735490635037422,0,0.06448883563280106,0,0.04823032766580582
nomad,0x49483261e7c21b1a70ade9d467d238db8cc28c86c60d1f03da903f165fdf4776,0,0,0.04325975477695465,0,0.003480863058939576,0,0.006735490635037422,0,0.06448883563280106,0,0.04823032766580582
nomad,0x370b702ff21331a27cf2f434ea09deabc2447521ec007b10389423f849a19263,0,0,0.04325774684548378,0,0.003480129176750779,0,0.006734995637089014,0,0.06446842849254608,0,0.04824940860271454
nomad,0x67459b2b6d7ed5ee9535ec6e7788c9d776e42d827d59b5b401f9de6ac75e38aa,0,0,0.04325972869992256,0,0.003480856539681554,0,0.006735499948263168,0,0.06448841840028763,0,0.04823062941431999
nomad,0x2adcb5ebe120cbe776b5966527af024ba3aca3dc76af49c798a88ac265488dd4,0,0,0.04325975477695465,0,0.003480863058939576,0,0.006735490635037422,0,0.06448883563280106,0,0.04823032766580582
nomad,0x3a390ce758aa482995eedf4ac25c882994613fdac5f991e4e55c47a61d376f22,0,0,0.04325774684548378,0,0.003480129176750779,0,0.006734995637089014,0,0.06446842849254608,0,0.04824940860271454
nomad,0xf757bd528014ef186a073e891bea3b682d3332c55e84d9de425ef548b4a2c4ef,0,0,0.04325972869992256,0,0.003480856539681554,0,0.006735499948263168,0,0.06448841840028763,0,0.04823062941431999
nomad,0x0a9bd7759810cb97c97f433f8f305c7fc972890b99cb3388394cd15c1c2062f0,0,0,0.043260298669338226,0,0.0034810532815754414,0,0.006735620088875294,0,0.06449384987354279,0,0.048225585371255875
nomad,0x8df68ddbf9242b41aa4705fa34bc657db267736574c099de557db0184c29fcb2,0,0,0.04325973242521286,0,0.0034808542113751173,0,0.006735499482601881,0,0.06448842585086823,0,0.04823063313961029
nomad,0x7a05d8a9bce756a02095efd421d4ed8629cc3a8b053283400fb8b7c3f1349b00,0,0,0.04325975477695465,0,0.003480863058939576,0,0.006735490635037422,0,0.06448883563280106,0,0.04823032766580582
nomad,0x530dc237c64d4be83459ec49126537a30d1a58c50707e7ab2e140913cb12365a,0,0,0.04325975477695465,0,0.003480863058939576,0,0.006735490635037422,0,0.06448883563280106,0,0.04823032766580582
nomad,0x223b8072e47214b7b6dad38af4b62deb8072910321ea67b38ddba3d74b563e69,0,0,0.04325975477695465,0,0.003480863058939576,0,0.006735490635037422,0,0.06448883563280106,0,0.04823032766580582
nomad,0x8cccae7391bbf3e0be15dd3a44655c1876bb37675b5c88e2e60e2d3a34b4923f,0,0,0.04325975477695465,0,0.003480863058939576,0,0.006735490635037422,0,0.06448883563280106,0,0.04823032766580582
nomad,0x3574400bc101b9bd0bfdd4d2626b0991318241e1bb691692bc623be0128a1f90,0,0,0.04325975477695465,0,0.003480863058939576,0,0.006735490635037422,0,0.06448883563280106,0,0.04823032766580582
nomad,0xe851f00cd6033c2aa636af73d87739b5e7f9fd3b1d0e1af7de0c4634d0b9f12d,0,0,0.04325975477695465,0,0.003480863058939576,0,0.006735490635037422,0,0.06448883563280106,0,0.04823032766580582
nomad,0xd14698415811478ac309250f2af8f42dfad7d8e4f2381357c8dc9bf0277efb73,0,0,0.04325975477695465,0,0.003480863058939576,0,0.006735490635037422,0,0.06448883563280106,0,0.04823032766580582
nomad,0x0008d7c1d9f1c3033900c248803bda78ec8e623852a695f8d5ec06ae97765afc,0,0,0.04325975477695465,0,0.003480863058939576,0,0.006735490635037422,0,0.06448883563280106,0,0.04823032766580582
nomad,0xd6bd27d5879f89af31b7fde92d870289cd4ea6d5b51e112fcbfc9f93d24d7039,0,0,0.04325973242521286,0,0.0034808542113751173,0,0.006735499482601881,0,0.06448842585086823,0,0.04823063313961029
nomad,0x2b448ddce126faf45e071edc1607a3fde66a13acfe52497462c5005a8abe64c2,0,0,0.04325972869992256,0,0.003480856539681554,0,0.006735499948263168,0,0.06448841840028763,0,0.04823062941431999
nomad,0xe1558f3a4a429db576045920060bdc125d1d4e5e8470351678d1b6ca5c758c15,0,0,0.04325972869992256,0,0.003480856539681554,0,0.006735499948263168,0,0.06448841840028763,0,0.04823062941431999
nomad,0x79733e36be7e592b39dfcfc6cbd6b4a39d750144412682bda9c11b776c768576,0,0,0.04325972869992256,0,0.003480856539681554,0,0.006735499948263168,0,0.06448841840028763,0,0.04823062941431999
nomad,0x7d908aaed6a35033acb0f9ee12164874c9bcb2312d56ba66910d4b86f13c2fb5,0,0,0.04325975477695465,0,0.003480863058939576,0,0.006735490635037422,0,0.06448883563280106,0,0.04823032766580582
nomad,0x9d432bfaae24c3443df35f8b8ee11b22620bd318fa74866c240096e4c225677f,0,0,0.04325973242521286,0,0.0034808542113751173,0,0.006735499482601881,0,0.06448842585086823,0,0.04823063313961029
nomad,0xf062a071e7377fee21a627daef1c66d8600004bbcbcd06ebe621bbeafa9cc839,0,0,0.04325973242521286,0,0.0034808542113751173,0,0.006735499482601881,0,0.06448842585086823,0,0.04823063313961029
nomad,0x33ab475b9f72743ba8d6cd0490b4ba4d3b08d5d8afa742b413ce66c705fd4bf1,0,0,0.04325975477695465,0,0.003480863058939576,0,0.006735490635037422,0,0.06448883563280106,0,0.04823032766580582
nomad,0x80d24053f47e118b4d469dbff518c004838ac8f79defea5e5f2e876e36f18542,0,0,0.04325975477695465,0,0.003480863058939576,0,0.006735490635037422,0,0.06448883563280106,0,0.04823032766580582
nomad,0xd2d5af840cc2c8e5cdf1c910c036e111878ab0f95ee185a7150453f9efffddeb,0,0,0.04325975477695465,0,0.003480863058939576,0,0.006735490635037422,0,0.06448883563280106,0,0.04823032766580582
nomad,0x40f15c50f5323819a82fb5fe222a00827e66a256dd7b107bd90b500ab72670b2,0,0,0.04325975477695465,0,0.003480863058939576,0,0.006735490635037422,0,0.06448883563280106,0,0.04823032766580582
nomad,0xd5beea4a73145c8dd3478ae257041adac5fd3057fe0108afebf127270172b8ac,0,0,0.04325975477695465,0,0.003480863058939576,0,0.006735490635037422,0,0.06448883563280106,0,0.04823032766580582
nomad,0x99d73c0132d0d2ee4777428b3cb189a8938297ffd2cecbe79b2275383aa506c4,0,0,0.04325973242521286,0,0.0034808542113751173,0,0.006735499482601881,0,0.06448842585086823,0,0.04823063313961029
nomad,0x399952be2a49ed999fadf73044c1393ab4816b91e1f066956c4062f8976d7b77,0,0,0.04325972869992256,0,0.003480856539681554,0,0.006735499948263168,0,0.06448841840028763,0,0.04823062941431999
nomad,0xd3ad228c4a3b5bfe4b73c953a0f0764fee2ab15d4978a8aa7695aeb3ffb6965b,0,0,0.04325975477695465,0,0.003480863058939576,0,0.006735490635037422,0,0.06448883563280106,0,0.04823032766580582
nomad,0xac1a3f20d08a14b1b89289f4abbb24441c57d598863283140bebd50e389ed5fb,0,0,0.04325975477695465,0,0.003480863058939576,0,0.006735490635037422,0,0.06448883563280106,0,0.04823032766580582
nomad,0x02987668ad6af110068dd55c383a0f6222bf688383abbced8d6b750326724d66,0,0,0.04325975477695465,0,0.003480863058939576,0,0.006735490635037422,0,0.06448883563280106,0,0.04823032766580582
nomad,0x42461dfae67e870e4dc0b3f1c7cc2e9345206c559947ded06357b3de120ffdc0,0,0,0.04325975477695465,0,0.003480863058939576,0,0.006735490635037422,0,0.06448883563280106,0,0.04823032766580582
nomad,0x2cc396740f5a9bb562e4f34b64c03d976fff62b0cd2cd9d2072af986ab2898bd,0,0,0.04325975477695465,0,0.003480863058939576,0,0.006735490635037422,0,0.06448883563280106,0,0.04823032766580582
nomad,0xd55404d37171aec420b1d3cb11b996fbba6d50b86b02f562c1d0796729400097,0,0,0.04325975477695465,0,0.003480863058939576,0,0.006735490635037422,0,0.06448883563280106,0,0.04823032766580582
nomad,0x6e45ef1d33b63dfea9171611a025859eed8d1c05f1a0bab79a322a268d64dfd5,0,0,0.04325975477695465,0,0.003480863058939576,0,0.006735490635037422,0,0.06448883563280106,0,0.04823032766580582
nomad,0x1c86d4c046149a7fd56f16803140ed71fc2a85bd42b7fb21af08efdb09b69021,0,0,0.04325972869992256,0,0.003480856539681554,0,0.006735499948263168,0,0.06448841840028763,0,0.04823062941431999
nomad,0x2b6779b5c44fb7ae2cae200bdc846665e1ef463cfdfcd4a83f5dfbfb999f2f99,0,0,0.04325975477695465,0,0.003480863058939576,0,0.006735490635037422,0,0.06448883563280106,0,0.04823032766580582
nomad,0x12559e4f434f21ab52e1ef68e5341ede4b504656163f69d38daed4a10b2be631,0,0,0.04325972869992256,0,0.003480856539681554,0,0.006735499948263168,0,0.06448841840028763,0,0.04823062941431999
nomad,0x023e25bc285be1822999efcb2a7dd10bb37d52fbe9e8e4ff3e62849c877be4bb,0,0,0.04325975477695465,0,0.003480863058939576,0,0.006735490635037422,0,0.06448883563280106,0,0.04823032766580582
nomad,0x88d4666e441a47cc3b7320eb2b8de96a604153b02db9a9f5bef5f9b6be262b55,0,0,0.04325972869992256,0,0.003480856539681554,0,0.006735499948263168,0,0.06448841840028763,0,0.04823062941431999
nomad,0x2360e10200a4d9ef3b61adf03380a6781fdce89fd2c7d663201eb364762d9968,0,0,0.04325972869992256,0,0.003480856539681554,0,0.006735499948263168,0,0.06448841840028763,0,0.04823062941431999
nomad,0x196e8b72ace23c36cede26e9ac30d9595d5a29834a4d9b3ad8ed802de9d11923,0,0,0.04325994476675987,0,0.003480929881334305,0,0.006735544186085463,0,0.0644904375076294,0,0.04822870343923569
nomad,0x47e68424740f95242668143b95dec4518d93e610d566133bf715660091dacc51,0,0,0.043260298669338226,0,0.0034810532815754414,0,0.006735620088875294,0,0.06449384987354279,0,0.048225585371255875
nomad,0x9bffda0b408e253a2d858fac8c47265aae45fda1172648dac06b075d8be9ac95,0,0,0.03204721957445145,0,0.004325186833739281,0,0.008433323353528976,0,0.07065141201019287,0,0.04516100138425827
nomad,0x0519ef823465cec9236e1e365a7e2d0334fbeb0ee8fdec8a7e9c253937a3bfa3,0,0,0.04325971007347107,0,0.003480838378891349,0,0.006735458504408598,0,0.06448809802532196,0,0.048230960965156555
nomad,0xaa4e4cb89074175f9819e8af70737280c3e93a42d13cf3b4e58e10ad91658069,0,0,0.05176147446036339,0,0.005199996288865805,0,0.009946448728442192,0,0.07341771572828293,0,0.04998109117150307
nomad,0x0e15fbb9d66402aa61fd87cc0cb3f900da96963959b50e7be28c4a8abafa0589,0,0,0.04326080530881882,0,0.0034812395460903645,0,0.00673573138192296,0,0.06449903547763824,0,0.04822063446044922
nomad,0xa0bc9896979523e2d35583d8c20248a56c8e63dc57c3734c07b47b1671231cbe,0,0,0.1237681657075882,0,0.10767196118831635,0,0.0026354126166552305,0,0.008337446488440037,0,0.1477598249912262
nomad,0x02294b96d5d999cb74bd7b69f6b7027d7f57b631c083d0b0173e625b1aaad19d,0,0,0.044956501573324203,0,0.002536532236263156,0,0.003114280290901661,0,0.03912559896707535,0,0.11744838953018188
nomad,0x7b211aeb75eafd1c617b6bb68b99d727d21bc8bd94cd14788d3235349401ca79,0,0,0.12094086408615112,0,0.09302366524934769,0,0.0017402685480192304,0,0.009703620336949825,0,0.14585435390472412
nomad,0x7df9c62b990d7fd10653d9abc9edd4e420599a218eaf93e63a2283de5aaa9de7,0,0,0.12383897602558136,0,0.10760558396577835,0,0.002634563948959112,0,0.00833587534725666,0,0.14782506227493286
nomad,0xf6713b6eb5af9b0abac11210da1606f7512426f97a7eec62262f714a0146dbde,0,0,0.12094086408615112,0,0.09302366524934769,0,0.0017402685480192304,0,0.009703620336949825,0,0.14585435390472412
nomad,0xfcb2a1dab6e23be460d174e7df4836e140bb573e50770612e4745b599825a90f,0,0,0.04496374353766441,0,0.0025361974257975817,0,0.0031149352435022593,0,0.03912120684981346,0,0.11744397133588791
nomad,0x365e6b35c811afa5bfde716b97b99b0c821989466fc767e7663af21697629012,0,0,0.12374428659677505,0,0.1076938658952713,0,0.0026357017923146486,0,0.008337962441146374,0,0.14773859083652496
nomad,0x751032660e357b1490f17a6d47d2e42ea1c6b8497afdb81fc84225594c7b461f,0,0,0.044964734464883804,0,0.0025361403822898865,0,0.0031150206923484802,0,0.03912057727575302,0,0.11744336783885956
nomad,0x91e1616d7e3dea244f7c0907df3acdc3bbfe75d09828327d9ddc8e96743a94fa,0,0,0.12377075850963593,0,0.10766979306936264,0,0.0026353891007602215,0,0.008337385952472687,0,0.14776216447353363
nomad,0xbd1bb6c3637721861926662aa78391fce90dae59a5af3e276a3027f1d90a3c3b,0,0,0.12089009582996368,0,0.09305400401353836,0,0.0017410917207598686,0,0.009708434343338013,0,0.14583125710487366
nomad,0xabec1f7ddeebc21b461d954e13b6da8305aa2bfa0101219e0904cf576a3665ee,0,0,0.04454037919640541,0,0.002512437989935279,0,0.0033082759473472834,0,0.03855770081281662,0,0.12239538133144379
nomad,0xa94c85c58986622eab48c65d8dd0194b0f52ad8ead254409207cb150a5e43010,0,0,0.12093988060951233,0,0.09302428364753723,0,0.0017402847297489643,0,0.009703734889626503,0,0.14585377275943756
nomad,0x555b8136016afab9c71db873e6db08fd98722dc60b4132fe0cd800d92bd6d398,0,0,0.12381047755479813,0,0.1076328232884407,0,0.002634913194924593,0,0.008336514234542847,0,0.14779838919639587
nomad,0xa65527573e95a9f29dac217f42a07b39f89656cee04b253bc9fca7ccfbca8b84,0,0,0.044956501573324203,0,0.002536532236263156,0,0.003114280290901661,0,0.03912559896707535,0,0.11744838953018188
nomad,0xf48039d2648d2e9fb31cb5e96466c31a01a6f27196d696aea2701dae2f02753a,0,0,0.12096283584833145,0,0.0930083841085434,0,0.0017398516647517681,0,0.009701218456029892,0,0.1458658128976822
nomad,0x578635a6caec709390e62a3dc9bbcb26cbe230c9f70ed800976e4a9e46535625,0,0,0.04493490234017372,0,0.0025375608820468187,0,0.003112311474978924,0,0.03913867846131325,0,0.11746159195899963
nomad,0x6aa3e62164a832e68a77cb0ddd8e92e7b17f612d63b1ab31f78224f3e4853729,0,0,0.12088997662067413,0,0.09305407851934433,0,0.001741095446050167,0,0.00970844179391861,0,0.1458311378955841
nomad,0xc87cbdf6fce72d5d463c8f91cd2daa4e308c1b463de841f61e5cc82b44b3e829,0,0,0.04452064633369446,0,0.002513227052986622,0,0.0033060843124985695,0,0.03857000917196274,0,0.12239883840084076
nomad,0xafeccf7c12fdc26072adf27c5696fff785e8cbbedeea14bc9e28caa666270424,0,0,0.12377423793077469,0,0.1076665073633194,0,0.002635352313518524,0,0.008337329141795635,0,0.14776529371738434
nomad,0xac4ef859a431760473be86a4a5e29b0c90738dae31f4e1a8d4daecc89dff80c0,0,0,0.12377075850963593,0,0.10766979306936264,0,0.0026353891007602215,0,0.008337385952472687,0,0.14776216447353363
nomad,0xcd52f60564791c5ffa664f28b1b710dc0fcda9facff759976c0918d206ebb0f0,0,0,0.12375399470329285,0,0.10768495500087738,0,0.002635583747178316,0,0.008337746374309063,0,0.14774727821350098
nomad,0x74c1ae206ebab019dada81441ee11268bd17ed065d8e8866a9d4c5cc2a931e0b,0,0,0.044956501573324203,0,0.002536532236263156,0,0.003114280290901661,0,0.03912559896707535,0,0.11744838953018188
nomad,0x3eb597da9ebdff1bcda850c35eaf60e5e4310c885b5ef488cf9fc1249c15ae2b,0,0,0.12127885222434998,0,0.10767357051372528,0,0.002759156282991171,0,0.00818617083132267,0,0.14901301264762878
nomad,0x91437d559f07d34c338a068d7b6198a5b9d4cf2e79ce70daa1d49fdc47f7430c,0,0,0.12094492465257645,0,0.09302079677581787,0,0.0017401822842657566,0,0.009703187271952629,0,0.14585651457309723
nomad,0xcbc484237e53d5f7b130d4047492226b6f74bf5911192467ed62151f96e5cd78,0,0,0.11975646764039993,0,0.0922437459230423,0,0.00166206038556993,0,0.00967533327639103,0,0.1481144279241562
nomad,0x1da2dcb2eb5ba177200280b43ff52ebd60fada56debf21e3db844ba65233ce81,0,0,0.12094492465257645,0,0.09302079677581787,0,0.0017401822842657566,0,0.009703187271952629,0,0.14585651457309723
nomad,0xf584f680c659aa2a78a38e78ce2efa07f2ae0489c480696ccb3af5f6624519ac,0,0,0.0445101335644722,0,0.00251364684663713,0,0.0033049259800463915,0,0.0385766327381134,0,0.12240082025527954
nomad,0xda23954fe4ce7993f76024cc688c4bf390f0fcfe1f079493dcb27251400cfe05,0,0,0.12094492465257645,0,0.09302079677581787,0,0.0017401822842657566,0,0.009703187271952629,0,0.14585651457309723
nomad,0x157c9bd3d0f460cfaae762b0fe10cb120bfbe172a52852bccd1b412b49df4be6,0,0,0.04454975202679634,0,0.0019837638828903437,0,0.00231675966642797,0,0.03527511656284332,0,0.12122699618339539
nomad,0x587ab5ac4924729b4d8b2c53da8afae505147a4f08aaf7b63f0dfcf2a747d371,0,0,0.11981987953186035,0,0.0922098159790039,0,0.0016610856400802732,0,0.009669928811490536,0,0.14813899993896484
nomad,0xb7ecc4d1770bc72145cf1e6d57f909bdc2685bf0fd0c65b45782fe3b9db25c52,0,0,0.11979921162128448,0,0.09222105145454407,0,0.001661405898630619,0,0.009671732783317566,0,0.1481303572654724
nomad,0xb50d37a2bda5dc194ba0a5556a9a9769d46719572230e15c156792befd5796f8,0,0,0.0449400320649147,0,0.002537317806854844,0,0.0031127932015806437,0,0.03913550078868866,0,0.11745846271514893
nomad,0x11a2706fd9a7359c221000003129c2c4668138430128b7e123b7f1f1406840c2,0,0,0.12094492465257645,0,0.09302079677581787,0,0.0017401822842657566,0,0.009703187271952629,0,0.14585651457309723
nomad,0xd82c50639a0aa0fff573965df8340a70e205d1961ee2bd9920d0c52502428bf3,0,0,0.04454975202679634,0,0.0019837638828903437,0,0.00231675966642797,0,0.03527511656284332,0,0.12122699618339539
nomad,0x174d189189ba038ba6de011e2281dac5df6eb5e0d5f683335684948820a5908a,0,0,0.12094492465257645,0,0.09302079677581787,0,0.0017401822842657566,0,0.009703187271952629,0,0.14585651457309723
nomad,0x68c4781bb955a9f37d50fc4f721b3bdc4fb50102bf73a35db8547279429e54bf,0,0,0.11979839205741882,0,0.0922214537858963,0,0.0016614114865660667,0,0.009671768173575401,0,0.14813025295734406
nomad,0x98cbd53fc06ac9a6b52dcb6b9a03e401a27c3d92085e0303c8fd1d9f033611aa,0,0,0.04452187195420265,0,0.0025131748989224434,0,0.003306217724457383,0,0.03856921195983887,0,0.12239870429039001
nomad,0xbfd87ed2f2dccec6f2ac3c071ff3a492e52d2ab96419eb91f84630acf0f8db55,0,0,0.12094961851835251,0,0.09301748126745224,0,0.0017400996293872595,0,0.009702679701149464,0,0.14585886895656586
nomad,0x78b54bfd28d3abde01a840b61c5016436513a03f35db4d769de0e46119698a17,0,0,0.1209561750292778,0,0.09301300346851349,0,0.001739974832162261,0,0.009701949544250965,0,0.14586250483989716
nomad,0x9476967c26375265fdf6e2c49195da1bde8ef7abf30164571050e9068eb03600,0,0,0.1209561750292778,0,0.09301300346851349,0,0.001739974832162261,0,0.009701949544250965,0,0.14586250483989716
nomad,0x3bc89d5f4b4af165ad8b25e823fd34e53521ac30bfa6add2686e7388af868b5e,0,0,0.044951580464839935,0,0.0025367620401084423,0,0.003113828133791685,0,0.03912860527634621,0,0.11745138466358185
nomad,0x21e7b8672ba9e7317d5c3be8939acbea711d22c4bf4432b17c82d0416253ae4d,0,0,0.11979921162128448,0,0.09222105145454407,0,0.001661405898630619,0,0.009671732783317566,0,0.1481303572654724
nomad,0x3ad058d9fc9d92dfc03841ec890f29f75f1c3b14513f344777c44422ba4973da,0,0,0.04495697095990181,0,0.002536512678489089,0,0.003114333376288414,0,0.039125315845012665,0,0.11744821071624756
nomad,0x89cf33b30bd1e51d6f46bbde213f9f8c8ec740a3c10a83f27208105329ad1353,0,0,0.1238197386264801,0,0.10762406885623932,0,0.002634800039231777,0,0.008336301892995834,0,0.14780697226524353
nomad,0xcfa16133acbfd7e9ea3fa59e6406287206911a624a26e93a678f24b2a9485560,0,0,0.120984748005867,0,0.09299316257238388,0,0.0017394411843270063,0,0.009698829613626003,0,0.14587749540805817
nomad,0x70a3b52036257a465ca3b85999bfc07c0a348eda149f91c037090ac3a743a672,0,0,0.044956501573324203,0,0.002536532236263156,0,0.003114280290901661,0,0.03912559896707535,0,0.11744838953018188
nomad,0x06acddf5f1458b9fe852ae74bf5d0fe4b37b404113297908872f3ad1a00520e5,0,0,0.12378647923469543,0,0.10765530914068222,0,0.0026352007407695055,0,0.00833703950047493,0,0.14777612686157227
nomad,0x57f26c730674d37e425ba320b5789f8d276ba662c7a6c5ffd4a5b11d30365bb6,0,0,0.120984748005867,0,0.09299316257238388,0,0.0017394411843270063,0,0.009698829613626003,0,0.14587749540805817
nomad,0xc3ce0523da3845643099a5797e31842d7e8d69616b5053dcec15348ede6e8c2d,0,0,0.12091763317584991,0,0.09303875267505646,0,0.0017406756523996592,0,0.009706028737127781,0,0.14584264159202576
nomad,0x38c3ffbb39da396bc7f21a3b49e0447b0370de4ec799ebf5daad73ec110def4f,0,0,0.12378033250570297,0,0.10766083002090454,0,0.0026352815330028534,0,0.008337178267538548,0,0.1477707028388977
nomad,0x4ba2c9e0f69f31ef0719995119c4fbe91703ff454fe0f1507a48b31874f01d2b,0,0,0.11979775875806808,0,0.09222179651260376,0,0.001661424757912755,0,0.009671831503510475,0,0.1481298953294754
nomad,0x595ed86a0004b8b5a3c1cfb1687db2d088df3db3a8914d5cf39559add4534958,0,0,0.04496060311794281,0,0.002536337822675705,0,0.0031146553810685873,0,0.03912308067083359,0,0.1174459308385849
nomad,0xe3992839059b00ccf94542708d53e66d1e4127bcdf462c8a463d0c8343901f29,0,0,0.11979839205741882,0,0.0922214537858963,0,0.0016614114865660667,0,0.009671768173575401,0,0.14813025295734406
nomad,0xd9d2b0dca2b185ebcd99fe6d5936667c963f29834241f54544d3f693e35ad2a3,0,0,0.044953010976314545,0,0.00253669498488307,0,0.0031139603815972805,0,0.03912772983312607,0,0.11745060980319977
nomad,0xd4b237a6928648301e02d1f0fb8b1d7bd1cce3aa1ae0f15e04bb96a6596eefc6,0,0,0.1238197386264801,0,0.10762406885623932,0,0.002634800039231777,0,0.008336301892995834,0,0.14780697226524353
nomad,0xd27b6ef1b0f8313ebbca60856312adc4d8ae7eeb9255c5b02a8e81c4aac67d48,0,0,0.1238197386264801,0,0.10762406885623932,0,0.002634800039231777,0,0.008336301892995834,0,0.14780697226524353
nomad,0x0c4858f54f81c960387b8dd6284ca837926bef4025403b18b9e90cf42794a5fa,0,0,0.12093695253133774,0,0.09302632510662079,0,0.0017403403762727976,0,0.009704062715172768,0,0.1458522230386734
nomad,0x66d63acd4a14a66f8c1247b83fe86c1cdceb488b2b74f6b053a6d8d5d5b25138,0,0,0.12094086408615112,0,0.09302366524934769,0,0.0017402685480192304,0,0.009703620336949825,0,0.14585435390472412
nomad,0x44835833b08693470aafe340266dedf8b54f0166f42f4ac5742984044392a637,0,0,0.04454677179455757,0,0.001983779249712825,0,0.0023166697937995195,0,0.03527546301484108,0,0.1212301254272461
nomad,0x8aa97f27d2a90b3c5afdb0a19fc31736c08ee44dc05afbb00c8dcbbd3f7b44e3,0,0,0.12094086408615112,0,0.09302366524934769,0,0.0017402685480192304,0,0.009703620336949825,0,0.14585435390472412
nomad,0x37539a5580055792843cc65485e0743a334179770e65094221e9972b7daa7208,0,0,0.04496374353766441,0,0.0025361974257975817,0,0.0031149352435022593,0,0.03912120684981346,0,0.11744397133588791
nomad,0xc781a00311d4c8bd8eb9b5a5e5989762b1cbcc0043992473169394d329ef1886,0,0,0.04481695592403412,0,0.0025160396471619606,0,0.003018922172486782,0,0.03874724730849266,0,0.11560208350419998
nomad,0x3de2737a4efa81ee9ed86d4320d59a8d2e6871ef84d9cf335ddc0a017b9874dc,0,0,0.12094086408615112,0,0.09302366524934769,0,0.0017402685480192304,0,0.009703620336949825,0,0.14585435390472412
nomad,0xf724ae6ec4876d05ca740376bbc4e0ddedc5d0aafbf83e005de0ccbfc8a0c21f,0,0,0.12380621582269669,0,0.10763685405254364,0,0.0026349660474807024,0,0.00833660364151001,0,0.14779438078403473
nomad,0x70d8f4032397a010e32f6fae95c201b6c790edf6e5aba26000ba8166b6e7a6b3,0,0,0.12094492465257645,0,0.09302079677581787,0,0.0017401822842657566,0,0.009703187271952629,0,0.14585651457309723
nomad,0xcadf32aa7ff24fe03e052fd290918262020e13a030e5569e1e9c86de6625ac95,0,0,0.04496060311794281,0,0.002536337822675705,0,0.0031146553810685873,0,0.03912308067083359,0,0.1174459308385849
nomad,0xe5f5616f40d919e5d13e512d9f8089622218c8a34f5e61c81d8669b60c96b7d7,0,0,0.12096940726041794,0,0.09300379455089569,0,0.0017397277988493443,0,0.009700508788228035,0,0.14586937427520752
nomad,0x8a0bd6701f962aed8cc4bed03b23d8bef02ad66d1bdf9cd0deb1a33500e74c22,0,0,0.12093217670917511,0,0.09302965551614761,0,0.00174043164588511,0,0.00970459170639515,0,0.14584970474243164
nomad,0x7c8a54f83f8f33d431fbfe9ca7da8f8c37ff9166c9706a94e6d841a4c6592b7b,0,0,0.04326101019978523,0,0.0034813100937753916,0,0.006735813803970814,0,0.06450121849775314,0,0.04821857810020447
nomad,0x6b3b840b249e65ae26965d9303e5cfc01fbe07717bc155104ef543fcfb755fcc,0,0,0.0432608388364315,0,0.003481245832517743,0,0.006735753268003464,0,0.06449960172176361,0,0.04822024703025818
nomad,0x2354e8f8a9dddea2efe48e0bfbe279e28eec044705e7fc00c885da91b37ac862,0,0,0.0432608388364315,0,0.003481245832517743,0,0.006735753268003464,0,0.06449960172176361,0,0.04822024703025818
nomad,0xaebe3623d07a6a811958cadfb4d355f489dd2071b42e5a3af590004cee9385f7,0,0,0.05176223814487457,0,0.005199506413191557,0,0.009947692975401878,0,0.07341567426919937,0,0.049982987344264984
nomad,0x5989ecd242555af33f795a26eabf40933fc4095d6026fec57ae07a4905969a41,0,0,0.043263599276542664,0,0.0034822525922209024,0,0.006736451759934425,0,0.0645272508263588,0,0.0481942817568779
nomad,0x4bc9a52244d52b3efdabcb2e0ec08fd6d3efc8cb48362e593ae199ad87614f67,0,0,0.043262775987386703,0,0.0034819606225937605,0,0.006736257113516331,0,0.0645189881324768,0,0.0482020303606987
nomad,0xfe2f56f67593b7ae1d3b76d554886b978db24903521a2268ffa000d3ea5dcf18,0,0,0.05213142931461334,0,0.005345076788216829,0,0.009593255817890167,0,0.0739712119102478,0,0.049929678440093994
nomad,0x8b16928f7a61fdd310731cccaef8839888e98ecfd0ecb2130ee9d59c305884ea,0,0,0.052132438868284225,0,0.005344321019947529,0,0.009594946168363094,0,0.07396930456161499,0,0.04993307963013649
nomad,0xd0c3c96b416651cf04addfc98f56d367dd3f7c8796a928f2c6eed68fe1f5e7f1,0,0,0.051762595772743225,0,0.005199265666306019,0,0.009948286227881908,0,0.07341481745243073,0,0.04998388513922691
nomad,0x547195b054d41fbe89855c3c26cea158b9490ea875c396a4129b0f93732f7dae,0,0,0.04326349124312401,0,0.00348220719024539,0,0.006736444775015116,0,0.06452614814043045,0,0.04819528013467789
nomad,0x1941a582daa519fb54d388410b66f59486e99caa4822003fcd0e7258a61ae45c,0,0,0.04326217621564865,0,0.0034817331470549107,0,0.006736131384968758,0,0.06451284885406494,0,0.048207711428403854
nomad,0xeb710515677211ebcc49a46777949b0a80954e072d10c409858d3a265a8ceb83,0,0,0.04340566322207451,0,0.004223838914185762,0,0.00879109650850296,0,0.06926476955413818,0,0.045532699674367905
nomad,0x2215b3fa15fa910651cace1e74c3d811e6126aeb75034c6f2397fc7c3087d4cc,0,0,0.04323330149054527,0,0.0038610976189374924,0,0.00818370096385479,0,0.06781157851219177,0,0.04502043128013611
nomad,0xa5ebf89b5e9dd735b9312d46d64b851089a9d59f99f0dbc3981fc55724101f13,0,0,0.043262653052806854,0,0.003481911728158593,0,0.006736230570822954,0,0.0645178034901619,0,0.04820311814546585
nomad,0x07b640fa77df730a0e4bffdf0b07b4419870ae712e611fac1398158a87209f81,0,0,0.04326137527823448,0,0.003481432097032666,0,0.006735899019986391,0,0.0645047128200531,0,0.04821532964706421
nomad,0x7caaddd68b0a751b7b02781985016b839268a9e8d562570418e5163adc1c34da,0,0,0.04326045513153076,0,0.003481114050373435,0,0.006735676433891058,0,0.06449563801288605,0,0.048223864287137985
nomad,0x7278603206173510bb65388d263dcb9a98f30904341390510193db50427cfdc7,0,0,0.04326137527823448,0,0.003481432097032666,0,0.006735899019986391,0,0.0645047128200531,0,0.04821532964706421
nomad,0xb7508597b40b9433f97972763dc3b46c654fc11b44119376e2ed6eb2c8cea491,0,0,0.043260857462882996,0,0.003481254680082202,0,0.0067357830703258514,0,0.06449972093105316,0,0.04822012037038803
nomad,0x1300c9fdda9ee480b43fd8ceab825ef7c704933a26d858fd17d0f0e4907f1c42,0,0,0.04378878325223923,0,0.004230058286339045,0,0.008442394435405731,0,0.06815683841705322,0,0.045989926904439926
nomad,0x8df95bc3b8e8b15905745c2ec83aa3358009b0732ba144f96811c910033c380a,0,0,0.04326103255152702,0,0.0034813089296221733,0,0.006735828705132008,0,0.06450148671865463,0,0.04821844398975372
nomad,0x654abb2bd724e8b825e5587e2b1271fffba98977993b9f14010373ea9526923b,0,0,0.043260909616947174,0,0.003481284249573946,0,0.006735780742019415,0,0.06450025737285614,0,0.04821954295039177
nomad,0x75c9be9b853c24bae07d89dcbe7a651afbc2998724f259ba4b9a7f3dde12446d,0,0,0.032031893730163574,0,0.004239243920892477,0,0.008769276551902294,0,0.0706057921051979,0,0.045277759432792664
nomad,0x24def81bc32b9b9d0a58ca3e0aef0bf2ff5ba66d1c797fc8c60d41b0c5c22942,0,0,0.03201924264431,0,0.004409854765981436,0,0.008489541709423065,0,0.06978742778301239,0,0.04503071308135986
nomad,0xc11bf904529fb074f3618bd79772b72399c11d4c8688732f74184143ed410659,0,0,0.032073505222797394,0,0.004182004369795322,0,0.008479729294776917,0,0.07030248641967773,0,0.04552784189581871
nomad,0xf67ddce6b899abeab7784547500137481a4f27bea9f52fe0a73104cd50b7349a,0,0,0.04326103255152702,0,0.0034813089296221733,0,0.006735828705132008,0,0.06450148671865463,0,0.04821844398975372
nomad,0xf8f0361db0ec25d1b4dde19d23a40154e72ff4e424e13a2580d9dcd852975afc,0,0,0.03202293440699577,0,0.0040443288162350655,0,0.00819671805948019,0,0.07063841074705124,0,0.04513063654303551
nomad,0x8286d9d04e2ae0a9f5ab3ea4a071cbc4aedae2c5a3d115073de09c5ce74451d6,0,0,0.032046958804130554,0,0.004325154237449169,0,0.008433390408754349,0,0.0706505998969078,0,0.04516054317355156
nomad,0xe308ce49a360592c6ab98bcaac8905935e0b869afca3e1e71a9919dbbdf62500,0,0,0.043261345475912094,0,0.0034814339596778154,0,0.006735911592841148,0,0.06450451910495758,0,0.04821544885635376
nomad,0x147a9300e4a5494912773c8ee85d4a6c0e1c2cc3d98976e7e7da550685996a27,0,0,0.043409474194049835,0,0.004225486423820257,0,0.008788198232650757,0,0.06929512321949005,0,0.04550166800618172
nomad,0x6d1bc02c96dd110777c357c26bd0b9b1bbb50989dcb797f03e0e1805875e0cea,0,0,0.04326149821281433,0,0.0034814930986613035,0,0.006735931616276503,0,0.06450613588094711,0,0.04821405187249184
nomad,0x01c90840ed56a5cc2f3ef654bc686014eeeb3ef42f485b66305914b4b520db1f,0,0,0.043260835111141205,0,0.0034812442027032375,0,0.0067357514053583145,0,0.06449931859970093,0,0.0482204370200634
nomad,0x7cc2cd352bec3c35c83f874efb68a061a9e6c635f9899b73ad316d17c67268f1,0,0,0.043260835111141205,0,0.0034812442027032375,0,0.0067357514053583145,0,0.06449931859970093,0,0.0482204370200634
nomad,0x798de79e08c0144470a6be2c4169e87f95ae0aacaa22932b43ca51a770a9bdf8,0,0,0.043259937316179276,0,0.0034809252247214317,0,0.006735527887940407,0,0.06449039280414581,0,0.04822884872555733
nomad,0x24230e858be93d180fb5bd469d962d8068f08f2b54904d1f058b2112cb8d1fa4,0,0,0.04378891363739967,0,0.004230138845741749,0,0.008442278951406479,0,0.0681585893034935,0,0.045988116413354874
nomad,0x373c45e777c439ca3563d86bdda5580c7a092305c10c7c2b565dc4636db667f7,0,0,0.043260835111141205,0,0.0034812442027032375,0,0.0067357514053583145,0,0.06449931859970093,0,0.0482204370200634
nomad,0xb0186884fc73e1a4b0fef013091967a4fa648560aad05b83cc335506bcc882be,0,0,0.04326071962714195,0,0.0034811922814697027,0,0.006735737435519695,0,0.06449802964925766,0,0.04822155088186264
nomad,0xf1f4f3fd1d74694c3814d4e7990a09b1c9c426d7e308018295e4408de25e799d,0,0,0.043406892567873,0,0.004224367439746857,0,0.008790126070380211,0,0.0692746490240097,0,0.04552266001701355
nomad,0x960b4c7227b9c38a67d8a9ecbd2fa971e58db931c35912d9cc1c2822e92b4300,0,0,0.043413251638412476,0,0.004300094209611416,0,0.00825414340943098,0,0.06870533525943756,0,0.04592393711209297
nomad,0x5f0efb8e945e95338dc084ac3060d6d1bfa69d1e8f3bd1c7d0496f9363b31b94,0,0,0.043259937316179276,0,0.0034809252247214317,0,0.006735527887940407,0,0.06449039280414581,0,0.04822884872555733
nomad,0xa6d75213a0fc5488112d67def109801004626e77e3dbf6e4d9ba9cfa5eba8a8b,0,0,0.043413251638412476,0,0.004300094209611416,0,0.00825414340943098,0,0.06870533525943756,0,0.04592393711209297
nomad,0xbee454e4aadf98c96df57ab3c8a963be993e4a468ca09447aebbc2103b8401eb,0,0,0.04340652376413345,0,0.004224204923957586,0,0.008790434338152409,0,0.06927154213190079,0,0.045525774359703064
nomad,0xffc4d0ceddd689e0a6df8e06955a02b3e049daa401ab6b33f7b862bfdfa38d6a,0,0,0.04326091706752777,0,0.0034812812227755785,0,0.006735803559422493,0,0.06450030952692032,0,0.04821944609284401
nomad,0x794135750db90cf346b08dc3de668cb19ea69f59bc59e7f158759508ed9a1393,0,0,0.04378878325223923,0,0.004230058286339045,0,0.008442394435405731,0,0.06815683841705322,0,0.045989926904439926
nomad,0x7310232261e324a6ae66d9df207a4bf5e37cdb5c3eaad6b10c6d6c08f83ba644,0,0,0.043406892567873,0,0.004224367439746857,0,0.008790126070380211,0,0.0692746490240097,0,0.04552266001701355
nomad,0xb0f26be1903cd27819880c3cb282726bddf0e33c9e5242f7ec03a89400b555a0,0,0,0.05213121324777603,0,0.005345243029296398,0,0.009592847898602486,0,0.07397168129682541,0,0.04992891848087311
nomad,0x2b11a5ee3f155c87ce063868d3ea575b0acd846e2bb4c19e29abda0ba0127655,0,0,0.052131153643131256,0,0.005345254670828581,0,0.009592823684215546,0,0.0739717185497284,0,0.04992883279919624
nomad,0x2c619987417ffe8f58bc2f636ce739f7bc8f97d4a8366585c2fbac4934e8015b,0,0,0.043414562940597534,0,0.004300713539123535,0,0.008253419771790504,0,0.06871630251407623,0,0.04591267183423042
nomad,0x4c45a48c0e58df709f16d372f98673b0a51bd732eb6b5242c045fd6e38da8d1d,0,0,0.043260835111141205,0,0.0034812462981790304,0,0.006735752336680889,0,0.06449931859970093,0,0.0482204370200634
nomad,0xb70db54b4b0ea53457ecdc472b789bf18aebda757fe75f7f0b0e720704f358a8,0,0,0.043260835111141205,0,0.0034812442027032375,0,0.0067357514053583145,0,0.06449931859970093,0,0.0482204370200634
nomad,0x4c923eeb6d832bf0c08f5c27f3edc4efca9e2af7298fd7f78cdfccb792b16953,0,0,0.043260835111141205,0,0.0034812462981790304,0,0.006735752336680889,0,0.06449931859970093,0,0.0482204370200634
nomad,0xed5c65f93d9f904a722ca28029653e4f58468cc7992bd193e09c57e6e3a3f5f7,0,0,0.043232135474681854,0,0.003860131371766329,0,0.00818487349897623,0,0.06779070198535919,0,0.04503731057047844
nomad,0xb26ad05798d8d2ca370d9f210de196706f351990c811844d76f67f510dc2e5b8,0,0,0.04378845915198326,0,0.004229794256389141,0,0.008442643098533154,0,0.06815158575773239,0,0.045995213091373444
nomad,0x3bb9d9aa6aaf16ea615989e39684d830c4a9a65d90ed3f221cc6f4b09c3675bd,0,0,0.05176340416073799,0,0.005198747385293245,0,0.009949641302227974,0,0.07341277599334717,0,0.049985937774181366
nomad,0x9a093ec570855a5039c2565ed443778961b5ecaf33d21ea2960186748b1591a7,0,0,0.05213087052106857,0,0.005345473065972328,0,0.00959232822060585,0,0.07397227734327316,0,0.04992784187197685
nomad,0xb3f9556c630dea653909ac437df97540b870e6b4e20f9c410779425685c148d5,0,0,0.04341379180550575,0,0.004300334956496954,0,0.008253824897110462,0,0.06870957463979721,0,0.04591949284076691
nomad,0x1910aed491acedc0d8a7f3fbbc30db30832007a2e1994268785ea590090bdd5a,0,0,0.052132438868284225,0,0.005344321019947529,0,0.009594946168363094,0,0.07396930456161499,0,0.04993307963013649
nomad,0xc14d5659d1ca9d506df6240010da7b33de5014149e8a7a47268e2254dfd517c4,0,0,0.03203302621841431,0,0.005218335893005133,0,0.009908858686685562,0,0.07425342500209808,0,0.04481591284275055
nomad,0xc86ed79f5b1b037cc326923d021cbf5d3b76581c6069db94a8038b8efcec669e,0,0,0.04326045513153076,0,0.003481114050373435,0,0.006735676433891058,0,0.06449563801288605,0,0.048223864287137985
nomad,0xae2aee4a5b8793fb7769c50f46dcfe1bf3b34e5ae31decabbaa31ac31b354484,0,0,0.04341548681259155,0,0.004301125183701515,0,0.008252933621406555,0,0.0687241405248642,0,0.04590493068099022
nomad,0xaa8d11a9667451739fffe4d1cfab7622d47cc0bca8992b75ef8cc99ceae2ca8b,0,0,0.04326103627681732,0,0.0034813089296221733,0,0.006735829170793295,0,0.06450148671865463,0,0.04821845144033432
nomad,0xbe3f58270fc4e2ff7d6e67164ce546b6d3bc7bc576a9c9cedfa55cda68d35adc,0,0,0.05213301628828049,0,0.005343906581401825,0,0.009595921263098717,0,0.0739680677652359,0,0.0499349869787693
nomad,0xced0d2d2ffef9f9a510f991c872e9881feba92dae28afd90ddd1f8720eede807,0,0,0.043260835111141205,0,0.0034812442027032375,0,0.0067357514053583145,0,0.06449931859970093,0,0.0482204370200634
nomad,0x346f06d9934b89867973ed30561387b934fabfd44c7a7a8cd86a26036df8ce72,0,0,0.07759859412908554,0,0.05424532666802406,0,0.11932352185249329,0,0.25859534740448,0,0.02464359439909458
nomad,0xeb398e114c1b13fa803f57bd4ffcc594bfa2515f0e5d029de938ffb48c5234aa,0,0,0.0778517872095108,0,0.054088957607746124,0,0.12163776159286499,0,0.25840136408805847,0,0.02568046934902668
nomad,0xd585a9c52e59a0dbd9c477869e09e35278db7c7e28da43a7f71df91d82cefb61,0,0,0.07789267599582672,0,0.05253475159406662,0,0.11945775896310806,0,0.25539377331733704,0,0.024675002321600914
nomad,0xae643a58ea6b3ec543e7ccbb034af0c6dc96895191985506b8baec676c2f021c,0,0,0.07784225046634674,0,0.054080069065093994,0,0.12168227881193161,0,0.25837695598602295,0,0.02568379044532776
nomad,0xfad6d4580e426c2e0623dc051188c5f54c541c6b3e803a55658502282736e9ec,0,0,0.0775967612862587,0,0.054243460297584534,0,0.1193302720785141,0,0.2585926055908203,0,0.024643605574965477
nomad,0x2a9bf95e529b0d59113342b946aeadc686fea79a5760a2e5bf471c80f197805a,0,0,0.07784923166036606,0,0.054086554795503616,0,0.12164974957704544,0,0.2583945691585541,0,0.025681374594569206
nomad,0xd869a8a303ef0274215f5728fbfad9e6b323f6f0f4b3806f03f8cae58bc18a0c,0,0,0.07763229310512543,0,0.05409034341573715,0,0.11866486817598343,0,0.25803154706954956,0,0.024582641199231148
nomad,0xcca9299c739a1b538150af007a34aba516b6dade1965e80198be021e3166fe4c,0,0,0.0776238739490509,0,0.05408200994133949,0,0.11869347095489502,0,0.25801536440849304,0,0.024582426995038986
nomad,0x635a4549ef471f244d6f7c677a75dbb06afe3efcf16b02781e078abe8aa82097,0,0,0.0776238739490509,0,0.05408200994133949,0,0.11869347095489502,0,0.25801536440849304,0,0.024582426995038986
nomad,0x7864b32ddafa0172d0f362a1e01476c0221e999c36195b08ae92faf9dbf52cfa,0,0,0.07762527465820312,0,0.05408342927694321,0,0.11868838965892792,0,0.2580181360244751,0,0.024582456797361374
nomad,0x8e32f8ff402538ec817df483864492c243e3f82b020170e59bd46e53a716d093,0,0,0.11813019216060638,0,0.09550730139017105,0,0.0018632033606991172,0,0.00928259827196598,0,0.14692610502243042
nomad,0xf1885e51b1e36955838c52c0db70478f4c3a4c203906ab7f9f6454636dcc573f,0,0,0.12094449251890182,0,0.09302099049091339,0,0.0017401904333382845,0,0.00970320962369442,0,0.14585620164871216
nomad,0x100768780614cbfb0894d4852414e0df705107591e614f90917f7ba0eeed7b19,0,0,0.12378142774105072,0,0.10765984654426575,0,0.0026350112166255713,0,0.008338292129337788,0,0.14777322113513947
nomad,0xcb217e985f8a2a7e83db682dd8c29a8304b568f41a0b5d5d0462ed9971174b09,0,0,0.07758770138025284,0,0.05423414334654808,0,0.11936404556035995,0,0.2585776746273041,0,0.02464364469051361
nomad,0x41c183b94af3d9e89a6351ae2172fdc7cb04cdc5139feebc25aa4bd404ce5959,0,0,0.12380145490169525,0,0.1076413244009018,0,0.002634767908602953,0,0.008337832055985928,0,0.14779140055179596
nomad,0x0b978ae28920d12770100d80e5807b2413dbe4cc9438a01c2c16ac9bb480024f,0,0,0.12378142774105072,0,0.10765984654426575,0,0.0026350112166255713,0,0.008338292129337788,0,0.14777322113513947
nomad,0x44b7369d1c90d1515bcf27b48bf9ae9819db98dd456dafd94d500255045d95fd,0,0,0.059005577117204666,0,0.00223243935033679,0,0.0028205695562064648,0,0.04722341522574425,0,0.0674872100353241
nomad,0x4f72b50f8e63e1b9ba2f8b6aed5fc6989b8e30cb529e0684917113daedcfb68e,0,0,0.11982344835996628,0,0.09220786392688751,0,0.0016610210295766592,0,0.009669605642557144,0,0.1481408327817917
nomad,0xaf0ea95aaea311c60204eaaa00f6cb4a29f8efcb12deb98fcb7a765b9aaa9fbf,0,0,0.12094449251890182,0,0.09302099049091339,0,0.0017401904333382845,0,0.00970320962369442,0,0.14585620164871216
nomad,0xa4be98ca27a1c6bbefb861d17a4d493f5273396c31617badf78b2e73f05a09c0,0,0,0.1237717941403389,0,0.10766864567995071,0,0.0026351199485361576,0,0.008338477462530136,0,0.1477646678686142
nomad,0xc792ba7d5f01e9b84fb852a038c4e1b2b14ab626356966f8d2e73000ae02a201,0,0,0.12378142774105072,0,0.10765984654426575,0,0.0026350112166255713,0,0.008338292129337788,0,0.14777322113513947
nomad,0x478aeaff1518332e3ebd2f32156d0d0aa757b44bc51532095923a93264b48c88,0,0,0.12093450874090195,0,0.0930279791355133,0,0.001740385196171701,0,0.009704328142106533,0,0.14585086703300476
nomad,0xb63f73e948ee48c89b4109b66e510424c9b91673c2cfd92a584bf58c30c36341,0,0,0.1209411695599556,0,0.09302350133657455,0,0.001740266801789403,0,0.009703598916530609,0,0.14585451781749725
nomad,0x57372a77c2d1c5762099d3957765a8de004f41ecf98baafd1ed94c3d0c2635dd,0,0,0.12378142774105072,0,0.10765984654426575,0,0.0026350112166255713,0,0.008338292129337788,0,0.14777322113513947
nomad,0x1a5edbcd873dd3d99a725b2d3dab8b83877eaf76f298739953ecfc02916b4a12,0,0,0.1209411695599556,0,0.09302350133657455,0,0.001740266801789403,0,0.009703598916530609,0,0.14585451781749725
nomad,0x4c54bfb1152696b290b238926cb1d4da1b28ef8ae413cbe125da79f3b04ce0ff,0,0,0.12382076680660248,0,0.10762295126914978,0,0.0026345259975641966,0,0.008337399922311306,0,0.14780941605567932
nomad,0x2e7a059445a3d72ac8a3b0d1fdbd0423909e12ce1cfeea9ef55a0c543c6f7970,0,0,0.12378142774105072,0,0.10765984654426575,0,0.0026350112166255713,0,0.008338292129337788,0,0.14777322113513947
nomad,0x7f5f1255e38c0bec592d1a880eaaf3c23030ceee04bc93b9e20e63a434aca855,0,0,0.07758767157793045,0,0.05423407256603241,0,0.11936424672603607,0,0.2585776150226593,0,0.02464364655315876
nomad,0xc200879e7dfc2119e1e61e3138e017901fdd7649fb3277d5b21f1678dc4fbe7d,0,0,0.12367692589759827,0,0.10806210339069366,0,0.002716819755733013,0,0.008249785751104355,0,0.14835107326507568
nomad,0xf4b52dfaceb92c2bfb765745fd4d869ed7c26523df6eff652b79e21fc3d2c0a3,0,0,0.12094403803348541,0,0.0930214375257492,0,0.0017402115045115352,0,0.009703299030661583,0,0.1458560675382614
nomad,0x059f94219e4df6b21dba14ac49e9f5749b9915c1ff4e159e116efd65b417dade,0,0,0.0778375118970871,0,0.054075706750154495,0,0.12170432507991791,0,0.25836482644081116,0,0.02568541094660759
nomad,0xc74d912004df89bcfd6bdff84b1e9e66f13748c0d77ff6057ce3626e24bd0276,0,0,0.07783447951078415,0,0.05407283082604408,0,0.12171845883131027,0,0.25835713744163513,0,0.025686481967568398
nomad,0x774f73ad581f73b560874f76269f93b8b68be12d9ccda886f262771ee49187c1,0,0,0.07783966511487961,0,0.05407760292291641,0,0.12169431149959564,0,0.2583703100681305,0,0.02568468265235424
nomad,0x5dd494f0c7e2efda5942bcd33255791a6429245271cf173c2e3cd94b2ca146b8,0,0,0.0778479054570198,0,0.05408533662557602,0,0.12165581434965134,0,0.25839126110076904,0,0.025681842118501663
nomad,0x2b3e1fdbd12d024d68c431e8ae8ee16943b4a8649e9be2058f7f3b9c29f957f7,0,0,0.07758612185716629,0,0.05423249304294586,0,0.11937002837657928,0,0.25857508182525635,0,0.024643663316965103
nomad,0xa4b1e6e9f817c03b808c35a9caaf319ce47c689ea91a87226b466f638973890e,0,0,0.0778961330652237,0,0.05253817141056061,0,0.11944573372602463,0,0.255405992269516,0,0.0246750358492136
nomad,0xcd0b9c98b0714995654fd0243404b79fff11427c96e42deab33a283b1156472a,0,0,0.07759921997785568,0,0.05424601584672928,0,0.11932115256786346,0,0.2585965096950531,0,0.024643583223223686
nomad,0xca8b52dafc2fddd84d0773c23a0a78942d493c96b3ebf460c234527c724d8fad,0,0,0.07780591398477554,0,0.05387027561664581,0,0.11917451024055481,0,0.2574624717235565,0,0.02433207631111145
nomad,0x15702afd8558b297d4c19cb2fd97bcf2745dc04270f576e7ced3d92509d9d963,0,0,0.07762828469276428,0,0.054086390882730484,0,0.11867821961641312,0,0.25802403688430786,0,0.024582549929618835
nomad,0x3bb844cc2aae7979421010513e3107504d0b5204b2272f059bdd3bee56a531a7,0,0,0.0776282325387001,0,0.05408633500337601,0,0.11867830902338028,0,0.25802382826805115,0,0.024582529440522194
nomad,0x830b60e4132f564143f009c8d346b9076679368e96cda9aa13dd1b4f4234fa50,0,0,0.07760059088468552,0,0.05424748361110687,0,0.11931587755680084,0,0.25859880447387695,0,0.02464357018470764
nomad,0xede3e5f5d840daef3c9cadcafe54cca73336e063c74e786736f0774cf1aa1b95,0,0,0.07762690633535385,0,0.054085150361061096,0,0.11868266761302948,0,0.25802135467529297,0,0.024582514539361
nomad,0xaa063efbfe959642392bd8ac060ec14c4d670bb45673bd017b95ff13a62b62c8,0,0,0.07763299345970154,0,0.05409092828631401,0,0.1186625063419342,0,0.25803273916244507,0,0.02458265796303749
nomad,0xe15c30b8f7e6a35416552a2d104672b98a27528504c101fde735cb8261b8f78c,0,0,0.07784763723611832,0,0.05408512055873871,0,0.1216571107506752,0,0.2583906352519989,0,0.025681907311081886
nomad,0xff60089ae9c56ef7c894b895c58786ddeb64926d2d8df80bbbaf08feea41ef8a,0,0,0.07758907228708267,0,0.05423550680279732,0,0.11935914307832718,0,0.25857996940612793,0,0.024643629789352417
nomad,0xbb2db56b7fc8261b13e5b565ca2f5cdc25f04674931459b5b4efdfd8a298754a,0,0,0.07759921997785568,0,0.054246023297309875,0,0.1193210780620575,0,0.25859659910202026,0,0.024643564596772194
nomad,0x1a1d429e91ad70040301e5b17124ae67165f8da5d05127d9314279cbcadc3bd5,0,0,0.07785008102655411,0,0.054087430238723755,0,0.1216457188129425,0,0.25839683413505554,0,0.025681082159280777
nomad,0x40ecbe10f1539d52bcb43625b79c97e313a1504cd5ff12b8fc6e962047408519,0,0,0.07783888280391693,0,0.0540769100189209,0,0.12169797718524933,0,0.25836828351020813,0,0.025684963911771774
nomad,0x66770a39135b264572bb68e36b609c998b9e0c1fd4a255f5bd6103723942033c,0,0,0.07762768119573593,0,0.05408583953976631,0,0.11868029087781906,0,0.25802287459373474,0,0.024582520127296448
nomad,0xd928c4cdf136308c40af671eb4c1e83884508ab44eff1ca2cdcdd15170bbc380,0,0,0.07784223556518555,0,0.05407997965812683,0,0.12168246507644653,0,0.2583767771720886,0,0.02568380907177925
nomad,0x417be5d4bb5027fb9b94f4ef98fb57bc4dd7b46852d668efafebde4548d663d4,0,0,0.07785119116306305,0,0.05408841744065285,0,0.12164044380187988,0,0.25839963555336,0,0.02568068541586399
nomad,0x8c475bff9d0d2f459a603a34c6cdb0a60406fbb8d46c2abbc165b64d9e5997f2,1,0,0.037739697843790054,0,0.0064498260617256165,0,0.002556350314989686,0,0.03171738237142563,0,0.012990440241992474
nomad,0xef73e48c1be5f0254125db589e60b2854b90f98d369c9cf2aae49ba7d51f6257,1,0,0.051626306027173996,0,0.005284290760755539,0,0.009268328547477722,0,0.07322375476360321,0,0.0508512482047081
nomad,0xcd54193008330871d84c191bbf2f2fafa338420052b1523e157817536ac15d0e,1,0,0.051626306027173996,0,0.005284290760755539,0,0.009268328547477722,0,0.07322375476360321,0,0.0508512482047081
nomad,0x470646732ebeffb48c4063b0aea00b5137174a47bcd22fe49b4ab6186cf9551f,1,0,0.03926631808280945,0,0.006287879776209593,0,0.002392489928752184,0,0.03126061335206032,0,0.012875750660896301
nomad,0x763e74d6361bb2103ffc1a76e431026a5bd21186226b2401903ffdb58704c6cd,1,0,0.023285096511244774,0,0.0035105478018522263,0,0.002567572984844446,0,0.019089307636022568,0,0.03073815442621708
nomad,0x9310639f61bb86b372b0d3cecf33151b41c11b6e2efb56246d9ca8505a1eb35f,1,0,0.039296191185712814,0,0.005826855078339577,0,0.002185812219977379,0,0.030403897166252136,0,0.012814668007194996
nomad,0x29b67e0701ddd910ff6a069aa039015eb78b1ee6d99ad8da5d0ef63916f3fd57,1,0,0.03929419443011284,0,0.005827498622238636,0,0.002185771707445383,0,0.030409671366214752,0,0.012815520167350769
nomad,0x39b107d43d88f1120e4310818c6c1e797125cf202faa299b81c8714e5c3d6691,1,0,0.052128441631793976,0,0.005347308237105608,0,0.009588164277374744,0,0.07397729903459549,0,0.049919553101062775
nomad,0xe0112511747dd3b0c300925878a05f4c6b77065be79bb214a822f11505256e0a,1,0,0.052128441631793976,0,0.005347308237105608,0,0.009588164277374744,0,0.07397729903459549,0,0.049919553101062775
nomad,0xb1d7a67de918761cdbe821b9ce2c887bea45da26841f8af851952c61e4680c60,1,0,0.03928607329726219,0,0.00582995917648077,0,0.0021856119856238365,0,0.030432768166065216,0,0.012818980030715466
nomad,0x61497a1a8a8659a06358e130ea590e1eed8956edbd99dbb2048cfb46850a8f17,1,0,0.03773990646004677,0,0.006449710577726364,0,0.0025563989765942097,0,0.03171642869710922,0,0.012990308925509453
nomad,0x40163166dfeaab8ee80e7b0acc62768cef84b7047b42b09827b29a8d77f383a9,1,0,0.03792668879032135,0,0.006797911133617163,0,0.002701018936932087,0,0.03224853798747063,0,0.013029382564127445
nomad,0xb1fe26cc8892f58eb468f5208baaf38bac422b5752cca0b9c8a871855d63ae28,1,0,0.051625411957502365,0,0.005285321734845638,0,0.00926639698445797,0,0.07322714477777481,0,0.05084547400474548
nomad,0xa5fe9d044e4f3e5aa5bc4c0709333cd2190cba0f4e7f16bcf73f49f83e4a5460,1,0,0.051625411957502365,0,0.005285321734845638,0,0.00926639698445797,0,0.07322714477777481,0,0.05084547400474548
nomad,0x3f9083e432932d83e5b4560203b5a24395bcb24ae3eac0356ee3ca52665b518f,1,0,0.03792668506503105,0,0.00679796002805233,0,0.0027009814511984587,0,0.03224895894527435,0,0.013029450550675392
nomad,0xfff02d5797ae4d5737dc86b36f8ab30737d4a0f5febef2a221664c6641d5d35d,1,0,0.023169228807091713,0,0.004246339201927185,0,0.003020885633304715,0,0.01784682273864746,0,0.03141374513506889
nomad,0x498a0778cc8448a10054d71508dee1a65b5f336daebba8ef859e712000391db9,1,0,0.051625411957502365,0,0.005285321734845638,0,0.00926639698445797,0,0.07322714477777481,0,0.05084547400474548
nomad,0x7db5e5f962347376521f4c7a1dcf0605c7bee2a2fce4106fca44becc3b280304,1,0,0.0377407930791378,0,0.0064504146575927734,0,0.002555845770984888,0,0.03172652795910835,0,0.012991639785468578
nomad,0x1f81aeb9f1c8ee7c672552edd6e0d058afa8dc3d2010be6ee58bf1a9b762b9d4,1,0,0.03792734816670418,0,0.00679747061803937,0,0.0027013160288333893,0,0.0322447344660759,0,0.013028795830905437
nomad,0x5c5f3325d212b8e0863c76995b5aa54aaf22723c3fbd68b38f33b1309c8b16bd,1,0,0.051626306027173996,0,0.005284290760755539,0,0.009268328547477722,0,0.07322375476360321,0,0.0508512482047081
nomad,0xb0447743d0d29c57565658ab5d1a2fe809d16f82816cc704ae67485a41f9888c,1,0,0.051626306027173996,0,0.005284290760755539,0,0.009268328547477722,0,0.07322375476360321,0,0.0508512482047081
nomad,0x8ce141bfa83dd0f48de412bbe94e866bc6e9eeb3fab1ba1f1e19e719aebeb34d,1,0,0.023169459775090218,0,0.004246558994054794,0,0.0030206756200641394,0,0.017846129834651947,0,0.03141607716679573
nomad,0x73ae1f3a7f81d140e2101058f539e012b5ce6b3210993af50a34e9a76d5413e9,1,0,0.051626306027173996,0,0.005284290760755539,0,0.009268328547477722,0,0.07322375476360321,0,0.0508512482047081
nomad,0x56b4ade16ad35792f0515da867c3124210ef233b4b18f047b470976da8034f61,1,0,0.051626306027173996,0,0.005284290760755539,0,0.009268328547477722,0,0.07322375476360321,0,0.0508512482047081
nomad,0xa9ddf5f8c22c33f814aee70b2a86021c19af5f656423c5e14090fd0fe894361a,1,0,0.052128441631793976,0,0.005347308237105608,0,0.009588164277374744,0,0.07397729903459549,0,0.049919553101062775
nomad,0xe7fd692fcfae783149b695fc908c865669cc2be808ab47faabfe672eb014158c,1,0,0.052128441631793976,0,0.005347308237105608,0,0.009588164277374744,0,0.07397729903459549,0,0.049919553101062775
nomad,0xa304a513cc1b62da3d0237b90078f3f9f9e20fac38718e1c04dd2e589bef51bd,1,0,0.052128441631793976,0,0.005347308237105608,0,0.009588164277374744,0,0.07397729903459549,0,0.049919553101062775
nomad,0x1eaf063edb953ecc76eb318806efe71e8e52090f296a669a01162803f3ee10ac,1,0,0.02316952496767044,0,0.00424680020660162,0,0.0030208297539502382,0,0.017844228073954582,0,0.031418196856975555
nomad,0x430056979cc900f4223eb02172d185dfc101ddc69af77c10f3aa550fd8b8195e,1,0,0.052128441631793976,0,0.005347308237105608,0,0.009588164277374744,0,0.07397729903459549,0,0.049919553101062775
nomad,0x811a54270e38154c30e65bdb8ee484883f5a9659dd16f1a335f9ff8f7eee342f,1,0,0.052128441631793976,0,0.005347308237105608,0,0.009588164277374744,0,0.07397729903459549,0,0.049919553101062775
nomad,0xc4938e6f6368061194d076d44f73a8cae3a318b1ee7cf8b026abe10b7c206c2a,1,0,0.03929232433438301,0,0.005828040651977062,0,0.0021857325918972492,0,0.030414968729019165,0,0.012816309928894043
nomad,0x56b4551dd7e8f475a2c70c7a7e53a5e9a1d5e09f33dac0d89b7816748a8caaf6,1,0,0.05212685465812683,0,0.005348467733711004,0,0.009585483931005001,0,0.07398046553134918,0,0.04991423711180687
nomad,0x08f3202a22c92eda02e2068f854897bc335976797515c56a11fc8a1f25f035a4,1,0,0.03929450735449791,0,0.005827371962368488,0,0.002185775898396969,0,0.030408702790737152,0,0.012815377674996853
nomad,0x696f33c5a1597d2c8529f5b45d49097a825a11f0a8b7226602f0a29b2384352a,1,0,0.05212869122624397,0,0.005347080063074827,0,0.00958861131221056,0,0.07397671788930893,0,0.04992051422595978
nomad,0xf76e2dbdf258727b07d74eb329fa2cb001e4b3b4313df030c6191cffe811a749,1,0,0.05212869122624397,0,0.005347080063074827,0,0.00958861131221056,0,0.07397671788930893,0,0.04992051422595978
nomad,0x8807ec516e40c46b1de7b10a6387036ae80fdd63f41ae18181d5166fd96d76ac,1,0,0.023285185918211937,0,0.003510639537125826,0,0.0025676172226667404,0,0.019088007509708405,0,0.030739763751626015
nomad,0xe429faca7e0571d1931988e9ad42019502b1306dc3d700eea0ac0d1d32fba7a9,1,0,0.037906464189291,0,0.0067819333635270596,0,0.002741865813732147,0,0.03227315843105316,0,0.013024821877479553
nomad,0xc2e6d1681111f72eae7b52fad1ceb86efe58a554020cd6d60b74742cd755fa03,1,1,2.745492935180664,0,0.3584691286087036,1,9.859954833984375,1,1.3569344282150269,0,1.528707504272461
nomad,0x54d9b3faa3031442337f6abfd0ff3b7bb83329f21e2d0896f1f146456697aa9d,1,1,2.7454898357391357,0,0.3584689497947693,1,9.859954833984375,1,1.3569341897964478,0,1.5287072658538818
nomad,0x1e215551c3107f3eef143b2db15e3f00ec187f067b5aba01741f915be94d0357,1,0,0.05175916850566864,0,0.005201500840485096,0,0.009942703880369663,0,0.07342326641082764,0,0.049975164234638214
nomad,0x9605ad11e302e2c0916599917f6841e8c64f713dc5ee1df592f9b84c89e2827b,1,0,0.05175916850566864,0,0.005201500840485096,0,0.009942703880369663,0,0.07342326641082764,0,0.049975164234638214
nomad,0x65bb46dbf535b8779dd28fb5045aad736b8c456be2ed8275129622758554ee0e,1,0,0.05175916850566864,0,0.005201500840485096,0,0.009942703880369663,0,0.07342326641082764,0,0.049975164234638214
nomad,0x40240be1bf54ae0145249b7c590569f0d1ec18a557060529ab7e358dbad03dd1,1,0,0.023164808750152588,0,0.004258105531334877,0,0.0029310325626283884,0,0.017902709543704987,0,0.031421348452568054
nomad,0xfd8e6bad22affe5461ac78f316be782ad28bb975ff6f0942bbb983bb4a5f2a0b,1,0,0.03772571310400963,0,0.0064366585575044155,0,0.002592360135167837,0,0.03173676133155823,0,0.012984922155737877
nomad,0x2d533df5b482ca08889331f6ab7f641af4d81ccfe622afe646bded6f39daa464,1,0,0.05175916850566864,0,0.005201500840485096,0,0.009942703880369663,0,0.07342326641082764,0,0.049975164234638214
nomad,0x63f216906ff7c0acc97f98ee4f649ddb267ed03be421119db106e11e1475c6e6,1,0,0.03772573173046112,0,0.006436381954699755,0,0.0025924912188202143,0,0.031733300536870956,0,0.012984481640160084
nomad,0x0a0d251178557f2c04fa9607e5ef65113dd651168bc5096629e3cc11eb9f05ee,1,0,0.05175916850566864,0,0.005201500840485096,0,0.009942703880369663,0,0.07342326641082764,0,0.049975164234638214
nomad,0x84566b22a1389888f287be27b7cc073e25e9087133d29e1752e3d0ab16ce03ec,1,0,0.05175916850566864,0,0.005201500840485096,0,0.009942703880369663,0,0.07342326641082764,0,0.049975164234638214
nomad,0x846ec2dc63cf697ebec65ba035e8e18370ed786ebff3f2d1f5c04ad9ac9a6d61,1,0,0.05175916850566864,0,0.005201500840485096,0,0.009942703880369663,0,0.07342326641082764,0,0.049975164234638214
nomad,0x703d09d6ea6e5e1eb0c74a093be82d043727765008076b75e816b851f28c2dd7,1,0,0.03790612518787384,0,0.006782154086977243,0,0.0027416804805397987,0,0.032275229692459106,0,0.013025130145251751
nomad,0x867b8e81060bf9b06655c9bb020880797fd2588ef6476c45aff3c9bac24da29a,1,0,0.037725433707237244,0,0.006436577532440424,0,0.0025923990178853273,0,0.031735192984342575,0,0.012984730303287506
nomad,0x7b901108136067d142c6d4431f992c57fd51341eaac58fdf90de9400de573843,1,0,0.05175848305225372,0,0.0052019935101270676,0,0.009941529482603073,0,0.0734250396490097,0,0.04997335001826286
nomad,0x358ea0b0519320055aed5773feec8d1869a641cb2d335936abcad68faef54db1,1,0,0.05175848305225372,0,0.0052019935101270676,0,0.009941529482603073,0,0.0734250396490097,0,0.04997335001826286
nomad,0xdc5a2b67bfc4220185c06d6d3d32f5dfe88326ad004d864aa86e56912ea4c571,1,0,0.02316470257937908,0,0.0042580291628837585,0,0.0029311482794582844,0,0.017903082072734833,0,0.031420353800058365
nomad,0xae8df3202fd2174e11752ec18417aafd2990364263d5b8328b6bfcf627a0c94a,1,0,0.023164799436926842,0,0.004258209839463234,0,0.002931152703240514,0,0.01790175959467888,0,0.03142211586236954
nomad,0xac77367e3772bfa769e8e1a54cd5062545cb2cb28ec591246893082d79e16ba1,1,0,0.38755589723587036,0,0.06747721880674362,0,2.294560194015503,0,0.7135989665985107,1,7.741313934326172
nomad,0xfd1df1ec1d959e3b303796e9360e817dd87f4bec4e530668ca02086847749f8e,1,0,0.05175848305225372,0,0.0052019935101270676,0,0.009941529482603073,0,0.0734250396490097,0,0.04997335001826286
nomad,0x6bef2d716307c550223f1ba99228ce43ce991aafda0089892f2e4dc8a947953c,1,0,0.38755589723587036,0,0.06747721880674362,0,2.294560194015503,0,0.7135989665985107,1,7.741313934326172
nomad,0x04318f01698bd6875a0b1707b2109d3f414e007c3535562bc90bcce79c6fa63e,1,0,0.05175916850566864,0,0.005201500840485096,0,0.009942703880369663,0,0.07342326641082764,0,0.049975164234638214
nomad,0x5bc5b943cfc0688cb1686cac7ed279fd0a8e0741acb3c88b2ca781304359c20c,1,0,0.05175848305225372,0,0.0052019935101270676,0,0.009941529482603073,0,0.0734250396490097,0,0.04997335001826286
nomad,0xcc89082f5bd9e82a32ff215c8bea5a4b8fb657b5c2442e700e31736a45a89c9f,1,0,0.05175848305225372,0,0.0052019935101270676,0,0.009941529482603073,0,0.0734250396490097,0,0.04997335001826286
nomad,0x2d304c112e1ef9dc709cafc7948904282cbbb35348425bfc31a122d9caf90fc3,1,0,0.05175916850566864,0,0.005201500840485096,0,0.009942703880369663,0,0.07342326641082764,0,0.049975164234638214
nomad,0x9bab3beb8f9c9cd2318462c5abec17cb63fa24182a110d2c33f3a28a23a9990a,1,0,0.0379064567387104,0,0.006781923584640026,0,0.0027418702375143766,0,0.032273147255182266,0,0.013024821877479553
nomad,0x8b9c96bba9ef04571432e3acb2cdeee3c77176fb0769205a6a43de270cb7744c,1,0,0.03772572800517082,0,0.006436385214328766,0,0.0025924905203282833,0,0.03173329681158066,0,0.012984482571482658
nomad,0x1e8c51997083d93ef53bfeb844eb6baef7ffe297275f5fa61496c931a39e2cfe,1,0,0.05175916850566864,0,0.005201500840485096,0,0.009942703880369663,0,0.07342326641082764,0,0.049975164234638214
nomad,0x409ec37dca7f9780304e10e5cea7c137b9e1a76908e06b8eca34bcc95ac03c8b,1,0,0.3870394229888916,0,0.06747665256261826,0,2.294358491897583,0,0.7136046886444092,1,7.7410569190979
nomad,0x5584ec473d8d69b9d3035ccfd2c3bb598a40e3e430a197d3afa40c9fccba3ca2,1,0,0.3870394229888916,0,0.06747665256261826,0,2.294358491897583,0,0.7136046886444092,1,7.7410569190979
nomad,0xda0e1943f7e7dce705fa53c4852dcaafae19cfded6cbd7cc6f6b7e6301a4f1b2,1,0,0.05175916850566864,0,0.005201500840485096,0,0.009942703880369663,0,0.07342326641082764,0,0.049975164234638214
nomad,0x7266d959977ee1dc7dcb291de9f47b61cd7bbefc40a6cabe037b8447b0e1ee38,1,0,0.05175916850566864,0,0.005201500840485096,0,0.009942703880369663,0,0.07342326641082764,0,0.049975164234638214
nomad,0xa5a1190443c18527512fbc824f94d7a955160fa4dbe7445ba6e734521998fbcb,1,0,0.05175848305225372,0,0.0052019935101270676,0,0.009941529482603073,0,0.0734250396490097,0,0.04997335001826286
nomad,0x9d938be810998e5ab88bf59d165cb89b4b2257871d61555c3e949de0118cb424,1,0,0.05175916850566864,0,0.005201500840485096,0,0.009942703880369663,0,0.07342326641082764,0,0.049975164234638214
nomad,0xa5f208ddc46df958514c3fe9c82dfe616af2c87ddce86a10b23cd1cd94ceddd4,1,0,0.3870394229888916,0,0.06747665256261826,0,2.294358491897583,0,0.7136046886444092,1,7.7410569190979
nomad,0x3c924c25751355aa11edfb4fcd388bfec7130f22d24dd3a9e22adf91a747cbcd,1,0,0.023164696991443634,0,0.004258227068930864,0,0.002931394148617983,0,0.017901159822940826,0,0.03142194077372551
nomad,0x012babf0b93ec48bf046b138ade1ab788df65a7fae72163d41e1fb539021f868,1,0,0.3870394229888916,0,0.06747665256261826,0,2.294358491897583,0,0.7136046886444092,1,7.7410569190979
nomad,0xd5990a4d1195de927a61c4259d295a6b4ab3719d72f681055d601d26d1cbfca8,1,0,0.05175916850566864,0,0.005201500840485096,0,0.009942703880369663,0,0.07342326641082764,0,0.049975164234638214
nomad,0xdfd0a844e6eee910bb108a6ba42403596605667c72146065b2bba6292cae1081,1,0,0.05175848305225372,0,0.0052019935101270676,0,0.009941529482603073,0,0.0734250396490097,0,0.04997335001826286
nomad,0x9f0f033fd60fde031a59371e7760067c92efb359cbfef6403e3f57eabfa39372,1,0,0.05175848305225372,0,0.0052019935101270676,0,0.009941529482603073,0,0.0734250396490097,0,0.04997335001826286
nomad,0x6836d2edb180c240d0623c57ca784ab0c0171fb132c0f92803ff676c91b69711,1,0,0.3870394229888916,0,0.06747665256261826,0,2.294358491897583,0,0.7136046886444092,1,7.7410569190979
nomad,0x2be79663b7c20067a7173c2f6327eb9d263cc0e955b4d38cbcabf5389117d26f,1,0,0.051086340099573135,0,0.005339431576430798,0,0.009566186927258968,0,0.07299967855215073,0,0.05032132938504219
nomad,0xa964235f9a86094448a12b55752d69a4758b6b1b5e95c18ec541c651dc055c4a,1,0,0.4024479389190674,0,0.06873500347137451,0,2.278315782546997,0,0.6921498775482178,0,7.586910247802734
nomad,0xa002f38643000af5b366b4f3e76c64f9cd7b6ce31ab6f5989fead558775dfb40,1,0,0.05108651518821716,0,0.00533926859498024,0,0.009566621854901314,0,0.07299882173538208,0,0.05032213404774666
nomad,0x94be909f16eda422014ee75ab594e86400ef1a87a8af9570911035e49bdf1b18,1,0,0.050406619906425476,0,0.00473098224028945,0,0.00894790980964899,0,0.07195422053337097,0,0.05042491853237152
nomad,0x04cb086c949b9bcd3b39b0f81a6f3451553b36c62d82e15e5f3df3e32ede7a07,1,0,0.051086701452732086,0,0.005339048337191343,0,0.009567010216414928,0,0.07299817353487015,0,0.050322819501161575
nomad,0x78dab9f4e5f1938be0201f29b6932cd86b98a26d3a1c522d17008cce1a56098e,1,0,0.052145931869745255,0,0.0053346422500908375,0,0.009617439471185207,0,0.07394310086965561,0,0.04997875168919563
nomad,0xdf36b0920473b8c40412072d02f12d94e90136e4f05ffc212e097520e28e5bbb,1,0,0.05213660001754761,0,0.005341304466128349,0,0.00960193108767271,0,0.07396101951599121,0,0.04994705319404602
nomad,0x8fe5138245590fbb2ccffdc04d875b5440235f8c7290daa92b795e2d086809c2,1,0,0.05137263238430023,0,0.004834293387830257,0,0.00917079858481884,0,0.07276574522256851,0,0.05052223801612854
nomad,0xed5cdb96e9971bb45640b5edb56ac8ffc478b596ab7a9820f5096f5e4e83d6d6,1,1,2.7462031841278076,0,0.35849907994270325,1,9.859671592712402,1,1.357384443283081,0,1.528843641281128
nomad,0x8472b4e0fda16b83ea19b01e4a8239850400ec60d40f5b9a29b0b0f93d07e49b,1,1,2.746199369430542,0,0.35849931836128235,1,9.859673500061035,1,1.3573813438415527,0,1.5288422107696533
nomad,0x46d66b217d0710676cfd076bb2e81b9c209ea43cdacd79472234480819ec1bef,1,0,0.05175848305225372,0,0.0052019935101270676,0,0.009941529482603073,0,0.0734250396490097,0,0.04997335001826286
nomad,0x32baccf8eedb3f4ccca10daa2510eec9a149c5498611a4b013776dbb7565c7a0,1,0,0.3870394229888916,0,0.06747665256261826,0,2.294358491897583,0,0.7136046886444092,1,7.7410569190979
nomad,0x779e7407ac6658bade8683189a2f7247e5d231e0645c6c7558432a0f15d5cfe0,1,0,0.05175848305225372,0,0.0052019935101270676,0,0.009941529482603073,0,0.0734250396490097,0,0.04997335001826286
nomad,0x8d19b6acb5595806f599442fd87776529d1df99eec59cc781fc9eef72ef4dbf5,1,0,0.05175848305225372,0,0.0052019935101270676,0,0.009941529482603073,0,0.0734250396490097,0,0.04997335001826286
nomad,0xdcb81fd2935e2cfa576bf9a6be42e1c490777e6cb7c625714953563abc95b452,1,0,0.03772570937871933,0,0.00643665436655283,0,0.0025923619978129864,0,0.03173675015568733,0,0.012984924018383026
nomad,0x568ab1cff56a1d57a420cf37325ea0888de9234fc4d7ee9591af55340a1a5411,1,0,0.05175916850566864,0,0.005201500840485096,0,0.009942703880369663,0,0.07342326641082764,0,0.049975164234638214
nomad,0x72ca82000db06e3c8f3672b6d53d375df2f0e7245948ff2ead061d2a23b39a06,1,1,2.745492458343506,0,0.3584689199924469,1,9.859952926635742,1,1.3569339513778687,0,1.5287081003189087
nomad,0x01527e265e87f823bd82b68f3c0b12207f634a7fca10a745f67106b7e196df11,1,0,0.05175916850566864,0,0.005201500840485096,0,0.009942703880369663,0,0.07342326641082764,0,0.049975164234638214
nomad,0xc4cfdf1c839b6fada23d3c8ce2ece579ffd7fc1d910b72f049a6be39d2a256f7,1,0,0.05175916850566864,0,0.005201500840485096,0,0.009942703880369663,0,0.07342326641082764,0,0.049975164234638214
nomad,0x8f2d4ee2f31ad8faac113b9fbba6556098cbb93695169944cd1da38f8d3e7dc3,1,0,0.3870394229888916,0,0.06747665256261826,0,2.294358491897583,0,0.7136046886444092,1,7.7410569190979
nomad,0x59f84b94953e0f79177e9c66116a89a5e89066037ebe9195a7264f11be924be7,1,0,0.03774850070476532,0,0.006388647016137838,0,0.002563243266195059,0,0.031622253358364105,0,0.012982013635337353
nomad,0x0d0fb915d7d0e4878574e3128bdbaabbf0d47e47f499fb482fbac3c51a112476,1,0,0.0379064679145813,0,0.006781929638236761,0,0.0027418688405305147,0,0.03227313607931137,0,0.013024820014834404
nomad,0x0dd9ce4b22b84bf183e183c58af7ee212daca654753585effb1dc3543e46d3ab,1,0,0.05175916850566864,0,0.005201500840485096,0,0.009942703880369663,0,0.07342326641082764,0,0.049975164234638214
nomad,0x221781c6011bbf3122d45ee133cf6b47d72557b8ce32e11639d913f4778ec379,1,0,0.05175916850566864,0,0.005201500840485096,0,0.009942703880369663,0,0.07342326641082764,0,0.049975164234638214
nomad,0x4cc07aa123626e806531060660c607bc3656b6c8a597fb9a5d83d0aff8f21e54,1,0,0.05175848305225372,0,0.0052019935101270676,0,0.009941529482603073,0,0.0734250396490097,0,0.04997335001826286
nomad,0x5c43d21735d45962bc2e855b3a9187b97d2b102d4adfbe5b7003cfeb49a2a349,1,0,0.3870394229888916,0,0.06747665256261826,0,2.294358491897583,0,0.7136046886444092,1,7.7410569190979
nomad,0xdf6bef0d8dee8b44863ac61092a711b877dcfe3d61da93d7289e0c6285af1b45,1,0,0.03772570937871933,0,0.0064366646111011505,0,0.0025923645589500666,0,0.03173675388097763,0,0.012984922155737877
nomad,0x13eef53f72c9924755a0842edf50a0787bef5e9f1dfd0220c31a24d626141cdb,1,0,0.05175916850566864,0,0.005201500840485096,0,0.009942703880369663,0,0.07342326641082764,0,0.049975164234638214
nomad,0xba222b15d656da08d763524925423a1dee4424027caab452f636fd28156a826d,1,0,0.05175916850566864,0,0.005201500840485096,0,0.009942703880369663,0,0.07342326641082764,0,0.049975164234638214
nomad,0xf5c83c74b438e0a5c8760ec9ea547c25077a348079fa8dbb5969cf0ea5ce6582,1,0,0.05175848305225372,0,0.0052019935101270676,0,0.009941529482603073,0,0.0734250396490097,0,0.04997335001826286
nomad,0x18bf5df035360b754296f36528b24f8873c8a2155c84eb5bd0cc6cd3acee5512,1,0,0.05175916850566864,0,0.005201500840485096,0,0.009942703880369663,0,0.07342326641082764,0,0.049975164234638214
nomad,0x0abb295de6d65b69b1a56da9327536b467a0df0f37c68af902fb7c2af419cd60,1,0,0.02316480129957199,0,0.004258223343640566,0,0.002931176219135523,0,0.017901603132486343,0,0.03142227604985237
nomad,0x94359bd3f0fc4cd53b96054a23b05f531e127fa6cca644dfc870851af5e0e3dc,1,0,0.023164797574281693,0,0.004258293192833662,0,0.0029312525875866413,0,0.017901059240102768,0,0.031422752887010574
nomad,0x22e8a8767bdd73c29c8d91a7a11f8b23060da895fe3dbf4e56760c0903551df3,1,1,2.745492935180664,0,0.35846903920173645,1,9.859952926635742,1,1.356934666633606,0,1.528707504272461
nomad,0x2c9f65f8375d76fc8477f192df4f4e39cf5ac3e9219467d7294b31dcedf8f431,1,0,0.05175916850566864,0,0.005201500840485096,0,0.009942703880369663,0,0.07342326641082764,0,0.049975164234638214
nomad,0x21e0f925bab624a93623285609f67c9a42090baa8442d4309640d73be8735d08,1,0,0.05175916850566864,0,0.005201500840485096,0,0.009942703880369663,0,0.07342326641082764,0,0.049975164234638214
nomad,0x5062970c064c3ebcf0d7d44e5dfa758efe69b8322770395412d8c538e1232984,1,0,0.3870394229888916,0,0.06747665256261826,0,2.294358491897583,0,0.7136046886444092,1,7.7410569190979
nomad,0xf0333af2222f0775871b39a3c0dcef30f0e0f63f0ee8afd30fd5af9e2e9d1d98,1,0,0.05175916850566864,0,0.005201500840485096,0,0.009942703880369663,0,0.07342326641082764,0,0.049975164234638214
nomad,0x7a8048ad1ccb72ac9af26e952680b0cb8ad7c5fd830151535a0f9a01920681eb,1,0,0.05175916850566864,0,0.005201500840485096,0,0.009942703880369663,0,0.07342326641082764,0,0.049975164234638214
nomad,0xac16de557aa2638a88ee8136d917860191128e42971bbf6b141502cc61c644e1,1,0,0.02316480129957199,0,0.004258128348737955,0,0.0029310507234185934,0,0.017902536317706108,0,0.03142149746417999
nomad,0x3d7aac4388d0374c2ab46f23da61caa289761b0d976b27ea27d1390d78994823,1,0,0.3870394229888916,0,0.06747665256261826,0,2.294358491897583,0,0.7136046886444092,1,7.7410569190979
nomad,0x28fe37526aeb2ba27348ffaa7e16227991b20b139ffb86f963e5d1f9cffddb45,1,0,0.05175848305225372,0,0.0052019935101270676,0,0.009941529482603073,0,0.0734250396490097,0,0.04997335001826286
nomad,0xe1cceee349a5315617a71615d467939800731bf92f4cbe55760511068a309aae,1,1,2.7454922199249268,0,0.3584693372249603,1,9.859952926635742,1,1.3569344282150269,0,1.5287079811096191
nomad,0xc767ee4209276d8c77b97e924f6cfa79030f9258b414af68f31367adde7f2f6a,1,0,0.05175916850566864,0,0.005201500840485096,0,0.009942703880369663,0,0.07342326641082764,0,0.049975164234638214
nomad,0xf78443c5e1f0ffe08761c831b30aeee2160d11401dbd8c024c3a76d367a558a4,1,0,0.02316480129957199,0,0.004258253145962954,0,0.002931214403361082,0,0.01790136657655239,0,0.03142251819372177
nomad,0x22336a9c76a28b24bb9c74c3b238655d836d501b38ea129ce0515af3f4bbb117,1,0,0.02339342050254345,0,0.017650369554758072,0,0.004382705315947533,0,0.017886020243167877,0,0.03074406087398529
nomad,0x0c1cdba855f8d3ed572ee23332b971bd1084ac8132e1f0e266edaf0f281b36d0,1,0,1.0287535190582275,0,0.9159760475158691,0,0.5947477221488953,0,0.5148857831954956,0,1.2250901460647583
nomad,0x010a7443b29f9a619906ea99e577a45652d15c9f5970d2b884792bfb612668b7,1,0,0.03940371423959732,0,0.006523799151182175,0,0.0026863845996558666,0,0.031675681471824646,0,0.013064179569482803
nomad,0x96a2cfadb19cac9ba2a21c1f32b6f21b6132afe1b4f4698dee563ca01ec20e01,1,0,0.03940371423959732,0,0.006523799151182175,0,0.0026863845996558666,0,0.031675681471824646,0,0.013064179569482803
nomad,0x75c09263eda1a2d4a0ffb99d6833f49015c35833b6bcb4d112efe2e286355b34,1,0,0.03940371423959732,0,0.006523799151182175,0,0.0026863845996558666,0,0.031675681471824646,0,0.013064179569482803
nomad,0x045a2fb829876a39315007fc1c50b284500d077fec3541b6fd20de9dcc27284d,1,0,0.03940371423959732,0,0.006523799151182175,0,0.0026863845996558666,0,0.031675681471824646,0,0.013064179569482803
nomad,0xa10ecd2689857046f4adc7c61fc62ed691a0d16cfc03d76cc5bdca2315f7cc6e,1,0,0.03940371423959732,0,0.006523799151182175,0,0.0026863845996558666,0,0.031675681471824646,0,0.013064179569482803
nomad,0x5ae6b010ff183ae826fc59d1d6e6cfdc0dda52448615c7f59f0a52908bc6da31,1,0,0.03940371423959732,0,0.006523799151182175,0,0.0026863845996558666,0,0.031675681471824646,0,0.013064179569482803
nomad,0x1c812bb296abfa7e348acc842dd393227a6ac5881416e2dc7d967bab60534636,1,0,0.03940371423959732,0,0.006523799151182175,0,0.0026863845996558666,0,0.031675681471824646,0,0.013064179569482803
nomad,0x1f5990ad8f4c9ded52c1df839d7ed3be8b6a01bbcaa35722863b0ff0a30227fb,1,0,0.03940371423959732,0,0.006523799151182175,0,0.0026863845996558666,0,0.031675681471824646,0,0.013064179569482803
nomad,0x22d7c475cbac0ac92fe7dd2c9d8160e6ec57df83814f1488521795ba745b3a6b,1,0,0.03940371423959732,0,0.006523799151182175,0,0.0026863845996558666,0,0.031675681471824646,0,0.013064179569482803
nomad,0x045dfe73dde8aa306d664568593d75552162d6aea42af49251cedf1781387131,1,0,0.03940371423959732,0,0.006523799151182175,0,0.0026863845996558666,0,0.031675681471824646,0,0.013064179569482803
nomad,0xc25c14273203425510bde121c97ae6ad375abe2115136e7e297e7f8255c366bd,1,0,0.03940371423959732,0,0.006523799151182175,0,0.0026863845996558666,0,0.031675681471824646,0,0.013064179569482803
nomad,0xccf4e1032e7d50ec5a749e21edb897a7c8fa097ff85d10a6b539044c477d8104,1,1,2.745490074157715,0,0.35846900939941406,1,9.859954833984375,1,1.356933832168579,0,1.528707504272461
nomad,0xaf4c4c389d9d7ff434115aedd7a5715b650ff1c8664a5610dc3228a05abc5342,1,0,0.0379064679145813,0,0.006781928241252899,0,0.0027418683748692274,0,0.03227314352989197,0,0.013024822808802128
nomad,0x6be7a640ea9c9d2080027ef3ab2aaab008e7366757765ca52ef520245c84aba2,1,0,0.0379064604640007,0,0.0067819347605109215,0,0.002741866745054722,0,0.032273128628730774,0,0.01302481908351183
nomad,0xa7adfcc5101ede08ebfa4920180f52f717e737c2715c681b443f383a45c3837f,1,0,0.0469323955476284,0,0.1270153522491455,0,0.0018967579817399383,0,0.025769924744963646,0,2.501659870147705
nomad,0xcd6d4e545639da7c14ba11705721e9cd83bb741f3d0554145a6cf392f992496e,1,0,0.03940371423959732,0,0.006523799151182175,0,0.0026863845996558666,0,0.031675681471824646,0,0.013064179569482803
nomad,0x33350f7288b6a210e7becc460ddd15943134baccc56c7de03bd060fd1c9cd723,1,0,0.03940371423959732,0,0.006523799151182175,0,0.0026863845996558666,0,0.031675681471824646,0,0.013064179569482803
nomad,0xa2f6fcbe4d639efb7d3a478b1d0788484df56509c97bbdc32cdfec17755dcc44,1,0,0.03940371423959732,0,0.006523799151182175,0,0.0026863845996558666,0,0.031675681471824646,0,0.013064179569482803
nomad,0xc79ec5e8ad9e1a27956731833feefa2d5915e63a7105cacdc0530ff7dafbbec2,1,0,0.03940371423959732,0,0.006523799616843462,0,0.0026863873936235905,0,0.031675681471824646,0,0.013064171187579632
nomad,0xa2ec4c335320f96895cdd9be78f78dd78c11340f7cb54d18f5cf126a31d2196a,1,0,0.03940371423959732,0,0.006523799151182175,0,0.0026863845996558666,0,0.031675681471824646,0,0.013064179569482803
nomad,0x67eadc7efea9ea1f5271e9f02d7cc18440d3354b6a32d4f4fbd49ef46615a10f,1,0,0.03940371423959732,0,0.006523799151182175,0,0.0026863845996558666,0,0.031675681471824646,0,0.013064179569482803
nomad,0xd66ddb38f38eb15645c4c894ede62f57936e358cb369dfcd9bae9aca9255af04,1,0,0.03940371423959732,0,0.006523799151182175,0,0.0026863845996558666,0,0.031675681471824646,0,0.013064179569482803
nomad,0x792f51176d6e302ad4c65ac6091663007b864a2c149edc74cd61ee6d7a33e5fa,1,0,0.03940371423959732,0,0.006523799151182175,0,0.0026863845996558666,0,0.031675681471824646,0,0.013064179569482803
nomad,0xd00a7918d296a8bda17370a3306a950c99942f9f991d933321844fda5b2b24e0,1,0,0.03940371423959732,0,0.006523799616843462,0,0.0026863873936235905,0,0.031675681471824646,0,0.013064171187579632
nomad,0xbdcdf504de7cdf9bebb4f597da400bff25c9fb1b8aa277b7c7789049a4ab95e8,1,0,0.03940371423959732,0,0.006523799151182175,0,0.0026863845996558666,0,0.031675681471824646,0,0.013064179569482803
nomad,0xed53c70d1338099fd4089f7eae9d20d699e54ee64ce206b52bca0b6247cb12d8,1,0,0.0484844446182251,0,0.014479998499155045,0,0.0014363288646563888,0,0.010500903241336346,0,0.02292879857122898
nomad,0x755d937557e026f2dd348495ee94f8b0a324f8d7a67981b6b6374c4716e5be71,1,0,0.023171845823526382,0,0.0043466235511004925,0,0.0030232153367251158,0,0.017750484868884087,0,0.03134918957948685
nomad,0x724b38c1dca3e6150b71391117b2c0bf1ae1abf18ccbd2ebf03825d0a746046c,1,0,0.3672187328338623,0,0.06956559419631958,0,2.250500440597534,0,0.6954855918884277,1,7.68801212310791
nomad,0xc275ab005910e6fb4406cbc823dcbd18900a2d978d078eab6f691750514aeb65,1,0,0.023150136694312096,0,0.004256440792232752,0,0.002975522307679057,0,0.017838677391409874,0,0.03145768120884895
nomad,0x7e10d1536e4d5f3bf488dfb8c6e15de21ed39cae09619067ee47f35a4dacdb02,1,0,0.023150136694312096,0,0.004256328102201223,0,0.002975382376462221,0,0.01783972606062889,0,0.03145679831504822
nomad,0x1344d628d963ba34e8df821f416f2d472208d5c545cff3f7cffed259a74dede1,1,0,0.023378746584057808,0,0.0176666509360075,0,0.004442810080945492,0,0.01782354526221752,0,0.03077821061015129
nomad,0x8c65b2b25be2c929d86f1fb556aa0b981bd54c2ad54d8de63d3876c4c833293e,1,0,1.0414519309997559,0,0.9061579704284668,0,0.5965358018875122,0,0.5262723565101624,0,0.7907803058624268
nomad,0xfe330dcc25110e3999c9813ea9933a216e64f6d5d1579be103122a53b1d2407a,1,0,0.0342429056763649,0,0.007237823214381933,0,0.001752481679432094,0,0.013554107397794724,0,0.019413191825151443
nomad,0xb500b832890db4393604f6b5d8c0d076c8bf2b85755e36635ced2d0da22462e7,1,0,0.3673444390296936,0,0.06956655532121658,0,2.250546455383301,0,0.6954835653305054,1,7.688070297241211
nomad,0x1cc8c7579dda72f887f294ff8a5d42b9d88ef7333a4203d52c05d582e4918e77,1,0,0.05022992938756943,0,0.004720242228358984,0,0.009288928471505642,0,0.07192638516426086,0,0.05069350451231003
nomad,0x657a28015280bb0d92ef17c0e6e6b3542fbd1481a994eece2696bbf581de1c66,1,0,0.05213959887623787,0,0.00533910421654582,0,0.00960696954280138,0,0.07395508885383606,0,0.049957457929849625
nomad,0x6514a52a52978e482b7115850ede39656fb1175a38f8317bf55ef9c98ce2712b,1,0,0.05175960063934326,0,0.005201235879212618,0,0.009943392127752304,0,0.07342221587896347,0,0.04997621476650238
nomad,0x383e7e2b15a47bf1206fe21dbb8f71a2ec04bc430cd7d8656444754f96ed9ae9,1,1,2.7327399253845215,0,0.3495404124259949,1,9.602986335754395,1,1.4280647039413452,0,1.4958906173706055
nomad,0xd973ab610863c0ed4cf4a4f1b6b14bed84e69a24ab818542a43493e6793c6a30,1,0,0.05096621438860893,0,0.005191686563193798,0,0.009654917754232883,0,0.07301610708236694,0,0.0509217344224453
nomad,0xba7aaaeff6bd578ed12eee821c01cb350f1b989ac4c8c3aaccf5ba8c7e8ea993,1,0,0.050965942442417145,0,0.0051920791156589985,0,0.009654196910560131,0,0.07301744073629379,0,0.05091959610581398
nomad,0xc2af8ac586489d4c555a273d965aa233ee03dcce31e1028b067497a753f33903,1,0,0.05041683837771416,0,0.004724559374153614,0,0.008957644924521446,0,0.07191889733076096,0,0.050451602786779404
nomad,0xa27880cfc47b8bce27fa5a431843cc90e57a7d2dfc4c3daf2e97fc9bde2c38a6,1,0,0.05096074193716049,0,0.005199934355914593,0,0.009639522060751915,0,0.07304394245147705,0,0.050876468420028687
ronin1,0xc28fad5e8d5e0ce6a2eaf67b6687be5d58113e16be590824d6cfa1a94467d0b7,1,0,0.04334059730172157,0,0.002612041775137186,0,0.003613089444115758,0,0.04191236570477486,0,0.12529172003269196
